product,category,stratum,seed,backend,relight_mode,relight_strength,ablation,format,provider,extraction_method,extraction_quality,boundary_contrast,ssim,psnr_db,lpips,edge_retention,hist_correlation,lighting_coherence,palette_consistency
sunglasses_black,eyewear,white,42,procedural,none,0.0,full,square,procedural,rembg,1.0,104.12,0.9958,39.99,0.0078,0.9892,0.9999,0.971,0.854
sunglasses_black,eyewear,white,42,procedural,none,0.0,full,story,procedural,rembg,1.0,104.12,0.9958,39.95,0.0078,0.9899,0.9999,0.903,0.857
sunglasses_black,eyewear,white,42,procedural,none,0.0,full,banner,procedural,rembg,1.0,104.12,0.9932,37.35,0.0122,0.9532,0.9999,0.9815,0.8496
sunglasses_black,eyewear,white,42,procedural,graded,0.25,full,square,procedural,rembg,1.0,104.12,0.9943,38.7,0.0091,0.9893,0.9677,0.9697,0.8545
sunglasses_black,eyewear,white,42,procedural,graded,0.25,full,story,procedural,rembg,1.0,104.12,0.9943,38.68,0.0091,0.9903,0.9677,0.8996,0.8571
sunglasses_black,eyewear,white,42,procedural,graded,0.25,full,banner,procedural,rembg,1.0,104.12,0.9915,36.45,0.0136,0.9525,0.9674,0.9813,0.8498
sunglasses_black,eyewear,white,42,procedural,graded,0.5,full,square,procedural,rembg,1.0,104.12,0.9931,37.67,0.0101,0.9886,0.9493,0.9679,0.8547
sunglasses_black,eyewear,white,42,procedural,graded,0.5,full,story,procedural,rembg,1.0,104.12,0.9931,37.66,0.0101,0.9891,0.9493,0.896,0.8571
sunglasses_black,eyewear,white,42,procedural,graded,0.5,full,banner,procedural,rembg,1.0,104.12,0.9901,35.73,0.0145,0.9475,0.949,0.9809,0.8494
sunglasses_black,eyewear,white,42,procedural,graded,0.75,full,square,procedural,rembg,1.0,104.12,0.9913,36.47,0.0114,0.9872,0.9229,0.9668,0.8541
sunglasses_black,eyewear,white,42,procedural,graded,0.75,full,story,procedural,rembg,1.0,104.12,0.9914,36.46,0.0114,0.9879,0.923,0.8932,0.8569
sunglasses_black,eyewear,white,42,procedural,graded,0.75,full,banner,procedural,rembg,1.0,104.12,0.9881,34.85,0.0157,0.9425,0.9226,0.9807,0.8497
sunglasses_black,eyewear,white,42,procedural,graded,1.0,full,square,procedural,rembg,1.0,104.12,0.989,35.29,0.013,0.984,0.8594,0.9658,0.8544
sunglasses_black,eyewear,white,42,procedural,graded,1.0,full,story,procedural,rembg,1.0,104.12,0.989,35.29,0.013,0.9861,0.8594,0.8904,0.8569
sunglasses_black,eyewear,white,42,procedural,graded,1.0,full,banner,procedural,rembg,1.0,104.12,0.9855,33.95,0.0171,0.9394,0.8591,0.9805,0.8497
sunglasses_blue,eyewear,white,42,procedural,none,0.0,full,square,procedural,rembg,1.0,145.12,0.9909,35.8,0.0118,0.9182,0.9996,0.8591,0.9602
sunglasses_blue,eyewear,white,42,procedural,none,0.0,full,story,procedural,rembg,1.0,145.12,0.9912,36.17,0.0111,0.9212,0.9996,0.5423,0.952
sunglasses_blue,eyewear,white,42,procedural,none,0.0,full,banner,procedural,rembg,1.0,145.12,0.9926,37.83,0.0084,0.9276,0.9997,0.7545,0.9494
sunglasses_blue,eyewear,white,42,procedural,graded,0.25,full,square,procedural,rembg,1.0,145.12,0.9903,33.65,0.012,0.9163,0.8764,0.8778,0.958
sunglasses_blue,eyewear,white,42,procedural,graded,0.25,full,story,procedural,rembg,1.0,145.12,0.9907,33.85,0.0113,0.9183,0.8764,0.5873,0.9524
sunglasses_blue,eyewear,white,42,procedural,graded,0.25,full,banner,procedural,rembg,1.0,145.12,0.992,34.68,0.0087,0.9252,0.8765,0.7676,0.9486
sunglasses_blue,eyewear,white,42,procedural,graded,0.5,full,square,procedural,rembg,1.0,145.12,0.9891,30.5,0.0127,0.9143,0.814,0.8905,0.9556
sunglasses_blue,eyewear,white,42,procedural,graded,0.5,full,story,procedural,rembg,1.0,145.12,0.9895,30.59,0.012,0.9158,0.814,0.6147,0.9527
sunglasses_blue,eyewear,white,42,procedural,graded,0.5,full,banner,procedural,rembg,1.0,145.12,0.9909,30.94,0.0094,0.9218,0.8143,0.7777,0.9486
sunglasses_blue,eyewear,white,42,procedural,graded,0.75,full,square,procedural,rembg,1.0,145.12,0.9875,27.84,0.0139,0.9101,0.7033,0.8994,0.9522
sunglasses_blue,eyewear,white,42,procedural,graded,0.75,full,story,procedural,rembg,1.0,145.12,0.9879,27.89,0.0132,0.914,0.7034,0.635,0.9529
sunglasses_blue,eyewear,white,42,procedural,graded,0.75,full,banner,procedural,rembg,1.0,145.12,0.9892,28.07,0.0107,0.9203,0.7039,0.7844,0.949
sunglasses_blue,eyewear,white,42,procedural,graded,1.0,full,square,procedural,rembg,1.0,145.12,0.9852,25.71,0.0159,0.9086,0.5237,0.9047,0.9501
sunglasses_blue,eyewear,white,42,procedural,graded,1.0,full,story,procedural,rembg,1.0,145.12,0.9856,25.74,0.0152,0.9116,0.5237,0.6494,0.9529
sunglasses_blue,eyewear,white,42,procedural,graded,1.0,full,banner,procedural,rembg,1.0,145.12,0.9869,25.84,0.0129,0.9168,0.5242,0.7898,0.9493
headphones_black,electronics,white,42,procedural,none,0.0,full,square,procedural,rembg,1.0,116.89,0.9907,35.73,0.0374,0.9266,0.9966,0.0449,0.9104
headphones_black,electronics,white,42,procedural,none,0.0,full,story,procedural,rembg,1.0,116.89,0.991,36.12,0.0372,0.9312,0.9966,0.1253,0.9023
headphones_black,electronics,white,42,procedural,none,0.0,full,banner,procedural,rembg,1.0,116.89,0.9911,36.12,0.0365,0.9306,0.9968,0.1404,0.902
headphones_black,electronics,white,42,procedural,graded,0.25,full,square,procedural,rembg,1.0,116.89,0.988,34.83,0.038,0.9258,0.9955,0.0388,0.9097
headphones_black,electronics,white,42,procedural,graded,0.25,full,story,procedural,rembg,1.0,116.89,0.9884,35.21,0.0379,0.931,0.9958,0.1153,0.9007
headphones_black,electronics,white,42,procedural,graded,0.25,full,banner,procedural,rembg,1.0,116.89,0.9885,35.19,0.0371,0.9294,0.996,0.1297,0.9003
headphones_black,electronics,white,42,procedural,graded,0.5,full,square,procedural,rembg,1.0,116.89,0.9871,33.86,0.0393,0.9244,0.9947,0.0328,0.9093
headphones_black,electronics,white,42,procedural,graded,0.5,full,story,procedural,rembg,1.0,116.89,0.9875,34.19,0.0391,0.9296,0.9955,0.1054,0.8999
headphones_black,electronics,white,42,procedural,graded,0.5,full,banner,procedural,rembg,1.0,116.89,0.9877,34.18,0.0382,0.9278,0.9956,0.1195,0.8986
headphones_black,electronics,white,42,procedural,graded,0.75,full,square,procedural,rembg,1.0,116.89,0.986,32.81,0.0406,0.9233,0.9927,0.0276,0.9089
headphones_black,electronics,white,42,procedural,graded,0.75,full,story,procedural,rembg,1.0,116.89,0.9865,33.1,0.0403,0.9282,0.994,0.0963,0.8988
headphones_black,electronics,white,42,procedural,graded,0.75,full,banner,procedural,rembg,1.0,116.89,0.9866,33.08,0.0395,0.9268,0.9941,0.1099,0.8972
headphones_black,electronics,white,42,procedural,graded,1.0,full,square,procedural,rembg,1.0,116.89,0.9845,31.75,0.042,0.9218,0.9903,0.0229,0.9084
headphones_black,electronics,white,42,procedural,graded,1.0,full,story,procedural,rembg,1.0,116.89,0.9851,31.99,0.0416,0.9268,0.9917,0.088,0.8978
headphones_black,electronics,white,42,procedural,graded,1.0,full,banner,procedural,rembg,1.0,116.89,0.9852,31.98,0.0407,0.9256,0.992,0.1009,0.896
headphones_grey,electronics,white,42,procedural,none,0.0,full,square,procedural,rembg,1.0,86.7,0.9869,30.27,0.0271,0.9352,0.9951,0.9982,0.918
headphones_grey,electronics,white,42,procedural,none,0.0,full,story,procedural,rembg,1.0,86.7,0.987,30.28,0.0271,0.9352,0.9951,0.9959,0.9242
headphones_grey,electronics,white,42,procedural,none,0.0,full,banner,procedural,rembg,1.0,86.7,0.9869,30.23,0.0275,0.9335,0.995,0.7457,0.9174
headphones_grey,electronics,white,42,procedural,graded,0.25,full,square,procedural,rembg,1.0,86.7,0.9854,29.5,0.0285,0.9322,0.9912,0.9895,0.9188
headphones_grey,electronics,white,42,procedural,graded,0.25,full,story,procedural,rembg,1.0,86.7,0.9854,29.52,0.0286,0.9335,0.9913,1.0,0.9226
headphones_grey,electronics,white,42,procedural,graded,0.25,full,banner,procedural,rembg,1.0,86.7,0.9853,29.47,0.0291,0.9321,0.9912,0.7972,0.9166
headphones_grey,electronics,white,42,procedural,graded,0.5,full,square,procedural,rembg,1.0,86.7,0.9841,28.74,0.03,0.9283,0.9852,0.9746,0.9177
headphones_grey,electronics,white,42,procedural,graded,0.5,full,story,procedural,rembg,1.0,86.7,0.9841,28.75,0.03,0.9288,0.9853,0.9968,0.9207
headphones_grey,electronics,white,42,procedural,graded,0.5,full,banner,procedural,rembg,1.0,86.7,0.984,28.71,0.0305,0.928,0.9852,0.8415,0.9156
headphones_grey,electronics,white,42,procedural,graded,0.75,full,square,procedural,rembg,1.0,86.7,0.9826,27.91,0.0316,0.9235,0.9789,0.9542,0.9167
headphones_grey,electronics,white,42,procedural,graded,0.75,full,story,procedural,rembg,1.0,86.7,0.9826,27.92,0.0315,0.9241,0.9789,0.9875,0.9212
headphones_grey,electronics,white,42,procedural,graded,0.75,full,banner,procedural,rembg,1.0,86.7,0.9825,27.89,0.032,0.9237,0.9787,0.8798,0.9146
headphones_grey,electronics,white,42,procedural,graded,1.0,full,square,procedural,rembg,1.0,86.7,0.9808,27.06,0.033,0.9178,0.9694,0.9319,0.9158
headphones_grey,electronics,white,42,procedural,graded,1.0,full,story,procedural,rembg,1.0,86.7,0.9808,27.08,0.033,0.9192,0.9695,0.9741,0.9197
headphones_grey,electronics,white,42,procedural,graded,1.0,full,banner,procedural,rembg,1.0,86.7,0.9807,27.04,0.0336,0.9182,0.9693,0.9098,0.9123
mug_white,homeware,white,42,procedural,none,0.0,full,square,procedural,rembg,0.4678,13.61,0.9982,42.06,0.0051,0.993,1.0,0.8512,0.9441
mug_white,homeware,white,42,procedural,none,0.0,full,story,procedural,rembg,0.4678,13.61,0.9982,43.68,0.0045,0.9779,1.0,0.9456,0.9416
mug_white,homeware,white,42,procedural,none,0.0,full,banner,procedural,rembg,0.4678,13.61,0.9977,40.3,0.0083,0.9969,0.9999,0.9821,0.9451
mug_white,homeware,white,42,procedural,graded,0.25,full,square,procedural,rembg,0.4678,13.61,0.9975,34.5,0.0066,0.9896,0.9264,0.856,0.9465
mug_white,homeware,white,42,procedural,graded,0.25,full,story,procedural,rembg,0.4678,13.61,0.9977,34.9,0.0057,0.9722,0.9264,0.9488,0.944
mug_white,homeware,white,42,procedural,graded,0.25,full,banner,procedural,rembg,0.4678,13.61,0.9971,33.94,0.0097,0.9963,0.9263,0.984,0.9458
mug_white,homeware,white,42,procedural,graded,0.5,full,square,procedural,rembg,0.4678,13.61,0.9964,29.71,0.0095,0.9848,0.8004,0.8598,0.945
mug_white,homeware,white,42,procedural,graded,0.5,full,story,procedural,rembg,0.4678,13.61,0.9966,29.88,0.0084,0.9658,0.8007,0.9513,0.9414
mug_white,homeware,white,42,procedural,graded,0.5,full,banner,procedural,rembg,0.4678,13.61,0.9961,29.48,0.0123,0.994,0.7997,0.9855,0.9434
mug_white,homeware,white,42,procedural,graded,0.75,full,square,procedural,rembg,0.4678,13.61,0.9947,26.59,0.0141,0.9794,0.6686,0.8639,0.9424
mug_white,homeware,white,42,procedural,graded,0.75,full,story,procedural,rembg,0.4678,13.61,0.9949,26.69,0.013,0.9587,0.669,0.9537,0.9356
mug_white,homeware,white,42,procedural,graded,0.75,full,banner,procedural,rembg,0.4678,13.61,0.9944,26.46,0.0167,0.9913,0.6682,0.987,0.9409
mug_white,homeware,white,42,procedural,graded,1.0,full,square,procedural,rembg,0.4678,13.61,0.9924,24.27,0.021,0.9737,0.5068,0.8677,0.9399
mug_white,homeware,white,42,procedural,graded,1.0,full,story,procedural,rembg,0.4678,13.61,0.9925,24.35,0.0199,0.9506,0.5074,0.9561,0.9339
mug_white,homeware,white,42,procedural,graded,1.0,full,banner,procedural,rembg,0.4678,13.61,0.9921,24.19,0.0233,0.9883,0.5061,0.9883,0.9416
camera_dslr,electronics,white,42,procedural,none,0.0,full,square,procedural,rembg,1.0,143.52,0.9957,39.7,0.0083,0.9861,1.0,0.9917,0.9103
camera_dslr,electronics,white,42,procedural,none,0.0,full,story,procedural,rembg,1.0,143.52,0.996,40.11,0.0076,0.9876,1.0,0.8333,0.9272
camera_dslr,electronics,white,42,procedural,none,0.0,full,banner,procedural,rembg,1.0,143.52,0.9953,39.15,0.0092,0.9847,1.0,0.9552,0.918
camera_dslr,electronics,white,42,procedural,graded,0.25,full,square,procedural,rembg,1.0,143.52,0.9935,37.8,0.009,0.9862,0.9965,0.9904,0.911
camera_dslr,electronics,white,42,procedural,graded,0.25,full,story,procedural,rembg,1.0,143.52,0.9938,38.09,0.0082,0.9876,0.9966,0.8386,0.9282
camera_dslr,electronics,white,42,procedural,graded,0.25,full,banner,procedural,rembg,1.0,143.52,0.9931,37.41,0.0098,0.9847,0.9965,0.9581,0.9189
camera_dslr,electronics,white,42,procedural,graded,0.5,full,square,procedural,rembg,1.0,143.52,0.9924,35.87,0.0095,0.9857,0.9899,0.9891,0.9121
camera_dslr,electronics,white,42,procedural,graded,0.5,full,story,procedural,rembg,1.0,143.52,0.9928,36.07,0.0087,0.9875,0.99,0.8438,0.9258
camera_dslr,electronics,white,42,procedural,graded,0.5,full,banner,procedural,rembg,1.0,143.52,0.992,35.6,0.0103,0.9842,0.9899,0.9607,0.9179
camera_dslr,electronics,white,42,procedural,graded,0.75,full,square,procedural,rembg,1.0,143.52,0.9909,34.02,0.0103,0.9853,0.9812,0.9877,0.9129
camera_dslr,electronics,white,42,procedural,graded,0.75,full,story,procedural,rembg,1.0,143.52,0.9913,34.16,0.0095,0.9871,0.9812,0.8486,0.9255
camera_dslr,electronics,white,42,procedural,graded,0.75,full,banner,procedural,rembg,1.0,143.52,0.9905,33.83,0.0111,0.9837,0.9811,0.9632,0.918
camera_dslr,electronics,white,42,procedural,graded,1.0,full,square,procedural,rembg,1.0,143.52,0.989,32.38,0.0112,0.9847,0.9711,0.9862,0.9129
camera_dslr,electronics,white,42,procedural,graded,1.0,full,story,procedural,rembg,1.0,143.52,0.9894,32.48,0.0104,0.987,0.9712,0.8534,0.9243
camera_dslr,electronics,white,42,procedural,graded,1.0,full,banner,procedural,rembg,1.0,143.52,0.9885,32.25,0.012,0.9836,0.9711,0.9656,0.9188
camera_lens,electronics,white,42,procedural,none,0.0,full,square,procedural,rembg,1.0,190.91,0.9962,40.96,0.0086,0.9689,1.0,0.217,0.8785
camera_lens,electronics,white,42,procedural,none,0.0,full,story,procedural,rembg,1.0,190.91,0.9964,41.26,0.0082,0.9693,1.0,0.4061,0.8878
camera_lens,electronics,white,42,procedural,none,0.0,full,banner,procedural,rembg,1.0,190.91,0.9963,41.14,0.0084,0.9687,1.0,0.3477,0.888
camera_lens,electronics,white,42,procedural,graded,0.25,full,square,procedural,rembg,1.0,190.91,0.9919,39.37,0.0091,0.9692,0.9944,0.1587,0.8763
camera_lens,electronics,white,42,procedural,graded,0.25,full,story,procedural,rembg,1.0,190.91,0.9921,39.6,0.0087,0.9702,0.9945,0.3285,0.8872
camera_lens,electronics,white,42,procedural,graded,0.25,full,banner,procedural,rembg,1.0,190.91,0.9921,39.5,0.0089,0.9696,0.9944,0.2771,0.8896
camera_lens,electronics,white,42,procedural,graded,0.5,full,square,procedural,rembg,1.0,190.91,0.9909,38.08,0.0096,0.9687,0.994,0.1217,0.8754
camera_lens,electronics,white,42,procedural,graded,0.5,full,story,procedural,rembg,1.0,190.91,0.9911,38.25,0.0092,0.9701,0.9941,0.2741,0.8855
camera_lens,electronics,white,42,procedural,graded,0.5,full,banner,procedural,rembg,1.0,190.91,0.991,38.18,0.0094,0.9693,0.994,0.2287,0.8877
camera_lens,electronics,white,42,procedural,graded,0.75,full,square,procedural,rembg,1.0,190.91,0.9894,36.75,0.0102,0.9682,0.994,0.0971,0.8756
camera_lens,electronics,white,42,procedural,graded,0.75,full,story,procedural,rembg,1.0,190.91,0.9897,36.88,0.0099,0.9698,0.9941,0.2394,0.8851
camera_lens,electronics,white,42,procedural,graded,0.75,full,banner,procedural,rembg,1.0,190.91,0.9896,36.83,0.01,0.9689,0.9941,0.1961,0.8889
camera_lens,electronics,white,42,procedural,graded,1.0,full,square,procedural,rembg,1.0,190.91,0.9873,35.46,0.011,0.9682,0.9934,0.0819,0.8718
camera_lens,electronics,white,42,procedural,graded,1.0,full,story,procedural,rembg,1.0,190.91,0.9875,35.56,0.0107,0.9696,0.9935,0.2159,0.8857
camera_lens,electronics,white,42,procedural,graded,1.0,full,banner,procedural,rembg,1.0,190.91,0.9874,35.52,0.0109,0.9687,0.9935,0.1757,0.8896
backpack_black,bags,white,42,procedural,none,0.0,full,square,procedural,rembg,1.0,82.06,0.9919,33.84,0.0141,0.9852,0.9997,0.2609,0.9391
backpack_black,bags,white,42,procedural,none,0.0,full,story,procedural,rembg,1.0,82.06,0.9928,34.5,0.0121,0.9879,0.9997,0.0119,0.9446
backpack_black,bags,white,42,procedural,none,0.0,full,banner,procedural,rembg,1.0,82.06,0.9922,33.99,0.0134,0.9864,0.9997,0.1163,0.951
backpack_black,bags,white,42,procedural,graded,0.25,full,square,procedural,rembg,1.0,82.06,0.9907,32.62,0.0153,0.9843,0.9934,0.2469,0.9375
backpack_black,bags,white,42,procedural,graded,0.25,full,story,procedural,rembg,1.0,82.06,0.9917,33.16,0.0132,0.9876,0.9933,0.0083,0.9464
backpack_black,bags,white,42,procedural,graded,0.25,full,banner,procedural,rembg,1.0,82.06,0.9911,32.74,0.0146,0.9857,0.9934,0.1236,0.9447
backpack_black,bags,white,42,procedural,graded,0.5,full,square,procedural,rembg,1.0,82.06,0.9893,31.33,0.0167,0.9833,0.9767,0.2355,0.936
backpack_black,bags,white,42,procedural,graded,0.5,full,story,procedural,rembg,1.0,82.06,0.9902,31.76,0.0146,0.9868,0.9766,0.0062,0.9475
backpack_black,bags,white,42,procedural,graded,0.5,full,banner,procedural,rembg,1.0,82.06,0.9896,31.43,0.0161,0.9845,0.9766,0.1297,0.9386
backpack_black,bags,white,42,procedural,graded,0.75,full,square,procedural,rembg,1.0,82.06,0.9873,30.06,0.0184,0.9816,0.9604,0.2257,0.9335
backpack_black,bags,white,42,procedural,graded,0.75,full,story,procedural,rembg,1.0,82.06,0.9882,30.4,0.0164,0.9854,0.9603,0.0045,0.9477
backpack_black,bags,white,42,procedural,graded,0.75,full,banner,procedural,rembg,1.0,82.06,0.9876,30.14,0.0178,0.983,0.9603,0.135,0.9351
backpack_black,bags,white,42,procedural,graded,1.0,full,square,procedural,rembg,1.0,82.06,0.985,28.86,0.0202,0.9807,0.9355,0.2168,0.9304
backpack_black,bags,white,42,procedural,graded,1.0,full,story,procedural,rembg,1.0,82.06,0.9859,29.14,0.0182,0.984,0.9353,0.0032,0.9446
backpack_black,bags,white,42,procedural,graded,1.0,full,banner,procedural,rembg,1.0,82.06,0.9853,28.92,0.0196,0.9822,0.9354,0.1397,0.935
can_heyday,beverage,plain,42,procedural,none,0.0,full,square,procedural,rembg,1.0,138.2,0.9992,42.96,0.0006,0.9994,0.9985,0.9973,0.9716
can_heyday,beverage,plain,42,procedural,none,0.0,full,story,procedural,rembg,1.0,138.2,0.9992,42.99,0.0006,0.9994,0.9985,0.7758,0.9632
can_heyday,beverage,plain,42,procedural,none,0.0,full,banner,procedural,rembg,1.0,138.2,0.9992,42.77,0.0006,0.9994,0.9985,0.0055,0.9666
can_heyday,beverage,plain,42,procedural,graded,0.25,full,square,procedural,rembg,1.0,138.2,0.9983,35.99,0.0008,0.9991,0.6989,0.9936,0.9708
can_heyday,beverage,plain,42,procedural,graded,0.25,full,story,procedural,rembg,1.0,138.2,0.9983,36.0,0.0008,0.9992,0.6989,0.7521,0.9582
can_heyday,beverage,plain,42,procedural,graded,0.25,full,banner,procedural,rembg,1.0,138.2,0.9983,35.94,0.0008,0.9993,0.699,0.0019,0.9618
can_heyday,beverage,plain,42,procedural,graded,0.5,full,square,procedural,rembg,1.0,138.2,0.9971,31.73,0.0013,0.9991,0.6958,0.9869,0.9699
can_heyday,beverage,plain,42,procedural,graded,0.5,full,story,procedural,rembg,1.0,138.2,0.9971,31.73,0.0013,0.9991,0.6957,0.721,0.9543
can_heyday,beverage,plain,42,procedural,graded,0.5,full,banner,procedural,rembg,1.0,138.2,0.9971,31.71,0.0013,0.9992,0.6958,0.0,0.9585
can_heyday,beverage,plain,42,procedural,graded,0.75,full,square,procedural,rembg,1.0,138.2,0.9953,28.79,0.002,0.9991,0.6133,0.9767,0.9705
can_heyday,beverage,plain,42,procedural,graded,0.75,full,story,procedural,rembg,1.0,138.2,0.9953,28.8,0.002,0.999,0.6132,0.6847,0.9536
can_heyday,beverage,plain,42,procedural,graded,0.75,full,banner,procedural,rembg,1.0,138.2,0.9953,28.78,0.002,0.9992,0.6133,0.0015,0.9553
can_heyday,beverage,plain,42,procedural,graded,1.0,full,square,procedural,rembg,1.0,138.2,0.9929,26.58,0.0031,0.999,0.5526,0.9634,0.9708
can_heyday,beverage,plain,42,procedural,graded,1.0,full,story,procedural,rembg,1.0,138.2,0.9929,26.58,0.0031,0.999,0.5526,0.6466,0.9497
can_heyday,beverage,plain,42,procedural,graded,1.0,full,banner,procedural,rembg,1.0,138.2,0.9929,26.57,0.0031,0.9991,0.5527,0.0066,0.9505
tube_lets_talk,cosmetics,plain,42,procedural,none,0.0,full,square,procedural,rembg,1.0,23.22,0.9963,42.37,0.0049,0.9831,0.999,0.9209,0.8532
tube_lets_talk,cosmetics,plain,42,procedural,none,0.0,full,story,procedural,rembg,1.0,23.22,0.9955,41.23,0.0065,0.9735,0.9988,0.9857,0.9083
tube_lets_talk,cosmetics,plain,42,procedural,none,0.0,full,banner,procedural,rembg,1.0,23.22,0.9967,43.17,0.0038,0.9883,0.9991,0.9881,0.8586
tube_lets_talk,cosmetics,plain,42,procedural,graded,0.25,full,square,procedural,rembg,1.0,23.22,0.9957,38.02,0.0049,0.981,0.9859,0.9158,0.8494
tube_lets_talk,cosmetics,plain,42,procedural,graded,0.25,full,story,procedural,rembg,1.0,23.22,0.995,37.65,0.0064,0.971,0.9862,0.9878,0.9083
tube_lets_talk,cosmetics,plain,42,procedural,graded,0.25,full,banner,procedural,rembg,1.0,23.22,0.9961,38.22,0.0038,0.9877,0.9855,0.9898,0.8574
tube_lets_talk,cosmetics,plain,42,procedural,graded,0.5,full,square,procedural,rembg,1.0,23.22,0.9946,34.38,0.0052,0.9787,0.9644,0.9123,0.8469
tube_lets_talk,cosmetics,plain,42,procedural,graded,0.5,full,story,procedural,rembg,1.0,23.22,0.9938,34.24,0.0068,0.9693,0.9648,0.9891,0.906
tube_lets_talk,cosmetics,plain,42,procedural,graded,0.5,full,banner,procedural,rembg,1.0,23.22,0.995,34.44,0.0042,0.9866,0.9638,0.9908,0.8488
tube_lets_talk,cosmetics,plain,42,procedural,graded,0.75,full,square,procedural,rembg,1.0,23.22,0.9929,31.66,0.0057,0.9766,0.9402,0.9095,0.8454
tube_lets_talk,cosmetics,plain,42,procedural,graded,0.75,full,story,procedural,rembg,1.0,23.22,0.9921,31.59,0.0073,0.9683,0.9409,0.9902,0.9057
tube_lets_talk,cosmetics,plain,42,procedural,graded,0.75,full,banner,procedural,rembg,1.0,23.22,0.9933,31.68,0.0047,0.9842,0.9402,0.9916,0.8476
tube_lets_talk,cosmetics,plain,42,procedural,graded,1.0,full,square,procedural,rembg,1.0,23.22,0.9907,29.52,0.0066,0.9746,0.9159,0.9071,0.8443
tube_lets_talk,cosmetics,plain,42,procedural,graded,1.0,full,story,procedural,rembg,1.0,23.22,0.9899,29.49,0.0082,0.9665,0.9165,0.9912,0.905
tube_lets_talk,cosmetics,plain,42,procedural,graded,1.0,full,banner,procedural,rembg,1.0,23.22,0.991,29.52,0.0055,0.9825,0.9157,0.9924,0.8452
smartphone_blank,electronics,plain,42,procedural,none,0.0,full,square,procedural,rembg,1.0,137.94,0.987,30.67,0.0077,0.9776,0.9999,0.3871,0.8948
smartphone_blank,electronics,plain,42,procedural,none,0.0,full,story,procedural,rembg,1.0,137.94,0.987,30.62,0.0078,0.9795,0.9999,0.2493,0.8908
smartphone_blank,electronics,plain,42,procedural,none,0.0,full,banner,procedural,rembg,1.0,137.94,0.9882,31.75,0.0059,0.9842,0.9999,0.0426,0.9037
smartphone_blank,electronics,plain,42,procedural,graded,0.25,full,square,procedural,rembg,1.0,137.94,0.9869,29.36,0.0087,0.9759,0.9855,0.3868,0.8922
smartphone_blank,electronics,plain,42,procedural,graded,0.25,full,story,procedural,rembg,1.0,137.94,0.9869,29.33,0.0089,0.9775,0.9855,0.2485,0.885
smartphone_blank,electronics,plain,42,procedural,graded,0.25,full,banner,procedural,rembg,1.0,137.94,0.9881,30.12,0.0068,0.9827,0.9855,0.0424,0.8995
smartphone_blank,electronics,plain,42,procedural,graded,0.5,full,square,procedural,rembg,1.0,137.94,0.9863,26.98,0.0111,0.9747,-0.0368,0.3846,0.918
smartphone_blank,electronics,plain,42,procedural,graded,0.5,full,story,procedural,rembg,1.0,137.94,0.9863,26.96,0.0112,0.9764,-0.0368,0.2476,0.8826
smartphone_blank,electronics,plain,42,procedural,graded,0.5,full,banner,procedural,rembg,1.0,137.94,0.9875,27.4,0.0091,0.9816,-0.0368,0.0408,0.9011
smartphone_blank,electronics,plain,42,procedural,graded,0.75,full,square,procedural,rembg,1.0,137.94,0.9853,24.68,0.014,0.9729,-0.0454,0.3825,0.9174
smartphone_blank,electronics,plain,42,procedural,graded,0.75,full,story,procedural,rembg,1.0,137.94,0.9852,24.67,0.0141,0.9752,-0.0454,0.2458,0.881
smartphone_blank,electronics,plain,42,procedural,graded,0.75,full,banner,procedural,rembg,1.0,137.94,0.9865,24.92,0.0119,0.9799,-0.0454,0.0387,0.9054
smartphone_blank,electronics,plain,42,procedural,graded,1.0,full,square,procedural,rembg,1.0,137.94,0.9837,22.73,0.0179,0.9712,-0.042,0.3809,0.9155
smartphone_blank,electronics,plain,42,procedural,graded,1.0,full,story,procedural,rembg,1.0,137.94,0.9837,22.72,0.018,0.9729,-0.042,0.2451,0.8801
smartphone_blank,electronics,plain,42,procedural,graded,1.0,full,banner,procedural,rembg,1.0,137.94,0.9849,22.88,0.0158,0.9785,-0.042,0.0379,0.9028
mug_enamel,homeware,plain,42,procedural,none,0.0,full,square,procedural,rembg,1.0,71.41,0.9849,31.62,0.0406,0.8473,0.9995,0.577,0.9685
mug_enamel,homeware,plain,42,procedural,none,0.0,full,story,procedural,rembg,1.0,71.41,0.9857,31.99,0.0384,0.8501,0.9995,0.0845,0.9664
mug_enamel,homeware,plain,42,procedural,none,0.0,full,banner,procedural,rembg,1.0,71.41,0.9872,32.93,0.0331,0.86,0.9995,0.9484,0.9635
mug_enamel,homeware,plain,42,procedural,graded,0.25,full,square,procedural,rembg,1.0,71.41,0.9843,30.52,0.0416,0.8417,0.9699,0.6304,0.9691
mug_enamel,homeware,plain,42,procedural,graded,0.25,full,story,procedural,rembg,1.0,71.41,0.9851,30.79,0.0394,0.8446,0.9694,0.1094,0.968
mug_enamel,homeware,plain,42,procedural,graded,0.25,full,banner,procedural,rembg,1.0,71.41,0.9867,31.44,0.0341,0.852,0.9693,0.9445,0.9657
mug_enamel,homeware,plain,42,procedural,graded,0.5,full,square,procedural,rembg,1.0,71.41,0.9832,28.41,0.0438,0.8356,0.7746,0.6868,0.9706
mug_enamel,homeware,plain,42,procedural,graded,0.5,full,story,procedural,rembg,1.0,71.41,0.984,28.56,0.0415,0.8403,0.7737,0.148,0.9701
mug_enamel,homeware,plain,42,procedural,graded,0.5,full,banner,procedural,rembg,1.0,71.41,0.9857,28.92,0.0364,0.8436,0.7731,0.9456,0.9666
mug_enamel,homeware,plain,42,procedural,graded,0.75,full,square,procedural,rembg,1.0,71.41,0.9817,26.21,0.0474,0.8319,0.4983,0.7448,0.9703
mug_enamel,homeware,plain,42,procedural,graded,0.75,full,story,procedural,rembg,1.0,71.41,0.9825,26.29,0.0452,0.836,0.497,0.2001,0.9717
mug_enamel,homeware,plain,42,procedural,graded,0.75,full,banner,procedural,rembg,1.0,71.41,0.9842,26.49,0.0401,0.8365,0.4953,0.9451,0.968
mug_enamel,homeware,plain,42,procedural,graded,1.0,full,square,procedural,rembg,1.0,71.41,0.9796,24.31,0.0527,0.826,0.4355,0.8002,0.9684
mug_enamel,homeware,plain,42,procedural,graded,1.0,full,story,procedural,rembg,1.0,71.41,0.9804,24.37,0.0505,0.8309,0.4339,0.2732,0.9727
mug_enamel,homeware,plain,42,procedural,graded,1.0,full,banner,procedural,rembg,1.0,71.41,0.9821,24.48,0.0455,0.8295,0.432,0.9463,0.9685
camera_mirrorless,electronics,plain,42,procedural,none,0.0,full,square,procedural,rembg,1.0,119.32,0.9894,37.08,0.0244,0.9831,0.9995,0.911,0.9126
camera_mirrorless,electronics,plain,42,procedural,none,0.0,full,story,procedural,rembg,1.0,119.32,0.99,37.26,0.0233,0.9842,0.9996,0.0638,0.9095
camera_mirrorless,electronics,plain,42,procedural,none,0.0,full,banner,procedural,rembg,1.0,119.32,0.9898,37.19,0.0238,0.9841,0.9996,0.057,0.9075
camera_mirrorless,electronics,plain,42,procedural,graded,0.25,full,square,procedural,rembg,1.0,119.32,0.984,35.68,0.0264,0.9829,0.9964,0.9039,0.9132
camera_mirrorless,electronics,plain,42,procedural,graded,0.25,full,story,procedural,rembg,1.0,119.32,0.9845,35.83,0.0252,0.9838,0.9963,0.058,0.9083
camera_mirrorless,electronics,plain,42,procedural,graded,0.25,full,banner,procedural,rembg,1.0,119.32,0.9843,35.77,0.0257,0.9835,0.9963,0.0518,0.9065
camera_mirrorless,electronics,plain,42,procedural,graded,0.5,full,square,procedural,rembg,1.0,119.32,0.9828,34.28,0.0278,0.9825,0.9934,0.8971,0.9137
camera_mirrorless,electronics,plain,42,procedural,graded,0.5,full,story,procedural,rembg,1.0,119.32,0.9834,34.39,0.0266,0.9838,0.9934,0.0529,0.908
camera_mirrorless,electronics,plain,42,procedural,graded,0.5,full,banner,procedural,rembg,1.0,119.32,0.9832,34.35,0.0271,0.9833,0.9934,0.0469,0.9072
camera_mirrorless,electronics,plain,42,procedural,graded,0.75,full,square,procedural,rembg,1.0,119.32,0.9813,32.87,0.0295,0.9825,0.99,0.8905,0.9132
camera_mirrorless,electronics,plain,42,procedural,graded,0.75,full,story,procedural,rembg,1.0,119.32,0.9819,32.95,0.0284,0.9835,0.9899,0.0482,0.9072
camera_mirrorless,electronics,plain,42,procedural,graded,0.75,full,banner,procedural,rembg,1.0,119.32,0.9817,32.92,0.029,0.9832,0.9899,0.0428,0.9056
camera_mirrorless,electronics,plain,42,procedural,graded,1.0,full,square,procedural,rembg,1.0,119.32,0.9793,31.54,0.0314,0.9824,0.9858,0.8831,0.9088
camera_mirrorless,electronics,plain,42,procedural,graded,1.0,full,story,procedural,rembg,1.0,119.32,0.9799,31.6,0.0303,0.9832,0.9858,0.0434,0.9068
camera_mirrorless,electronics,plain,42,procedural,graded,1.0,full,banner,procedural,rembg,1.0,119.32,0.9797,31.58,0.0309,0.983,0.9857,0.0385,0.9057
perfume_fire,fragrance,scene,42,procedural,none,0.0,full,square,procedural,rembg,0.1448,10.61,0.9965,32.68,0.0117,0.9956,0.9993,0.0009,0.9384
perfume_fire,fragrance,scene,42,procedural,none,0.0,full,story,procedural,rembg,0.1448,10.61,0.997,33.69,0.0096,0.9954,0.9993,0.0131,0.9493
perfume_fire,fragrance,scene,42,procedural,none,0.0,full,banner,procedural,rembg,0.1448,10.61,0.9969,33.5,0.0101,0.9956,0.9993,0.0098,0.9597
perfume_fire,fragrance,scene,42,procedural,graded,0.25,full,square,procedural,rembg,0.1448,10.61,0.996,31.46,0.0125,0.9954,0.9927,0.0014,0.9416
perfume_fire,fragrance,scene,42,procedural,graded,0.25,full,story,procedural,rembg,0.1448,10.61,0.9966,32.29,0.0105,0.9952,0.9927,0.015,0.9505
perfume_fire,fragrance,scene,42,procedural,graded,0.25,full,banner,procedural,rembg,0.1448,10.61,0.9965,32.13,0.0109,0.9952,0.9928,0.0109,0.9607
perfume_fire,fragrance,scene,42,procedural,graded,0.5,full,square,procedural,rembg,0.1448,10.61,0.9955,30.12,0.0133,0.9951,0.9817,0.0022,0.9449
perfume_fire,fragrance,scene,42,procedural,graded,0.5,full,story,procedural,rembg,0.1448,10.61,0.996,30.75,0.0113,0.9951,0.9819,0.0174,0.9522
perfume_fire,fragrance,scene,42,procedural,graded,0.5,full,banner,procedural,rembg,0.1448,10.61,0.9959,30.63,0.0117,0.9951,0.9819,0.0126,0.96
perfume_fire,fragrance,scene,42,procedural,graded,0.75,full,square,procedural,rembg,0.1448,10.61,0.9947,28.75,0.0143,0.9949,0.9677,0.0028,0.9452
perfume_fire,fragrance,scene,42,procedural,graded,0.75,full,story,procedural,rembg,0.1448,10.61,0.9952,29.23,0.0124,0.995,0.9678,0.0194,0.9539
perfume_fire,fragrance,scene,42,procedural,graded,0.75,full,banner,procedural,rembg,0.1448,10.61,0.9951,29.15,0.0128,0.995,0.9679,0.0139,0.9595
perfume_fire,fragrance,scene,42,procedural,graded,1.0,full,square,procedural,rembg,0.1448,10.61,0.9938,27.46,0.0155,0.9943,0.9415,0.0035,0.9479
perfume_fire,fragrance,scene,42,procedural,graded,1.0,full,story,procedural,rembg,0.1448,10.61,0.9943,27.83,0.0136,0.9947,0.9413,0.0212,0.9563
perfume_fire,fragrance,scene,42,procedural,graded,1.0,full,banner,procedural,rembg,0.1448,10.61,0.9942,27.76,0.014,0.9947,0.9414,0.0151,0.9606
perfume_dark,fragrance,scene,42,procedural,none,0.0,full,square,procedural,rembg,1.0,21.25,0.9988,44.28,0.0021,1.0,0.9996,0.0845,0.9476
perfume_dark,fragrance,scene,42,procedural,none,0.0,full,story,procedural,rembg,1.0,21.25,0.9982,44.36,0.003,1.0,0.9995,0.0001,0.9605
perfume_dark,fragrance,scene,42,procedural,none,0.0,full,banner,procedural,rembg,1.0,21.25,0.9985,44.53,0.0025,1.0,0.9996,0.0011,0.9625
perfume_dark,fragrance,scene,42,procedural,graded,0.25,full,square,procedural,rembg,1.0,21.25,0.9984,38.85,0.0021,1.0,0.9932,0.0845,0.9475
perfume_dark,fragrance,scene,42,procedural,graded,0.25,full,story,procedural,rembg,1.0,21.25,0.9979,39.0,0.0029,1.0,0.9941,0.0001,0.9624
perfume_dark,fragrance,scene,42,procedural,graded,0.25,full,banner,procedural,rembg,1.0,21.25,0.9982,39.0,0.0025,1.0,0.9938,0.0011,0.9593
perfume_dark,fragrance,scene,42,procedural,graded,0.5,full,square,procedural,rembg,1.0,21.25,0.9977,35.09,0.0024,1.0,0.9854,0.0847,0.9478
perfume_dark,fragrance,scene,42,procedural,graded,0.5,full,story,procedural,rembg,1.0,21.25,0.9972,35.19,0.0033,1.0,0.9869,0.0001,0.9629
perfume_dark,fragrance,scene,42,procedural,graded,0.5,full,banner,procedural,rembg,1.0,21.25,0.9974,35.18,0.0028,1.0,0.9863,0.0011,0.9613
perfume_dark,fragrance,scene,42,procedural,graded,0.75,full,square,procedural,rembg,1.0,21.25,0.9967,32.36,0.0029,1.0,0.9764,0.0852,0.948
perfume_dark,fragrance,scene,42,procedural,graded,0.75,full,story,procedural,rembg,1.0,21.25,0.9963,32.43,0.0037,1.0,0.9784,0.0001,0.9618
perfume_dark,fragrance,scene,42,procedural,graded,0.75,full,banner,procedural,rembg,1.0,21.25,0.9965,32.42,0.0032,1.0,0.9777,0.001,0.9629
perfume_dark,fragrance,scene,42,procedural,graded,1.0,full,square,procedural,rembg,1.0,21.25,0.9953,30.24,0.0035,1.0,0.9606,0.0852,0.948
perfume_dark,fragrance,scene,42,procedural,graded,1.0,full,story,procedural,rembg,1.0,21.25,0.9949,30.3,0.0043,1.0,0.9631,0.0001,0.9618
perfume_dark,fragrance,scene,42,procedural,graded,1.0,full,banner,procedural,rembg,1.0,21.25,0.9951,30.29,0.0038,1.0,0.9624,0.001,0.966
earbuds_black,electronics,scene,42,procedural,none,0.0,full,square,procedural,rembg,1.0,60.02,0.9965,39.91,0.0078,0.9788,0.9998,0.4253,0.9442
earbuds_black,electronics,scene,42,procedural,none,0.0,full,story,procedural,rembg,1.0,60.02,0.9968,40.92,0.0084,0.9841,0.9997,0.1025,0.9585
earbuds_black,electronics,scene,42,procedural,none,0.0,full,banner,procedural,rembg,1.0,60.02,0.9967,40.35,0.0077,0.9805,0.9999,0.1985,0.9401
earbuds_black,electronics,scene,42,procedural,graded,0.25,full,square,procedural,rembg,1.0,60.02,0.9957,37.65,0.0086,0.9789,0.988,0.4191,0.9424
earbuds_black,electronics,scene,42,procedural,graded,0.25,full,story,procedural,rembg,1.0,60.02,0.9962,38.39,0.0087,0.9843,0.9864,0.1068,0.9546
earbuds_black,electronics,scene,42,procedural,graded,0.25,full,banner,procedural,rembg,1.0,60.02,0.996,37.98,0.0083,0.9808,0.9877,0.1931,0.9415
earbuds_black,electronics,scene,42,procedural,graded,0.5,full,square,procedural,rembg,1.0,60.02,0.9948,35.52,0.0094,0.9779,0.9826,0.4109,0.9377
earbuds_black,electronics,scene,42,procedural,graded,0.5,full,story,procedural,rembg,1.0,60.02,0.9954,36.01,0.0095,0.9831,0.9809,0.1119,0.9543
earbuds_black,electronics,scene,42,procedural,graded,0.5,full,banner,procedural,rembg,1.0,60.02,0.9951,35.74,0.0091,0.9801,0.9823,0.1867,0.9428
earbuds_black,electronics,scene,42,procedural,graded,0.75,full,square,procedural,rembg,1.0,60.02,0.9935,33.48,0.0103,0.9775,0.9637,0.4033,0.9281
earbuds_black,electronics,scene,42,procedural,graded,0.75,full,story,procedural,rembg,1.0,60.02,0.9941,33.82,0.0105,0.9827,0.9616,0.117,0.953
earbuds_black,electronics,scene,42,procedural,graded,0.75,full,banner,procedural,rembg,1.0,60.02,0.9938,33.63,0.0101,0.9796,0.9633,0.1807,0.9446
earbuds_black,electronics,scene,42,procedural,graded,1.0,full,square,procedural,rembg,1.0,60.02,0.9921,31.8,0.0114,0.9769,0.953,0.3959,0.9261
earbuds_black,electronics,scene,42,procedural,graded,1.0,full,story,procedural,rembg,1.0,60.02,0.9928,32.05,0.0115,0.9815,0.951,0.122,0.9514
earbuds_black,electronics,scene,42,procedural,graded,1.0,full,banner,procedural,rembg,1.0,60.02,0.9925,31.91,0.0111,0.979,0.9527,0.1749,0.9464
flask_green,drinkware,scene,42,procedural,none,0.0,full,square,procedural,rembg,1.0,28.28,0.9964,43.59,0.0057,0.996,0.9989,0.9666,0.9142
flask_green,drinkware,scene,42,procedural,none,0.0,full,story,procedural,rembg,1.0,28.28,0.9956,43.58,0.0068,0.9959,0.998,0.3399,0.9238
flask_green,drinkware,scene,42,procedural,none,0.0,full,banner,procedural,rembg,1.0,28.28,0.9968,43.49,0.0051,0.9967,0.9992,0.3837,0.9167
flask_green,drinkware,scene,42,procedural,graded,0.25,full,square,procedural,rembg,1.0,28.28,0.9955,39.12,0.0061,0.9957,0.9939,0.9453,0.9158
flask_green,drinkware,scene,42,procedural,graded,0.25,full,story,procedural,rembg,1.0,28.28,0.9948,39.24,0.0071,0.9953,0.994,0.3881,0.9215
flask_green,drinkware,scene,42,procedural,graded,0.25,full,banner,procedural,rembg,1.0,28.28,0.9958,39.01,0.0057,0.996,0.9934,0.4372,0.9162
flask_green,drinkware,scene,42,procedural,graded,0.5,full,square,procedural,rembg,1.0,28.28,0.9942,35.58,0.0066,0.995,0.9834,0.9195,0.9174
flask_green,drinkware,scene,42,procedural,graded,0.5,full,story,procedural,rembg,1.0,28.28,0.9935,35.66,0.0076,0.9942,0.9836,0.4389,0.9205
flask_green,drinkware,scene,42,procedural,graded,0.5,full,banner,procedural,rembg,1.0,28.28,0.9944,35.52,0.0062,0.9954,0.9829,0.489,0.9148
flask_green,drinkware,scene,42,procedural,graded,0.75,full,square,procedural,rembg,1.0,28.28,0.9922,32.88,0.0075,0.9943,0.9663,0.8876,0.9177
flask_green,drinkware,scene,42,procedural,graded,0.75,full,story,procedural,rembg,1.0,28.28,0.9915,32.94,0.0084,0.9934,0.9666,0.4943,0.9185
flask_green,drinkware,scene,42,procedural,graded,0.75,full,banner,procedural,rembg,1.0,28.28,0.9924,32.84,0.0072,0.9951,0.9658,0.5461,0.9133
flask_green,drinkware,scene,42,procedural,graded,1.0,full,square,procedural,rembg,1.0,28.28,0.9896,30.77,0.0087,0.9935,0.9457,0.8497,0.9166
flask_green,drinkware,scene,42,procedural,graded,1.0,full,story,procedural,rembg,1.0,28.28,0.9889,30.81,0.0096,0.9922,0.9463,0.5542,0.9177
flask_green,drinkware,scene,42,procedural,graded,1.0,full,banner,procedural,rembg,1.0,28.28,0.9898,30.74,0.0084,0.9943,0.9451,0.603,0.9119
flask_northland,drinkware,scene,42,procedural,none,0.0,full,square,procedural,rembg,1.0,26.41,0.9979,45.69,0.0048,0.9518,1.0,0.7776,0.9675
flask_northland,drinkware,scene,42,procedural,none,0.0,full,story,procedural,rembg,1.0,26.41,0.9973,44.8,0.007,0.94,0.9999,0.2741,0.9515
flask_northland,drinkware,scene,42,procedural,none,0.0,full,banner,procedural,rembg,1.0,26.41,0.9987,47.32,0.0029,0.9704,1.0,0.875,0.9688
flask_northland,drinkware,scene,42,procedural,graded,0.25,full,square,procedural,rembg,1.0,26.41,0.9971,36.72,0.0059,0.9438,0.9622,0.8927,0.9679
flask_northland,drinkware,scene,42,procedural,graded,0.25,full,story,procedural,rembg,1.0,26.41,0.9966,36.69,0.0077,0.93,0.9622,0.5168,0.957
flask_northland,drinkware,scene,42,procedural,graded,0.25,full,banner,procedural,rembg,1.0,26.41,0.9978,36.74,0.0041,0.9637,0.9621,0.9364,0.9671
flask_northland,drinkware,scene,42,procedural,graded,0.5,full,square,procedural,rembg,1.0,26.41,0.9956,31.82,0.0081,0.9364,0.8394,0.9622,0.9688
flask_northland,drinkware,scene,42,procedural,graded,0.5,full,story,procedural,rembg,1.0,26.41,0.9951,31.84,0.0098,0.9228,0.8395,0.8004,0.9559
flask_northland,drinkware,scene,42,procedural,graded,0.5,full,banner,procedural,rembg,1.0,26.41,0.9964,31.79,0.0066,0.9571,0.8394,0.9619,0.9658
flask_northland,drinkware,scene,42,procedural,graded,0.75,full,square,procedural,rembg,1.0,26.41,0.9934,28.66,0.012,0.9293,0.6927,0.9924,0.9688
flask_northland,drinkware,scene,42,procedural,graded,0.75,full,story,procedural,rembg,1.0,26.41,0.9929,28.68,0.0135,0.9146,0.6927,0.9352,0.9538
flask_northland,drinkware,scene,42,procedural,graded,0.75,full,banner,procedural,rembg,1.0,26.41,0.9942,28.62,0.0103,0.9512,0.6926,0.9749,0.9647
flask_northland,drinkware,scene,42,procedural,graded,1.0,full,square,procedural,rembg,1.0,26.41,0.9905,26.33,0.0181,0.92,0.5385,0.9999,0.9675
flask_northland,drinkware,scene,42,procedural,graded,1.0,full,story,procedural,rembg,1.0,26.41,0.9898,26.35,0.0197,0.9049,0.5386,0.979,0.9521
flask_northland,drinkware,scene,42,procedural,graded,1.0,full,banner,procedural,rembg,1.0,26.41,0.9914,26.3,0.016,0.9441,0.538,0.982,0.9654
candle_pink,homeware,scene,42,procedural,none,0.0,full,square,procedural,rembg,1.0,20.44,0.9875,37.7,0.0263,0.907,0.9996,0.9128,0.9381
candle_pink,homeware,scene,42,procedural,none,0.0,full,story,procedural,rembg,1.0,20.44,0.9866,37.25,0.0289,0.9007,0.9996,0.9,0.955
candle_pink,homeware,scene,42,procedural,none,0.0,full,banner,procedural,rembg,1.0,20.44,0.9921,40.73,0.0187,0.9205,0.9998,0.9474,0.9599
candle_pink,homeware,scene,42,procedural,graded,0.25,full,square,procedural,rembg,1.0,20.44,0.9867,35.04,0.0266,0.9043,0.9726,0.9156,0.9353
candle_pink,homeware,scene,42,procedural,graded,0.25,full,story,procedural,rembg,1.0,20.44,0.9858,34.82,0.0292,0.8992,0.9725,0.9046,0.955
candle_pink,homeware,scene,42,procedural,graded,0.25,full,banner,procedural,rembg,1.0,20.44,0.9913,36.27,0.0191,0.9162,0.9716,0.9499,0.9594
candle_pink,homeware,scene,42,procedural,graded,0.5,full,square,procedural,rembg,1.0,20.44,0.9856,31.68,0.0276,0.902,0.9298,0.918,0.9354
candle_pink,homeware,scene,42,procedural,graded,0.5,full,story,procedural,rembg,1.0,20.44,0.9846,31.59,0.0302,0.8973,0.9295,0.9091,0.9548
candle_pink,homeware,scene,42,procedural,graded,0.5,full,banner,procedural,rembg,1.0,20.44,0.9902,32.17,0.0201,0.9124,0.9282,0.9522,0.9593
candle_pink,homeware,scene,42,procedural,graded,0.75,full,square,procedural,rembg,1.0,20.44,0.9839,28.93,0.029,0.9005,0.8895,0.9208,0.9318
candle_pink,homeware,scene,42,procedural,graded,0.75,full,story,procedural,rembg,1.0,20.44,0.983,28.89,0.0315,0.8964,0.8892,0.9134,0.9549
candle_pink,homeware,scene,42,procedural,graded,0.75,full,banner,procedural,rembg,1.0,20.44,0.9885,29.17,0.0215,0.9086,0.8876,0.9544,0.959
candle_pink,homeware,scene,42,procedural,graded,1.0,full,square,procedural,rembg,1.0,20.44,0.9818,26.79,0.0308,0.8989,0.8394,0.923,0.932
candle_pink,homeware,scene,42,procedural,graded,1.0,full,story,procedural,rembg,1.0,20.44,0.9808,26.77,0.0333,0.8957,0.839,0.9172,0.9546
candle_pink,homeware,scene,42,procedural,graded,1.0,full,banner,procedural,rembg,1.0,20.44,0.9863,26.92,0.0233,0.9064,0.8371,0.9566,0.9585
pouch_kraft,packaging,plain,42,procedural,none,0.0,full,square,procedural,rembg,0.6989,16.39,0.999,46.88,0.0021,0.987,1.0,0.9927,0.949
pouch_kraft,packaging,plain,42,procedural,none,0.0,full,story,procedural,rembg,0.6989,16.39,0.999,47.69,0.0027,0.9786,1.0,1.0,0.9377
pouch_kraft,packaging,plain,42,procedural,none,0.0,full,banner,procedural,rembg,0.6989,16.39,0.998,42.23,0.0039,0.9981,0.9999,0.9966,0.9328
pouch_kraft,packaging,plain,42,procedural,graded,0.25,full,square,procedural,rembg,0.6989,16.39,0.9981,35.86,0.0046,0.9842,0.9454,0.9926,0.945
pouch_kraft,packaging,plain,42,procedural,graded,0.25,full,story,procedural,rembg,0.6989,16.39,0.9981,35.98,0.0052,0.975,0.9454,1.0,0.9398
pouch_kraft,packaging,plain,42,procedural,graded,0.25,full,banner,procedural,rembg,0.6989,16.39,0.9972,34.96,0.0064,0.9971,0.9439,0.9966,0.9352
pouch_kraft,packaging,plain,42,procedural,graded,0.5,full,square,procedural,rembg,0.6989,16.39,0.997,30.83,0.0079,0.9809,0.8479,0.9925,0.9452
pouch_kraft,packaging,plain,42,procedural,graded,0.5,full,story,procedural,rembg,0.6989,16.39,0.997,30.88,0.0084,0.972,0.848,1.0,0.9376
pouch_kraft,packaging,plain,42,procedural,graded,0.5,full,banner,procedural,rembg,0.6989,16.39,0.9961,30.46,0.0096,0.9962,0.8448,0.9965,0.9348
pouch_kraft,packaging,plain,42,procedural,graded,0.75,full,square,procedural,rembg,0.6989,16.39,0.9951,27.61,0.0135,0.9769,0.7161,0.9923,0.9481
pouch_kraft,packaging,plain,42,procedural,graded,0.75,full,story,procedural,rembg,0.6989,16.39,0.9951,27.64,0.0142,0.9683,0.7161,1.0,0.9373
pouch_kraft,packaging,plain,42,procedural,graded,0.75,full,banner,procedural,rembg,0.6989,16.39,0.9943,27.4,0.015,0.9944,0.7122,0.9964,0.9326
pouch_kraft,packaging,plain,42,procedural,graded,1.0,full,square,procedural,rembg,0.6989,16.39,0.9926,25.25,0.0218,0.9724,0.5724,0.9922,0.9542
pouch_kraft,packaging,plain,42,procedural,graded,1.0,full,story,procedural,rembg,0.6989,16.39,0.9926,25.28,0.0224,0.9628,0.5726,1.0,0.941
pouch_kraft,packaging,plain,42,procedural,graded,1.0,full,banner,procedural,rembg,0.6989,16.39,0.9919,25.12,0.023,0.9925,0.5678,0.9964,0.9304
sunglasses_black,eyewear,white,42,diffusers,none,0.0,full,square,diffusers-turbo,rembg,1.0,104.12,0.9896,33.06,0.0107,0.9383,0.9887,0.9016,0.8362
sunglasses_black,eyewear,white,42,diffusers,none,0.0,full,story,diffusers-turbo,rembg,1.0,104.12,0.9876,31.5,0.0149,0.9399,0.9852,0.6836,0.7633
sunglasses_black,eyewear,white,42,diffusers,none,0.0,full,banner,diffusers-turbo,rembg,1.0,104.12,0.9901,33.51,0.0095,0.9376,0.9911,0.7634,0.7741
sunglasses_black,eyewear,white,42,diffusers,graded,0.25,full,square,diffusers-turbo,rembg,1.0,104.12,0.9901,33.35,0.0106,0.9388,0.9973,0.8894,0.8366
sunglasses_black,eyewear,white,42,diffusers,graded,0.25,full,story,diffusers-turbo,rembg,1.0,104.12,0.9884,31.81,0.0147,0.9406,0.9982,0.7303,0.763
sunglasses_black,eyewear,white,42,diffusers,graded,0.25,full,banner,diffusers-turbo,rembg,1.0,104.12,0.9906,33.78,0.0095,0.9381,0.9968,0.7242,0.7749
sunglasses_black,eyewear,white,42,diffusers,graded,0.5,full,square,diffusers-turbo,rembg,1.0,104.12,0.9897,33.34,0.0106,0.9383,0.993,0.8784,0.8366
sunglasses_black,eyewear,white,42,diffusers,graded,0.5,full,story,diffusers-turbo,rembg,1.0,104.12,0.9881,31.86,0.0145,0.9409,0.9946,0.7572,0.7628
sunglasses_black,eyewear,white,42,diffusers,graded,0.5,full,banner,diffusers-turbo,rembg,1.0,104.12,0.9901,33.75,0.0096,0.9379,0.9925,0.6897,0.7752
sunglasses_black,eyewear,white,42,diffusers,graded,0.75,full,square,diffusers-turbo,rembg,1.0,104.12,0.989,33.18,0.011,0.9376,0.9812,0.8706,0.8363
sunglasses_black,eyewear,white,42,diffusers,graded,0.75,full,story,diffusers-turbo,rembg,1.0,104.12,0.9875,31.82,0.0147,0.94,0.9862,0.7745,0.7625
sunglasses_black,eyewear,white,42,diffusers,graded,0.75,full,banner,diffusers-turbo,rembg,1.0,104.12,0.9894,33.56,0.01,0.9373,0.9801,0.6659,0.7754
sunglasses_black,eyewear,white,42,diffusers,graded,1.0,full,square,diffusers-turbo,rembg,1.0,104.12,0.9879,32.92,0.0112,0.937,0.9271,0.8643,0.836
sunglasses_black,eyewear,white,42,diffusers,graded,1.0,full,story,diffusers-turbo,rembg,1.0,104.12,0.9866,31.68,0.0149,0.9401,0.9355,0.7864,0.7622
sunglasses_black,eyewear,white,42,diffusers,graded,1.0,full,banner,diffusers-turbo,rembg,1.0,104.12,0.9882,33.25,0.0103,0.9365,0.9207,0.6455,0.7753
sunglasses_black,eyewear,white,43,procedural,none,0.0,full,square,procedural,rembg,1.0,104.12,0.9958,39.85,0.008,0.993,0.9999,0.9881,0.8533
sunglasses_black,eyewear,white,43,procedural,none,0.0,full,story,procedural,rembg,1.0,104.12,0.9959,39.97,0.0078,0.9935,0.9999,0.9967,0.8564
sunglasses_black,eyewear,white,43,procedural,none,0.0,full,banner,procedural,rembg,1.0,104.12,0.9954,39.23,0.0087,0.9892,0.9999,0.988,0.8569
sunglasses_black,eyewear,white,43,procedural,graded,0.25,full,square,procedural,rembg,1.0,104.12,0.9961,40.3,0.0074,0.9936,0.9989,0.9902,0.8532
sunglasses_black,eyewear,white,43,procedural,graded,0.25,full,story,procedural,rembg,1.0,104.12,0.9962,40.43,0.0073,0.9939,0.9989,0.9983,0.8564
sunglasses_black,eyewear,white,43,procedural,graded,0.25,full,banner,procedural,rembg,1.0,104.12,0.9957,39.67,0.0082,0.9903,0.9989,0.9853,0.8568
sunglasses_black,eyewear,white,43,procedural,graded,0.5,full,square,procedural,rembg,1.0,104.12,0.9959,40.19,0.0072,0.9939,0.9953,0.9918,0.8533
sunglasses_black,eyewear,white,43,procedural,graded,0.5,full,story,procedural,rembg,1.0,104.12,0.996,40.32,0.007,0.9941,0.9953,0.9992,0.8564
sunglasses_black,eyewear,white,43,procedural,graded,0.5,full,banner,procedural,rembg,1.0,104.12,0.9956,39.65,0.0079,0.9904,0.9954,0.9828,0.8572
sunglasses_black,eyewear,white,43,procedural,graded,0.75,full,square,procedural,rembg,1.0,104.12,0.9953,39.26,0.0071,0.994,0.9806,0.9929,0.8535
sunglasses_black,eyewear,white,43,procedural,graded,0.75,full,story,procedural,rembg,1.0,104.12,0.9954,39.37,0.0069,0.9945,0.9806,0.9996,0.8564
sunglasses_black,eyewear,white,43,procedural,graded,0.75,full,banner,procedural,rembg,1.0,104.12,0.995,38.88,0.0078,0.9905,0.9807,0.9807,0.8572
sunglasses_black,eyewear,white,43,procedural,graded,1.0,full,square,procedural,rembg,1.0,104.12,0.9945,38.05,0.007,0.9941,0.9675,0.9938,0.8531
sunglasses_black,eyewear,white,43,procedural,graded,1.0,full,story,procedural,rembg,1.0,104.12,0.9946,38.14,0.0068,0.9946,0.9674,0.9999,0.8564
sunglasses_black,eyewear,white,43,procedural,graded,1.0,full,banner,procedural,rembg,1.0,104.12,0.9942,37.81,0.0077,0.9905,0.9676,0.9789,0.8574
sunglasses_black,eyewear,white,43,diffusers,none,0.0,full,square,diffusers-turbo,rembg,1.0,104.12,0.986,30.01,0.0215,0.9469,0.9849,0.0032,0.6686
sunglasses_black,eyewear,white,43,diffusers,none,0.0,full,story,diffusers-turbo,rembg,1.0,104.12,0.9861,30.11,0.021,0.9467,0.9848,0.6202,0.6585
sunglasses_black,eyewear,white,43,diffusers,none,0.0,full,banner,diffusers-turbo,rembg,1.0,104.12,0.9871,30.86,0.0185,0.9442,0.985,0.0677,0.6704
sunglasses_black,eyewear,white,43,diffusers,graded,0.25,full,square,diffusers-turbo,rembg,1.0,104.12,0.9855,29.84,0.0225,0.9474,0.9827,0.0003,0.6685
sunglasses_black,eyewear,white,43,diffusers,graded,0.25,full,story,diffusers-turbo,rembg,1.0,104.12,0.9856,29.93,0.022,0.9469,0.9827,0.5247,0.6584
sunglasses_black,eyewear,white,43,diffusers,graded,0.25,full,banner,diffusers-turbo,rembg,1.0,104.12,0.9866,30.67,0.0195,0.9442,0.9829,0.0436,0.6704
sunglasses_black,eyewear,white,43,diffusers,graded,0.5,full,square,diffusers-turbo,rembg,1.0,104.12,0.9843,29.52,0.0239,0.9477,0.9766,0.0001,0.6682
sunglasses_black,eyewear,white,43,diffusers,graded,0.5,full,story,diffusers-turbo,rembg,1.0,104.12,0.9844,29.61,0.0234,0.9472,0.9765,0.4517,0.6583
sunglasses_black,eyewear,white,43,diffusers,graded,0.5,full,banner,diffusers-turbo,rembg,1.0,104.12,0.9854,30.31,0.0209,0.9442,0.9769,0.0278,0.6701
sunglasses_black,eyewear,white,43,diffusers,graded,0.75,full,square,diffusers-turbo,rembg,1.0,104.12,0.9822,29.13,0.0255,0.9485,0.9468,0.0008,0.6677
sunglasses_black,eyewear,white,43,diffusers,graded,0.75,full,story,diffusers-turbo,rembg,1.0,104.12,0.9823,29.21,0.0251,0.9481,0.9466,0.3972,0.6581
sunglasses_black,eyewear,white,43,diffusers,graded,0.75,full,banner,diffusers-turbo,rembg,1.0,104.12,0.9833,29.87,0.0226,0.946,0.9472,0.0181,0.6697
sunglasses_black,eyewear,white,43,diffusers,graded,1.0,full,square,diffusers-turbo,rembg,1.0,104.12,0.9804,28.73,0.0272,0.9486,0.9224,0.0018,0.6674
sunglasses_black,eyewear,white,43,diffusers,graded,1.0,full,story,diffusers-turbo,rembg,1.0,104.12,0.9805,28.81,0.0267,0.9483,0.9222,0.3584,0.6578
sunglasses_black,eyewear,white,43,diffusers,graded,1.0,full,banner,diffusers-turbo,rembg,1.0,104.12,0.9815,29.43,0.0241,0.946,0.9228,0.0117,0.6693
sunglasses_black,eyewear,white,44,procedural,none,0.0,full,square,procedural,rembg,1.0,104.12,0.9959,39.99,0.0079,0.9927,0.9999,0.9972,0.8544
sunglasses_black,eyewear,white,44,procedural,none,0.0,full,story,procedural,rembg,1.0,104.12,0.9959,40.03,0.0077,0.9926,0.9999,0.943,0.8548
sunglasses_black,eyewear,white,44,procedural,none,0.0,full,banner,procedural,rembg,1.0,104.12,0.9942,38.07,0.0105,0.9752,0.9999,0.9624,0.8524
sunglasses_black,eyewear,white,44,procedural,graded,0.25,full,square,procedural,rembg,1.0,104.12,0.9961,40.31,0.0074,0.9924,0.9999,0.9961,0.8545
sunglasses_black,eyewear,white,44,procedural,graded,0.25,full,story,procedural,rembg,1.0,104.12,0.9961,40.37,0.0072,0.9928,0.9999,0.9358,0.8547
sunglasses_black,eyewear,white,44,procedural,graded,0.25,full,banner,procedural,rembg,1.0,104.12,0.9944,38.33,0.01,0.9766,0.9999,0.96,0.8524
sunglasses_black,eyewear,white,44,procedural,graded,0.5,full,square,procedural,rembg,1.0,104.12,0.9961,40.55,0.0075,0.993,0.9992,0.995,0.8544
sunglasses_black,eyewear,white,44,procedural,graded,0.5,full,story,procedural,rembg,1.0,104.12,0.9962,40.62,0.0073,0.9934,0.9992,0.9305,0.8547
sunglasses_black,eyewear,white,44,procedural,graded,0.5,full,banner,procedural,rembg,1.0,104.12,0.9945,38.58,0.0101,0.9761,0.9993,0.958,0.8524
sunglasses_black,eyewear,white,44,procedural,graded,0.75,full,square,procedural,rembg,1.0,104.12,0.996,40.5,0.007,0.9936,0.9975,0.994,0.8546
sunglasses_black,eyewear,white,44,procedural,graded,0.75,full,story,procedural,rembg,1.0,104.12,0.9961,40.59,0.0068,0.9936,0.9975,0.9256,0.8548
sunglasses_black,eyewear,white,44,procedural,graded,0.75,full,banner,procedural,rembg,1.0,104.12,0.9944,38.66,0.0096,0.9766,0.9976,0.9562,0.8524
sunglasses_black,eyewear,white,44,procedural,graded,1.0,full,square,procedural,rembg,1.0,104.12,0.9954,40.11,0.0074,0.994,0.9934,0.9931,0.8546
sunglasses_black,eyewear,white,44,procedural,graded,1.0,full,story,procedural,rembg,1.0,104.12,0.9955,40.2,0.0072,0.9935,0.9934,0.9213,0.8547
sunglasses_black,eyewear,white,44,procedural,graded,1.0,full,banner,procedural,rembg,1.0,104.12,0.994,38.51,0.01,0.9766,0.9937,0.9548,0.8522
sunglasses_black,eyewear,white,44,diffusers,none,0.0,full,square,diffusers-turbo,rembg,1.0,104.12,0.9887,32.36,0.0129,0.9393,0.9854,0.846,0.8041
sunglasses_black,eyewear,white,44,diffusers,none,0.0,full,story,diffusers-turbo,rembg,1.0,104.12,0.9881,31.97,0.0146,0.9401,0.9852,0.8569,0.7977
sunglasses_black,eyewear,white,44,diffusers,none,0.0,full,banner,diffusers-turbo,rembg,1.0,104.12,0.987,30.84,0.0165,0.9421,0.9852,0.8812,0.7157
sunglasses_black,eyewear,white,44,diffusers,graded,0.25,full,square,diffusers-turbo,rembg,1.0,104.12,0.9886,32.32,0.0132,0.9403,0.9854,0.7115,0.8041
sunglasses_black,eyewear,white,44,diffusers,graded,0.25,full,story,diffusers-turbo,rembg,1.0,104.12,0.988,31.93,0.0149,0.9403,0.9852,0.7797,0.7979
sunglasses_black,eyewear,white,44,diffusers,graded,0.25,full,banner,diffusers-turbo,rembg,1.0,104.12,0.9869,30.79,0.0169,0.9421,0.9852,0.9054,0.7157
sunglasses_black,eyewear,white,44,diffusers,graded,0.5,full,square,diffusers-turbo,rembg,1.0,104.12,0.9881,32.11,0.0142,0.9408,0.984,0.6228,0.804
sunglasses_black,eyewear,white,44,diffusers,graded,0.5,full,story,diffusers-turbo,rembg,1.0,104.12,0.9874,31.72,0.016,0.9406,0.9835,0.7314,0.7978
sunglasses_black,eyewear,white,44,diffusers,graded,0.5,full,banner,diffusers-turbo,rembg,1.0,104.12,0.9863,30.61,0.0181,0.9424,0.9834,0.9202,0.7156
sunglasses_black,eyewear,white,44,diffusers,graded,0.75,full,square,diffusers-turbo,rembg,1.0,104.12,0.9874,31.86,0.0149,0.9412,0.9825,0.5654,0.8038
sunglasses_black,eyewear,white,44,diffusers,graded,0.75,full,story,diffusers-turbo,rembg,1.0,104.12,0.9866,31.47,0.0167,0.9415,0.9817,0.6999,0.7979
sunglasses_black,eyewear,white,44,diffusers,graded,0.75,full,banner,diffusers-turbo,rembg,1.0,104.12,0.9855,30.39,0.0189,0.9432,0.9817,0.9299,0.7154
sunglasses_black,eyewear,white,44,diffusers,graded,1.0,full,square,diffusers-turbo,rembg,1.0,104.12,0.986,31.57,0.0161,0.942,0.9692,0.5239,0.8036
sunglasses_black,eyewear,white,44,diffusers,graded,1.0,full,story,diffusers-turbo,rembg,1.0,104.12,0.9853,31.19,0.0181,0.9417,0.9678,0.6775,0.798
sunglasses_black,eyewear,white,44,diffusers,graded,1.0,full,banner,diffusers-turbo,rembg,1.0,104.12,0.9842,30.15,0.0202,0.9442,0.9677,0.9376,0.7152
sunglasses_blue,eyewear,white,42,diffusers,none,0.0,full,square,diffusers-turbo,rembg,1.0,145.12,0.9906,34.56,0.0121,0.911,0.9997,0.8565,0.8835
sunglasses_blue,eyewear,white,42,diffusers,none,0.0,full,story,diffusers-turbo,rembg,1.0,145.12,0.9899,33.89,0.0138,0.9125,0.9996,0.1215,0.8878
sunglasses_blue,eyewear,white,42,diffusers,none,0.0,full,banner,diffusers-turbo,rembg,1.0,145.12,0.9915,35.33,0.0105,0.9185,0.9997,0.7811,0.8783
sunglasses_blue,eyewear,white,42,diffusers,graded,0.25,full,square,diffusers-turbo,rembg,1.0,145.12,0.9901,32.86,0.0123,0.9084,0.8768,0.8557,0.8869
sunglasses_blue,eyewear,white,42,diffusers,graded,0.25,full,story,diffusers-turbo,rembg,1.0,145.12,0.9894,32.44,0.0141,0.9116,0.877,0.0726,0.8876
sunglasses_blue,eyewear,white,42,diffusers,graded,0.25,full,banner,diffusers-turbo,rembg,1.0,145.12,0.991,33.34,0.0107,0.9181,0.8767,0.68,0.8732
sunglasses_blue,eyewear,white,42,diffusers,graded,0.5,full,square,diffusers-turbo,rembg,1.0,145.12,0.9889,30.1,0.013,0.9067,0.8145,0.8556,0.8891
sunglasses_blue,eyewear,white,42,diffusers,graded,0.5,full,story,diffusers-turbo,rembg,1.0,145.12,0.9883,29.88,0.0147,0.9096,0.8149,0.043,0.8868
sunglasses_blue,eyewear,white,42,diffusers,graded,0.5,full,banner,diffusers-turbo,rembg,1.0,145.12,0.9898,30.34,0.0114,0.9158,0.8144,0.6096,0.877
sunglasses_blue,eyewear,white,42,diffusers,graded,0.75,full,square,diffusers-turbo,rembg,1.0,145.12,0.9873,27.62,0.0141,0.9033,0.704,0.8545,0.8914
sunglasses_blue,eyewear,white,42,diffusers,graded,0.75,full,story,diffusers-turbo,rembg,1.0,145.12,0.9867,27.51,0.0159,0.9076,0.7044,0.0264,0.8863
sunglasses_blue,eyewear,white,42,diffusers,graded,0.75,full,banner,diffusers-turbo,rembg,1.0,145.12,0.9881,27.75,0.0125,0.9133,0.7039,0.5612,0.8763
sunglasses_blue,eyewear,white,42,diffusers,graded,1.0,full,square,diffusers-turbo,rembg,1.0,145.12,0.985,25.58,0.016,0.9011,0.5249,0.8538,0.8928
sunglasses_blue,eyewear,white,42,diffusers,graded,1.0,full,story,diffusers-turbo,rembg,1.0,145.12,0.9844,25.51,0.0178,0.9056,0.5256,0.0162,0.8857
sunglasses_blue,eyewear,white,42,diffusers,graded,1.0,full,banner,diffusers-turbo,rembg,1.0,145.12,0.9858,25.65,0.0144,0.9102,0.5244,0.5275,0.8754
sunglasses_blue,eyewear,white,43,procedural,none,0.0,full,square,procedural,rembg,1.0,145.12,0.9912,35.99,0.0117,0.9192,0.9996,0.9848,0.963
sunglasses_blue,eyewear,white,43,procedural,none,0.0,full,story,procedural,rembg,1.0,145.12,0.9916,36.37,0.011,0.9227,0.9997,0.1608,0.9518
sunglasses_blue,eyewear,white,43,procedural,none,0.0,full,banner,procedural,rembg,1.0,145.12,0.9923,37.25,0.0095,0.9259,0.9997,0.767,0.9491
sunglasses_blue,eyewear,white,43,procedural,graded,0.25,full,square,procedural,rembg,1.0,145.12,0.9905,33.87,0.0121,0.9237,0.8738,0.993,0.9612
sunglasses_blue,eyewear,white,43,procedural,graded,0.25,full,story,procedural,rembg,1.0,145.12,0.9909,34.12,0.0114,0.9273,0.8735,0.1191,0.9511
sunglasses_blue,eyewear,white,43,procedural,graded,0.25,full,banner,procedural,rembg,1.0,145.12,0.9917,34.65,0.0099,0.9305,0.8735,0.7228,0.9486
sunglasses_blue,eyewear,white,43,procedural,graded,0.5,full,square,procedural,rembg,1.0,145.12,0.9892,30.2,0.0131,0.9291,0.6704,0.997,0.9599
sunglasses_blue,eyewear,white,43,procedural,graded,0.5,full,story,procedural,rembg,1.0,145.12,0.9896,30.31,0.0124,0.9308,0.67,0.0951,0.9508
sunglasses_blue,eyewear,white,43,procedural,graded,0.5,full,banner,procedural,rembg,1.0,145.12,0.9903,30.53,0.0108,0.9356,0.6699,0.6865,0.9486
sunglasses_blue,eyewear,white,43,procedural,graded,0.75,full,square,procedural,rembg,1.0,145.12,0.9871,27.27,0.0148,0.9328,0.4378,0.9989,0.9578
sunglasses_blue,eyewear,white,43,procedural,graded,0.75,full,story,procedural,rembg,1.0,145.12,0.9875,27.33,0.0141,0.9362,0.4373,0.0796,0.9493
sunglasses_blue,eyewear,white,43,procedural,graded,0.75,full,banner,procedural,rembg,1.0,145.12,0.9882,27.45,0.0125,0.9385,0.437,0.658,0.9487
sunglasses_blue,eyewear,white,43,procedural,graded,1.0,full,square,procedural,rembg,1.0,145.12,0.9845,24.99,0.0168,0.9367,0.3171,0.9996,0.956
sunglasses_blue,eyewear,white,43,procedural,graded,1.0,full,story,procedural,rembg,1.0,145.12,0.9848,25.03,0.0161,0.9416,0.3166,0.07,0.9485
sunglasses_blue,eyewear,white,43,procedural,graded,1.0,full,banner,procedural,rembg,1.0,145.12,0.9855,25.1,0.0146,0.943,0.3164,0.6359,0.9492
sunglasses_blue,eyewear,white,43,diffusers,none,0.0,full,square,diffusers-turbo,rembg,1.0,145.12,0.9882,31.83,0.0211,0.9096,0.9995,0.9727,0.8954
sunglasses_blue,eyewear,white,43,diffusers,none,0.0,full,story,diffusers-turbo,rembg,1.0,145.12,0.9883,31.78,0.0211,0.9074,0.9995,0.406,0.9082
sunglasses_blue,eyewear,white,43,diffusers,none,0.0,full,banner,diffusers-turbo,rembg,1.0,145.12,0.9893,32.69,0.0172,0.9047,0.9996,0.9704,0.8913
sunglasses_blue,eyewear,white,43,diffusers,graded,0.25,full,square,diffusers-turbo,rembg,1.0,145.12,0.9877,30.82,0.0214,0.9099,0.8754,0.9763,0.895
sunglasses_blue,eyewear,white,43,diffusers,graded,0.25,full,story,diffusers-turbo,rembg,1.0,145.12,0.9877,30.78,0.0214,0.9076,0.8751,0.3421,0.9083
sunglasses_blue,eyewear,white,43,diffusers,graded,0.25,full,banner,diffusers-turbo,rembg,1.0,145.12,0.9888,31.52,0.0176,0.9086,0.8749,0.9967,0.8914
sunglasses_blue,eyewear,white,43,diffusers,graded,0.5,full,square,diffusers-turbo,rembg,1.0,145.12,0.9866,28.56,0.0222,0.9103,0.6728,0.9792,0.8948
sunglasses_blue,eyewear,white,43,diffusers,graded,0.5,full,story,diffusers-turbo,rembg,1.0,145.12,0.9866,28.54,0.0223,0.9103,0.6727,0.2963,0.9075
sunglasses_blue,eyewear,white,43,diffusers,graded,0.5,full,banner,diffusers-turbo,rembg,1.0,145.12,0.9876,28.98,0.0184,0.9123,0.6721,0.9997,0.8912
sunglasses_blue,eyewear,white,43,diffusers,graded,0.75,full,square,diffusers-turbo,rembg,1.0,145.12,0.9847,26.33,0.0237,0.9129,0.4415,0.981,0.8944
sunglasses_blue,eyewear,white,43,diffusers,graded,0.75,full,story,diffusers-turbo,rembg,1.0,145.12,0.9847,26.32,0.0238,0.912,0.4413,0.2657,0.9058
sunglasses_blue,eyewear,white,43,diffusers,graded,0.75,full,banner,diffusers-turbo,rembg,1.0,145.12,0.9856,26.59,0.0201,0.9173,0.4404,0.9956,0.8897
sunglasses_blue,eyewear,white,43,diffusers,graded,1.0,full,square,diffusers-turbo,rembg,1.0,145.12,0.9824,24.38,0.0256,0.9159,0.3214,0.9824,0.9007
sunglasses_blue,eyewear,white,43,diffusers,graded,1.0,full,story,diffusers-turbo,rembg,1.0,145.12,0.9824,24.37,0.0257,0.9166,0.3214,0.2437,0.9041
sunglasses_blue,eyewear,white,43,diffusers,graded,1.0,full,banner,diffusers-turbo,rembg,1.0,145.12,0.9832,24.55,0.022,0.9228,0.3201,0.9903,0.889
sunglasses_blue,eyewear,white,44,procedural,none,0.0,full,square,procedural,rembg,1.0,145.12,0.9908,35.92,0.0116,0.9196,0.9996,0.9902,0.9618
sunglasses_blue,eyewear,white,44,procedural,none,0.0,full,story,procedural,rembg,1.0,145.12,0.9912,36.3,0.0109,0.9216,0.9996,0.6757,0.9497
sunglasses_blue,eyewear,white,44,procedural,none,0.0,full,banner,procedural,rembg,1.0,145.12,0.9924,37.66,0.0087,0.9279,0.9997,0.8864,0.95
sunglasses_blue,eyewear,white,44,procedural,graded,0.25,full,square,procedural,rembg,1.0,145.12,0.9905,35.27,0.0117,0.9228,0.9347,0.9801,0.961
sunglasses_blue,eyewear,white,44,procedural,graded,0.25,full,story,procedural,rembg,1.0,145.12,0.9909,35.61,0.011,0.9252,0.9346,0.6175,0.9495
sunglasses_blue,eyewear,white,44,procedural,graded,0.25,full,banner,procedural,rembg,1.0,145.12,0.9921,36.76,0.0088,0.9301,0.9345,0.8595,0.9504
sunglasses_blue,eyewear,white,44,procedural,graded,0.5,full,square,procedural,rembg,1.0,145.12,0.9896,33.32,0.0123,0.9254,0.8318,0.9728,0.9602
sunglasses_blue,eyewear,white,44,procedural,graded,0.5,full,story,procedural,rembg,1.0,145.12,0.99,33.55,0.0116,0.9277,0.8316,0.585,0.9491
sunglasses_blue,eyewear,white,44,procedural,graded,0.5,full,banner,procedural,rembg,1.0,145.12,0.9912,34.25,0.0094,0.9335,0.8314,0.8417,0.9501
sunglasses_blue,eyewear,white,44,procedural,graded,0.75,full,square,procedural,rembg,1.0,145.12,0.9885,31.22,0.0131,0.9284,0.7584,0.9666,0.9596
sunglasses_blue,eyewear,white,44,procedural,graded,0.75,full,story,procedural,rembg,1.0,145.12,0.9889,31.36,0.0124,0.9322,0.758,0.5644,0.9482
sunglasses_blue,eyewear,white,44,procedural,graded,0.75,full,banner,procedural,rembg,1.0,145.12,0.9901,31.78,0.0102,0.9375,0.7578,0.8265,0.9504
sunglasses_blue,eyewear,white,44,procedural,graded,1.0,full,square,procedural,rembg,1.0,145.12,0.987,29.33,0.0143,0.9314,0.5814,0.9619,0.9585
sunglasses_blue,eyewear,white,44,procedural,graded,1.0,full,story,procedural,rembg,1.0,145.12,0.9874,29.43,0.0136,0.9352,0.5812,0.5509,0.9473
sunglasses_blue,eyewear,white,44,procedural,graded,1.0,full,banner,procedural,rembg,1.0,145.12,0.9886,29.7,0.0114,0.9409,0.5804,0.8154,0.9504
sunglasses_blue,eyewear,white,44,diffusers,none,0.0,full,square,diffusers-turbo,rembg,1.0,145.12,0.9902,33.98,0.0139,0.9119,0.9996,0.5033,0.8884
sunglasses_blue,eyewear,white,44,diffusers,none,0.0,full,story,diffusers-turbo,rembg,1.0,145.12,0.9895,33.71,0.0148,0.9088,0.9996,0.6477,0.8881
sunglasses_blue,eyewear,white,44,diffusers,none,0.0,full,banner,diffusers-turbo,rembg,1.0,145.12,0.9906,34.06,0.0133,0.9104,0.9997,0.9995,0.8663
sunglasses_blue,eyewear,white,44,diffusers,graded,0.25,full,square,diffusers-turbo,rembg,1.0,145.12,0.9899,33.54,0.014,0.9163,0.9351,0.4538,0.887
sunglasses_blue,eyewear,white,44,diffusers,graded,0.25,full,story,diffusers-turbo,rembg,1.0,145.12,0.9892,33.29,0.0149,0.9124,0.9351,0.6247,0.8884
sunglasses_blue,eyewear,white,44,diffusers,graded,0.25,full,banner,diffusers-turbo,rembg,1.0,145.12,0.9904,33.61,0.0135,0.9128,0.9352,1.0,0.8648
sunglasses_blue,eyewear,white,44,diffusers,graded,0.5,full,square,diffusers-turbo,rembg,1.0,145.12,0.989,32.11,0.0145,0.92,0.8327,0.4302,0.8852
sunglasses_blue,eyewear,white,44,diffusers,graded,0.5,full,story,diffusers-turbo,rembg,1.0,145.12,0.9884,31.92,0.0154,0.9166,0.8326,0.6091,0.8878
sunglasses_blue,eyewear,white,44,diffusers,graded,0.5,full,banner,diffusers-turbo,rembg,1.0,145.12,0.9895,32.16,0.014,0.917,0.8328,0.9992,0.863
sunglasses_blue,eyewear,white,44,diffusers,graded,0.75,full,square,diffusers-turbo,rembg,1.0,145.12,0.9879,30.41,0.0153,0.9229,0.7593,0.4137,0.8848
sunglasses_blue,eyewear,white,44,diffusers,graded,0.75,full,story,diffusers-turbo,rembg,1.0,145.12,0.9873,30.27,0.0162,0.92,0.7593,0.5978,0.8876
sunglasses_blue,eyewear,white,44,diffusers,graded,0.75,full,banner,diffusers-turbo,rembg,1.0,145.12,0.9884,30.44,0.0147,0.9203,0.7594,0.9977,0.8613
sunglasses_blue,eyewear,white,44,diffusers,graded,1.0,full,square,diffusers-turbo,rembg,1.0,145.12,0.9865,28.78,0.0164,0.9254,0.5825,0.4053,0.8863
sunglasses_blue,eyewear,white,44,diffusers,graded,1.0,full,story,diffusers-turbo,rembg,1.0,145.12,0.9858,28.68,0.0173,0.9223,0.5825,0.5912,0.8878
sunglasses_blue,eyewear,white,44,diffusers,graded,1.0,full,banner,diffusers-turbo,rembg,1.0,145.12,0.987,28.8,0.0159,0.9229,0.5828,0.9959,0.8596
headphones_black,electronics,white,42,diffusers,none,0.0,full,square,diffusers-turbo,rembg,1.0,116.89,0.9625,25.12,0.0629,0.9283,0.9827,0.9981,0.909
headphones_black,electronics,white,42,diffusers,none,0.0,full,story,diffusers-turbo,rembg,1.0,116.89,0.9595,24.32,0.0687,0.9277,0.9838,1.0,0.8677
headphones_black,electronics,white,42,diffusers,none,0.0,full,banner,diffusers-turbo,rembg,1.0,116.89,0.9648,25.88,0.0622,0.937,0.9812,0.675,0.8892
headphones_black,electronics,white,42,diffusers,graded,0.25,full,square,diffusers-turbo,rembg,1.0,116.89,0.9643,25.24,0.0628,0.9266,0.9846,0.9995,0.9084
headphones_black,electronics,white,42,diffusers,graded,0.25,full,story,diffusers-turbo,rembg,1.0,116.89,0.9615,24.44,0.0685,0.9256,0.9859,0.9997,0.8683
headphones_black,electronics,white,42,diffusers,graded,0.25,full,banner,diffusers-turbo,rembg,1.0,116.89,0.9663,26.01,0.0621,0.9337,0.9827,0.6965,0.889
headphones_black,electronics,white,42,diffusers,graded,0.5,full,square,diffusers-turbo,rembg,1.0,116.89,0.9639,25.24,0.063,0.9239,0.9859,1.0,0.9084
headphones_black,electronics,white,42,diffusers,graded,0.5,full,story,diffusers-turbo,rembg,1.0,116.89,0.9612,24.46,0.0687,0.9238,0.9874,0.9981,0.8688
headphones_black,electronics,white,42,diffusers,graded,0.5,full,banner,diffusers-turbo,rembg,1.0,116.89,0.9659,25.99,0.0625,0.931,0.984,0.7173,0.8886
headphones_black,electronics,white,42,diffusers,graded,0.75,full,square,diffusers-turbo,rembg,1.0,116.89,0.9634,25.21,0.0632,0.922,0.9862,0.9997,0.908
headphones_black,electronics,white,42,diffusers,graded,0.75,full,story,diffusers-turbo,rembg,1.0,116.89,0.9607,24.45,0.0688,0.9227,0.9878,0.9954,0.8691
headphones_black,electronics,white,42,diffusers,graded,0.75,full,banner,diffusers-turbo,rembg,1.0,116.89,0.9653,25.95,0.0626,0.9277,0.9845,0.7358,0.8886
headphones_black,electronics,white,42,diffusers,graded,1.0,full,square,diffusers-turbo,rembg,1.0,116.89,0.9625,25.13,0.0636,0.9207,0.986,0.9986,0.9079
headphones_black,electronics,white,42,diffusers,graded,1.0,full,story,diffusers-turbo,rembg,1.0,116.89,0.96,24.4,0.069,0.9217,0.9877,0.9918,0.8691
headphones_black,electronics,white,42,diffusers,graded,1.0,full,banner,diffusers-turbo,rembg,1.0,116.89,0.9644,25.85,0.063,0.9248,0.9845,0.7536,0.8883
headphones_black,electronics,white,43,procedural,none,0.0,full,square,procedural,rembg,1.0,116.89,0.9906,35.53,0.0457,0.9256,0.9938,0.0009,0.9
headphones_black,electronics,white,43,procedural,none,0.0,full,story,procedural,rembg,1.0,116.89,0.9915,36.29,0.0413,0.9301,0.9949,0.0028,0.8974
headphones_black,electronics,white,43,procedural,none,0.0,full,banner,procedural,rembg,1.0,116.89,0.9782,19.3,0.0485,0.9291,0.995,0.2612,0.91
headphones_black,electronics,white,43,procedural,graded,0.25,full,square,procedural,rembg,1.0,116.89,0.9907,35.75,0.0442,0.9286,0.9931,0.0009,0.898
headphones_black,electronics,white,43,procedural,graded,0.25,full,story,procedural,rembg,1.0,116.89,0.9916,36.48,0.0401,0.9328,0.9945,0.0028,0.8986
headphones_black,electronics,white,43,procedural,graded,0.25,full,banner,procedural,rembg,1.0,116.89,0.9783,19.31,0.0478,0.9314,0.9943,0.2576,0.9107
headphones_black,electronics,white,43,procedural,graded,0.5,full,square,procedural,rembg,1.0,116.89,0.9907,35.14,0.0433,0.93,0.9923,0.0009,0.8969
headphones_black,electronics,white,43,procedural,graded,0.5,full,story,procedural,rembg,1.0,116.89,0.9915,35.67,0.0397,0.9347,0.9929,0.0028,0.9002
headphones_black,electronics,white,43,procedural,graded,0.5,full,banner,procedural,rembg,1.0,116.89,0.9782,19.29,0.0473,0.9329,0.9929,0.2545,0.9124
headphones_black,electronics,white,43,procedural,graded,0.75,full,square,procedural,rembg,1.0,116.89,0.9904,33.82,0.0422,0.9312,0.9945,0.0009,0.8956
headphones_black,electronics,white,43,procedural,graded,0.75,full,story,procedural,rembg,1.0,116.89,0.991,34.14,0.0388,0.9362,0.9949,0.0028,0.9013
headphones_black,electronics,white,43,procedural,graded,0.75,full,banner,procedural,rembg,1.0,116.89,0.9778,19.25,0.0468,0.9351,0.994,0.2521,0.91
headphones_black,electronics,white,43,procedural,graded,1.0,full,square,procedural,rembg,1.0,116.89,0.9896,32.28,0.0416,0.9329,0.9908,0.0009,0.8937
headphones_black,electronics,white,43,procedural,graded,1.0,full,story,procedural,rembg,1.0,116.89,0.9902,32.45,0.039,0.9373,0.9916,0.0027,0.9041
headphones_black,electronics,white,43,procedural,graded,1.0,full,banner,procedural,rembg,1.0,116.89,0.977,19.18,0.0466,0.937,0.9902,0.2497,0.9089
headphones_black,electronics,white,43,diffusers,none,0.0,full,square,diffusers-turbo,rembg,1.0,116.89,0.9592,23.07,0.0923,0.9226,0.9856,0.8172,0.8245
headphones_black,electronics,white,43,diffusers,none,0.0,full,story,diffusers-turbo,rembg,1.0,116.89,0.9586,22.89,0.0931,0.9232,0.9858,0.3675,0.8161
headphones_black,electronics,white,43,diffusers,none,0.0,full,banner,diffusers-turbo,rembg,1.0,116.89,0.9598,24.65,0.0695,0.9223,0.9902,0.5392,0.816
headphones_black,electronics,white,43,diffusers,graded,0.25,full,square,diffusers-turbo,rembg,1.0,116.89,0.9588,22.99,0.0929,0.9249,0.9834,0.8178,0.8234
headphones_black,electronics,white,43,diffusers,graded,0.25,full,story,diffusers-turbo,rembg,1.0,116.89,0.9582,22.82,0.0938,0.924,0.9836,0.3621,0.8157
headphones_black,electronics,white,43,diffusers,graded,0.25,full,banner,diffusers-turbo,rembg,1.0,116.89,0.9594,24.56,0.07,0.9236,0.9884,0.5396,0.816
headphones_black,electronics,white,43,diffusers,graded,0.5,full,square,diffusers-turbo,rembg,1.0,116.89,0.9579,22.82,0.094,0.9261,0.9788,0.8187,0.8236
headphones_black,electronics,white,43,diffusers,graded,0.5,full,story,diffusers-turbo,rembg,1.0,116.89,0.9574,22.65,0.095,0.9248,0.979,0.3564,0.816
headphones_black,electronics,white,43,diffusers,graded,0.5,full,banner,diffusers-turbo,rembg,1.0,116.89,0.9585,24.33,0.071,0.9256,0.9864,0.5392,0.8164
headphones_black,electronics,white,43,diffusers,graded,0.75,full,square,diffusers-turbo,rembg,1.0,116.89,0.9567,22.59,0.0949,0.9278,0.9738,0.8193,0.8232
headphones_black,electronics,white,43,diffusers,graded,0.75,full,story,diffusers-turbo,rembg,1.0,116.89,0.9561,22.43,0.0959,0.9271,0.9739,0.3511,0.8161
headphones_black,electronics,white,43,diffusers,graded,0.75,full,banner,diffusers-turbo,rembg,1.0,116.89,0.9573,24.04,0.072,0.9274,0.9821,0.5391,0.8169
headphones_black,electronics,white,43,diffusers,graded,1.0,full,square,diffusers-turbo,rembg,1.0,116.89,0.9551,22.33,0.096,0.9329,0.9682,0.8202,0.8223
headphones_black,electronics,white,43,diffusers,graded,1.0,full,story,diffusers-turbo,rembg,1.0,116.89,0.9546,22.17,0.097,0.9288,0.9683,0.3466,0.8173
headphones_black,electronics,white,43,diffusers,graded,1.0,full,banner,diffusers-turbo,rembg,1.0,116.89,0.9557,23.69,0.073,0.93,0.9764,0.539,0.8177
headphones_black,electronics,white,44,procedural,none,0.0,full,square,procedural,rembg,1.0,116.89,0.9902,35.58,0.0414,0.9267,0.9949,0.029,0.9023
headphones_black,electronics,white,44,procedural,none,0.0,full,story,procedural,rembg,1.0,116.89,0.9909,36.16,0.0405,0.9321,0.9954,0.0345,0.9059
headphones_black,electronics,white,44,procedural,none,0.0,full,banner,procedural,rembg,1.0,116.89,0.991,36.13,0.0392,0.9313,0.9959,0.1377,0.9065
headphones_black,electronics,white,44,procedural,graded,0.25,full,square,procedural,rembg,1.0,116.89,0.9903,35.75,0.0409,0.9277,0.9948,0.0263,0.9024
headphones_black,electronics,white,44,procedural,graded,0.25,full,story,procedural,rembg,1.0,116.89,0.991,36.33,0.0401,0.9333,0.9953,0.0317,0.9063
headphones_black,electronics,white,44,procedural,graded,0.25,full,banner,procedural,rembg,1.0,116.89,0.9911,36.31,0.0388,0.9324,0.9958,0.1428,0.9071
headphones_black,electronics,white,44,procedural,graded,0.5,full,square,procedural,rembg,1.0,116.89,0.9903,35.67,0.0403,0.9294,0.996,0.0237,0.9022
headphones_black,electronics,white,44,procedural,graded,0.5,full,story,procedural,rembg,1.0,116.89,0.991,36.18,0.0397,0.9344,0.9964,0.029,0.907
headphones_black,electronics,white,44,procedural,graded,0.5,full,banner,procedural,rembg,1.0,116.89,0.9911,36.16,0.0385,0.9337,0.9968,0.1484,0.9085
headphones_black,electronics,white,44,procedural,graded,0.75,full,square,procedural,rembg,1.0,116.89,0.9902,35.19,0.0403,0.9301,0.9955,0.0214,0.9005
headphones_black,electronics,white,44,procedural,graded,0.75,full,story,procedural,rembg,1.0,116.89,0.9908,35.59,0.0399,0.9357,0.9954,0.0266,0.9074
headphones_black,electronics,white,44,procedural,graded,0.75,full,banner,procedural,rembg,1.0,116.89,0.9909,35.59,0.0384,0.9348,0.9959,0.1534,0.9091
headphones_black,electronics,white,44,procedural,graded,1.0,full,square,procedural,rembg,1.0,116.89,0.99,34.43,0.0401,0.9307,0.9944,0.0192,0.899
headphones_black,electronics,white,44,procedural,graded,1.0,full,story,procedural,rembg,1.0,116.89,0.9906,34.72,0.0399,0.9366,0.9941,0.0243,0.9083
headphones_black,electronics,white,44,procedural,graded,1.0,full,banner,procedural,rembg,1.0,116.89,0.9907,34.73,0.0382,0.9356,0.9945,0.1584,0.91
headphones_black,electronics,white,44,diffusers,none,0.0,full,square,diffusers-turbo,rembg,1.0,116.89,0.9628,25.07,0.0695,0.931,0.9823,0.9608,0.8997
headphones_black,electronics,white,44,diffusers,none,0.0,full,story,diffusers-turbo,rembg,1.0,116.89,0.9611,24.54,0.0711,0.9274,0.9838,0.7973,0.9018
headphones_black,electronics,white,44,diffusers,none,0.0,full,banner,diffusers-turbo,rembg,1.0,116.89,0.9582,23.31,0.0737,0.9228,0.9856,0.9673,0.8464
headphones_black,electronics,white,44,diffusers,graded,0.25,full,square,diffusers-turbo,rembg,1.0,116.89,0.9626,25.04,0.0698,0.9348,0.9828,0.9647,0.8996
headphones_black,electronics,white,44,diffusers,graded,0.25,full,story,diffusers-turbo,rembg,1.0,116.89,0.9609,24.52,0.0714,0.9302,0.9842,0.8055,0.9018
headphones_black,electronics,white,44,diffusers,graded,0.25,full,banner,diffusers-turbo,rembg,1.0,116.89,0.958,23.29,0.0741,0.9236,0.9855,0.9703,0.8462
headphones_black,electronics,white,44,diffusers,graded,0.5,full,square,diffusers-turbo,rembg,1.0,116.89,0.9621,24.94,0.0703,0.9369,0.9811,0.9685,0.8997
headphones_black,electronics,white,44,diffusers,graded,0.5,full,story,diffusers-turbo,rembg,1.0,116.89,0.9604,24.42,0.0719,0.9336,0.9825,0.8142,0.902
headphones_black,electronics,white,44,diffusers,graded,0.5,full,banner,diffusers-turbo,rembg,1.0,116.89,0.9576,23.21,0.0746,0.9267,0.9836,0.9731,0.8463
headphones_black,electronics,white,44,diffusers,graded,0.75,full,square,diffusers-turbo,rembg,1.0,116.89,0.9615,24.8,0.071,0.9405,0.9799,0.9716,0.8999
headphones_black,electronics,white,44,diffusers,graded,0.75,full,story,diffusers-turbo,rembg,1.0,116.89,0.9598,24.29,0.0725,0.9377,0.9811,0.8212,0.9021
headphones_black,electronics,white,44,diffusers,graded,0.75,full,banner,diffusers-turbo,rembg,1.0,116.89,0.957,23.1,0.0754,0.9282,0.982,0.9756,0.846
headphones_black,electronics,white,44,diffusers,graded,1.0,full,square,diffusers-turbo,rembg,1.0,116.89,0.9607,24.63,0.0718,0.9437,0.9771,0.9743,0.9002
headphones_black,electronics,white,44,diffusers,graded,1.0,full,story,diffusers-turbo,rembg,1.0,116.89,0.959,24.14,0.0732,0.9405,0.9784,0.8276,0.902
headphones_black,electronics,white,44,diffusers,graded,1.0,full,banner,diffusers-turbo,rembg,1.0,116.89,0.9563,22.97,0.076,0.9305,0.9792,0.9778,0.8461
headphones_grey,electronics,white,42,diffusers,none,0.0,full,square,diffusers-turbo,rembg,1.0,86.7,0.9771,25.3,0.0361,0.9235,0.9818,0.999,0.9179
headphones_grey,electronics,white,42,diffusers,none,0.0,full,story,diffusers-turbo,rembg,1.0,86.7,0.9751,24.51,0.0413,0.9233,0.9804,0.9577,0.9078
headphones_grey,electronics,white,42,diffusers,none,0.0,full,banner,diffusers-turbo,rembg,1.0,86.7,0.9786,26.18,0.0349,0.9272,0.9829,0.6906,0.913
headphones_grey,electronics,white,42,diffusers,graded,0.25,full,square,diffusers-turbo,rembg,1.0,86.7,0.9777,25.44,0.0358,0.9218,0.9816,0.9991,0.9174
headphones_grey,electronics,white,42,diffusers,graded,0.25,full,story,diffusers-turbo,rembg,1.0,86.7,0.9757,24.66,0.0412,0.922,0.9816,0.9819,0.9071
headphones_grey,electronics,white,42,diffusers,graded,0.25,full,banner,diffusers-turbo,rembg,1.0,86.7,0.9791,26.32,0.0347,0.9247,0.9826,0.7621,0.9133
headphones_grey,electronics,white,42,diffusers,graded,0.5,full,square,diffusers-turbo,rembg,1.0,86.7,0.9775,25.4,0.036,0.9196,0.9773,0.9925,0.9171
headphones_grey,electronics,white,42,diffusers,graded,0.5,full,story,diffusers-turbo,rembg,1.0,86.7,0.9756,24.66,0.0414,0.9211,0.9788,0.9961,0.9071
headphones_grey,electronics,white,42,diffusers,graded,0.5,full,banner,diffusers-turbo,rembg,1.0,86.7,0.9789,26.26,0.035,0.9223,0.978,0.8177,0.9133
headphones_grey,electronics,white,42,diffusers,graded,0.75,full,square,diffusers-turbo,rembg,1.0,86.7,0.9771,25.27,0.0364,0.9182,0.9711,0.9803,0.9168
headphones_grey,electronics,white,42,diffusers,graded,0.75,full,story,diffusers-turbo,rembg,1.0,86.7,0.9753,24.57,0.0418,0.9206,0.9733,0.9999,0.907
headphones_grey,electronics,white,42,diffusers,graded,0.75,full,banner,diffusers-turbo,rembg,1.0,86.7,0.9786,26.08,0.0354,0.9209,0.9716,0.8616,0.9136
headphones_grey,electronics,white,42,diffusers,graded,1.0,full,square,diffusers-turbo,rembg,1.0,86.7,0.9765,25.04,0.037,0.9167,0.9627,0.9651,0.9165
headphones_grey,electronics,white,42,diffusers,graded,1.0,full,story,diffusers-turbo,rembg,1.0,86.7,0.9747,24.41,0.0425,0.9198,0.9662,0.9941,0.9067
headphones_grey,electronics,white,42,diffusers,graded,1.0,full,banner,diffusers-turbo,rembg,1.0,86.7,0.9779,25.79,0.036,0.9183,0.963,0.8944,0.9135
headphones_grey,electronics,white,43,procedural,none,0.0,full,square,procedural,rembg,1.0,86.7,0.988,30.24,0.0322,0.9329,0.9951,0.5363,0.9112
headphones_grey,electronics,white,43,procedural,none,0.0,full,story,procedural,rembg,1.0,86.7,0.988,30.26,0.0319,0.9332,0.9951,0.0001,0.9224
headphones_grey,electronics,white,43,procedural,none,0.0,full,banner,procedural,rembg,1.0,86.7,0.9852,23.93,0.0339,0.9307,0.995,0.0037,0.9199
headphones_grey,electronics,white,43,procedural,graded,0.25,full,square,procedural,rembg,1.0,86.7,0.9885,30.55,0.0311,0.938,0.9926,0.5333,0.9072
headphones_grey,electronics,white,43,procedural,graded,0.25,full,story,procedural,rembg,1.0,86.7,0.9886,30.57,0.0309,0.938,0.9926,0.0001,0.9214
headphones_grey,electronics,white,43,procedural,graded,0.25,full,banner,procedural,rembg,1.0,86.7,0.9857,24.0,0.0331,0.9352,0.9927,0.001,0.9215
headphones_grey,electronics,white,43,procedural,graded,0.5,full,square,procedural,rembg,1.0,86.7,0.9891,30.41,0.0297,0.9412,0.9904,0.528,0.907
headphones_grey,electronics,white,43,procedural,graded,0.5,full,story,procedural,rembg,1.0,86.7,0.9891,30.42,0.0295,0.9412,0.9904,0.0,0.9218
headphones_grey,electronics,white,43,procedural,graded,0.5,full,banner,procedural,rembg,1.0,86.7,0.9861,23.97,0.0324,0.939,0.99,0.0146,0.9227
headphones_grey,electronics,white,43,procedural,graded,0.75,full,square,procedural,rembg,1.0,86.7,0.9893,29.72,0.0288,0.9451,0.9837,0.523,0.9039
headphones_grey,electronics,white,43,procedural,graded,0.75,full,story,procedural,rembg,1.0,86.7,0.9893,29.73,0.0285,0.9455,0.9837,0.0,0.9192
headphones_grey,electronics,white,43,procedural,graded,0.75,full,banner,procedural,rembg,1.0,86.7,0.9862,23.8,0.0319,0.9425,0.9833,0.0359,0.921
headphones_grey,electronics,white,43,procedural,graded,1.0,full,square,procedural,rembg,1.0,86.7,0.9892,28.69,0.0276,0.9478,0.9745,0.5209,0.9026
headphones_grey,electronics,white,43,procedural,graded,1.0,full,story,procedural,rembg,1.0,86.7,0.9892,28.7,0.0274,0.9485,0.9745,0.0,0.9201
headphones_grey,electronics,white,43,procedural,graded,1.0,full,banner,procedural,rembg,1.0,86.7,0.9861,23.51,0.0315,0.9446,0.9737,0.0603,0.9169
headphones_grey,electronics,white,43,diffusers,none,0.0,full,square,diffusers-turbo,rembg,1.0,86.7,0.9751,23.15,0.0537,0.9211,0.9766,0.0061,0.8755
headphones_grey,electronics,white,43,diffusers,none,0.0,full,story,diffusers-turbo,rembg,1.0,86.7,0.9744,22.8,0.0573,0.9222,0.9761,0.281,0.8567
headphones_grey,electronics,white,43,diffusers,none,0.0,full,banner,diffusers-turbo,rembg,1.0,86.7,0.9764,23.59,0.0439,0.9197,0.9796,0.948,0.8463
headphones_grey,electronics,white,43,diffusers,graded,0.25,full,square,diffusers-turbo,rembg,1.0,86.7,0.9747,23.0,0.0538,0.9224,0.9724,0.0049,0.8752
headphones_grey,electronics,white,43,diffusers,graded,0.25,full,story,diffusers-turbo,rembg,1.0,86.7,0.974,22.65,0.0574,0.9232,0.9715,0.2742,0.8562
headphones_grey,electronics,white,43,diffusers,graded,0.25,full,banner,diffusers-turbo,rembg,1.0,86.7,0.976,23.43,0.0441,0.9218,0.9753,0.9475,0.8458
headphones_grey,electronics,white,43,diffusers,graded,0.5,full,square,diffusers-turbo,rembg,1.0,86.7,0.9739,22.69,0.0543,0.9237,0.9649,0.0044,0.8744
headphones_grey,electronics,white,43,diffusers,graded,0.5,full,story,diffusers-turbo,rembg,1.0,86.7,0.9732,22.36,0.0579,0.9251,0.9627,0.2717,0.8556
headphones_grey,electronics,white,43,diffusers,graded,0.5,full,banner,diffusers-turbo,rembg,1.0,86.7,0.9752,23.11,0.0448,0.9244,0.9675,0.9482,0.8457
headphones_grey,electronics,white,43,diffusers,graded,0.75,full,square,diffusers-turbo,rembg,1.0,86.7,0.9728,22.31,0.055,0.9259,0.9558,0.0038,0.8738
headphones_grey,electronics,white,43,diffusers,graded,0.75,full,story,diffusers-turbo,rembg,1.0,86.7,0.9722,22.0,0.0587,0.9258,0.9529,0.2679,0.855
headphones_grey,electronics,white,43,diffusers,graded,0.75,full,banner,diffusers-turbo,rembg,1.0,86.7,0.9741,22.7,0.0456,0.927,0.9583,0.9483,0.8455
headphones_grey,electronics,white,43,diffusers,graded,1.0,full,square,diffusers-turbo,rembg,1.0,86.7,0.9715,21.88,0.056,0.9271,0.943,0.0032,0.8737
headphones_grey,electronics,white,43,diffusers,graded,1.0,full,story,diffusers-turbo,rembg,1.0,86.7,0.9708,21.58,0.0597,0.9279,0.9393,0.2647,0.8541
headphones_grey,electronics,white,43,diffusers,graded,1.0,full,banner,diffusers-turbo,rembg,1.0,86.7,0.9727,22.23,0.0467,0.93,0.9451,0.948,0.8453
headphones_grey,electronics,white,44,procedural,none,0.0,full,square,procedural,rembg,1.0,86.7,0.9874,30.25,0.0297,0.934,0.9951,0.5173,0.9132
headphones_grey,electronics,white,44,procedural,none,0.0,full,story,procedural,rembg,1.0,86.7,0.9875,30.27,0.0297,0.9346,0.9951,0.995,0.9212
headphones_grey,electronics,white,44,procedural,none,0.0,full,banner,procedural,rembg,1.0,86.7,0.9874,30.23,0.0303,0.9337,0.995,0.4756,0.9177
headphones_grey,electronics,white,44,procedural,graded,0.25,full,square,procedural,rembg,1.0,86.7,0.9877,30.43,0.0292,0.9371,0.9943,0.5514,0.9119
headphones_grey,electronics,white,44,procedural,graded,0.25,full,story,procedural,rembg,1.0,86.7,0.9878,30.45,0.0293,0.9376,0.9943,0.9988,0.9206
headphones_grey,electronics,white,44,procedural,graded,0.25,full,banner,procedural,rembg,1.0,86.7,0.9877,30.41,0.0297,0.937,0.9943,0.5106,0.9185
headphones_grey,electronics,white,44,procedural,graded,0.5,full,square,procedural,rembg,1.0,86.7,0.9881,30.55,0.0285,0.9387,0.9924,0.5812,0.9097
headphones_grey,electronics,white,44,procedural,graded,0.5,full,story,procedural,rembg,1.0,86.7,0.9882,30.56,0.0285,0.9398,0.9924,1.0,0.9208
headphones_grey,electronics,white,44,procedural,graded,0.5,full,banner,procedural,rembg,1.0,86.7,0.9881,30.52,0.029,0.9392,0.9923,0.5406,0.9197
headphones_grey,electronics,white,44,procedural,graded,0.75,full,square,procedural,rembg,1.0,86.7,0.9884,30.44,0.028,0.9427,0.991,0.609,0.9087
headphones_grey,electronics,white,44,procedural,graded,0.75,full,story,procedural,rembg,1.0,86.7,0.9884,30.45,0.028,0.9426,0.991,0.9994,0.9201
headphones_grey,electronics,white,44,procedural,graded,0.75,full,banner,procedural,rembg,1.0,86.7,0.9883,30.41,0.0284,0.9422,0.991,0.5682,0.9198
headphones_grey,electronics,white,44,procedural,graded,1.0,full,square,procedural,rembg,1.0,86.7,0.9885,30.12,0.0273,0.9451,0.9884,0.6326,0.907
headphones_grey,electronics,white,44,procedural,graded,1.0,full,story,procedural,rembg,1.0,86.7,0.9886,30.13,0.0273,0.9457,0.9884,0.9975,0.9191
headphones_grey,electronics,white,44,procedural,graded,1.0,full,banner,procedural,rembg,1.0,86.7,0.9885,30.1,0.0278,0.9449,0.9884,0.592,0.9188
headphones_grey,electronics,white,44,diffusers,none,0.0,full,square,diffusers-turbo,rembg,1.0,86.7,0.9775,25.5,0.0401,0.9218,0.9826,0.9474,0.9249
headphones_grey,electronics,white,44,diffusers,none,0.0,full,story,diffusers-turbo,rembg,1.0,86.7,0.9762,24.75,0.0424,0.921,0.9805,0.7749,0.9354
headphones_grey,electronics,white,44,diffusers,none,0.0,full,banner,diffusers-turbo,rembg,1.0,86.7,0.9743,23.31,0.0463,0.9197,0.978,0.9812,0.871
headphones_grey,electronics,white,44,diffusers,graded,0.25,full,square,diffusers-turbo,rembg,1.0,86.7,0.9774,25.42,0.0403,0.9233,0.9829,0.9645,0.9248
headphones_grey,electronics,white,44,diffusers,graded,0.25,full,story,diffusers-turbo,rembg,1.0,86.7,0.976,24.68,0.0425,0.9231,0.9809,0.808,0.9353
headphones_grey,electronics,white,44,diffusers,graded,0.25,full,banner,diffusers-turbo,rembg,1.0,86.7,0.9742,23.25,0.0464,0.9215,0.9771,0.9741,0.8711
headphones_grey,electronics,white,44,diffusers,graded,0.5,full,square,diffusers-turbo,rembg,1.0,86.7,0.977,25.23,0.0407,0.9251,0.9802,0.9767,0.9245
headphones_grey,electronics,white,44,diffusers,graded,0.5,full,story,diffusers-turbo,rembg,1.0,86.7,0.9756,24.51,0.043,0.9247,0.9786,0.8342,0.9353
headphones_grey,electronics,white,44,diffusers,graded,0.5,full,banner,diffusers-turbo,rembg,1.0,86.7,0.9738,23.11,0.0468,0.9223,0.9733,0.9664,0.8706
headphones_grey,electronics,white,44,diffusers,graded,0.75,full,square,diffusers-turbo,rembg,1.0,86.7,0.9764,24.98,0.0413,0.927,0.9776,0.9859,0.9249
headphones_grey,electronics,white,44,diffusers,graded,0.75,full,story,diffusers-turbo,rembg,1.0,86.7,0.9751,24.28,0.0437,0.9259,0.9752,0.857,0.9354
headphones_grey,electronics,white,44,diffusers,graded,0.75,full,banner,diffusers-turbo,rembg,1.0,86.7,0.9733,22.93,0.0472,0.9243,0.9693,0.9585,0.8706
headphones_grey,electronics,white,44,diffusers,graded,1.0,full,square,diffusers-turbo,rembg,1.0,86.7,0.9758,24.67,0.0419,0.9303,0.9744,0.992,0.9252
headphones_grey,electronics,white,44,diffusers,graded,1.0,full,story,diffusers-turbo,rembg,1.0,86.7,0.9744,24.01,0.0443,0.9281,0.9718,0.8749,0.9353
headphones_grey,electronics,white,44,diffusers,graded,1.0,full,banner,diffusers-turbo,rembg,1.0,86.7,0.9727,22.71,0.0479,0.926,0.9648,0.9508,0.869
mug_white,homeware,white,42,diffusers,none,0.0,full,square,diffusers-turbo,rembg,0.4678,13.61,0.9913,36.59,0.0363,0.8382,0.9999,0.5099,0.9083
mug_white,homeware,white,42,diffusers,none,0.0,full,story,diffusers-turbo,rembg,0.4678,13.61,0.9921,37.12,0.0374,0.8538,0.9998,0.9961,0.9288
mug_white,homeware,white,42,diffusers,none,0.0,full,banner,diffusers-turbo,rembg,0.4678,13.61,0.9949,38.38,0.0242,0.9023,0.9999,0.8805,0.9057
mug_white,homeware,white,42,diffusers,graded,0.25,full,square,diffusers-turbo,rembg,0.4678,13.61,0.9908,33.38,0.0363,0.8266,0.9261,0.5326,0.9044
mug_white,homeware,white,42,diffusers,graded,0.25,full,story,diffusers-turbo,rembg,0.4678,13.61,0.9916,33.62,0.0375,0.8406,0.9261,0.9889,0.9313
mug_white,homeware,white,42,diffusers,graded,0.25,full,banner,diffusers-turbo,rembg,0.4678,13.61,0.9944,33.97,0.0245,0.8938,0.9263,0.9009,0.9044
mug_white,homeware,white,42,diffusers,graded,0.5,full,square,diffusers-turbo,rembg,0.4678,13.61,0.9897,29.47,0.0379,0.8106,0.8,0.5507,0.9005
mug_white,homeware,white,42,diffusers,graded,0.5,full,story,diffusers-turbo,rembg,0.4678,13.61,0.9905,29.56,0.0392,0.8282,0.8002,0.9797,0.9187
mug_white,homeware,white,42,diffusers,graded,0.5,full,banner,diffusers-turbo,rembg,0.4678,13.61,0.9933,29.65,0.0265,0.8816,0.8001,0.9137,0.9016
mug_white,homeware,white,42,diffusers,graded,0.75,full,square,diffusers-turbo,rembg,0.4678,13.61,0.9878,26.55,0.0413,0.7992,0.6689,0.5685,0.8968
mug_white,homeware,white,42,diffusers,graded,0.75,full,story,diffusers-turbo,rembg,0.4678,13.61,0.9886,26.6,0.0428,0.8158,0.6691,0.9683,0.9155
mug_white,homeware,white,42,diffusers,graded,0.75,full,banner,diffusers-turbo,rembg,0.4678,13.61,0.9915,26.62,0.0304,0.8707,0.6689,0.9239,0.9197
mug_white,homeware,white,42,diffusers,graded,1.0,full,square,diffusers-turbo,rembg,0.4678,13.61,0.9853,24.3,0.0471,0.7844,0.5077,0.5847,0.8958
mug_white,homeware,white,42,diffusers,graded,1.0,full,story,diffusers-turbo,rembg,0.4678,13.61,0.9862,24.33,0.0487,0.8031,0.5079,0.9551,0.9151
mug_white,homeware,white,42,diffusers,graded,1.0,full,banner,diffusers-turbo,rembg,0.4678,13.61,0.9891,24.33,0.0365,0.8599,0.5074,0.9312,0.9
mug_white,homeware,white,43,procedural,none,0.0,full,square,procedural,rembg,0.4678,13.61,0.9981,41.44,0.0057,0.9951,0.9998,0.9661,0.9452
mug_white,homeware,white,43,procedural,none,0.0,full,story,procedural,rembg,0.4678,13.61,0.9985,45.57,0.0046,0.9766,1.0,0.9969,0.9356
mug_white,homeware,white,43,procedural,none,0.0,full,banner,procedural,rembg,0.4678,13.61,0.9984,44.48,0.0041,0.9811,1.0,0.9998,0.9407
mug_white,homeware,white,43,procedural,graded,0.25,full,square,procedural,rembg,0.4678,13.61,0.9976,35.17,0.0072,0.9968,0.9227,0.9664,0.9548
mug_white,homeware,white,43,procedural,graded,0.25,full,story,procedural,rembg,0.4678,13.61,0.998,35.35,0.0063,0.9814,0.9201,0.9969,0.9336
mug_white,homeware,white,43,procedural,graded,0.25,full,banner,procedural,rembg,0.4678,13.61,0.9979,35.28,0.0058,0.9862,0.9212,0.9998,0.9377
mug_white,homeware,white,43,procedural,graded,0.5,full,square,procedural,rembg,0.4678,13.61,0.9966,29.15,0.0096,0.9975,0.7494,0.9668,0.9481
mug_white,homeware,white,43,procedural,graded,0.5,full,story,procedural,rembg,0.4678,13.61,0.9969,29.05,0.0092,0.985,0.7442,0.9971,0.9373
mug_white,homeware,white,43,procedural,graded,0.5,full,banner,procedural,rembg,0.4678,13.61,0.9968,29.06,0.0086,0.9896,0.7469,0.9998,0.9398
mug_white,homeware,white,43,procedural,graded,0.75,full,square,procedural,rembg,0.4678,13.61,0.995,25.5,0.0131,0.9977,0.575,0.9671,0.9477
mug_white,homeware,white,43,procedural,graded,0.75,full,story,procedural,rembg,0.4678,13.61,0.9952,25.39,0.0134,0.9876,0.565,0.9972,0.936
mug_white,homeware,white,43,procedural,graded,0.75,full,banner,procedural,rembg,0.4678,13.61,0.9951,25.41,0.0127,0.9915,0.5696,0.9998,0.941
mug_white,homeware,white,43,procedural,graded,1.0,full,square,procedural,rembg,0.4678,13.61,0.9927,22.93,0.0186,0.9964,0.385,0.9673,0.9469
mug_white,homeware,white,43,procedural,graded,1.0,full,story,procedural,rembg,0.4678,13.61,0.9927,22.84,0.0196,0.9884,0.3753,0.9972,0.932
mug_white,homeware,white,43,procedural,graded,1.0,full,banner,procedural,rembg,0.4678,13.61,0.9926,22.85,0.0187,0.9919,0.3806,0.9998,0.9374
mug_white,homeware,white,43,diffusers,none,0.0,full,square,diffusers-turbo,rembg,0.4678,13.61,0.9893,35.32,0.0413,0.8054,0.9998,0.0023,0.9245
mug_white,homeware,white,43,diffusers,none,0.0,full,story,diffusers-turbo,rembg,0.4678,13.61,0.9868,33.92,0.0517,0.768,0.9998,0.3398,0.9357
mug_white,homeware,white,43,diffusers,none,0.0,full,banner,diffusers-turbo,rembg,0.4678,13.61,0.9882,34.56,0.0443,0.7868,0.9998,0.798,0.9139
mug_white,homeware,white,43,diffusers,graded,0.25,full,square,diffusers-turbo,rembg,0.4678,13.61,0.9889,32.21,0.0431,0.8222,0.9212,0.0018,0.9211
mug_white,homeware,white,43,diffusers,graded,0.25,full,story,diffusers-turbo,rembg,0.4678,13.61,0.9866,31.42,0.0533,0.7825,0.9213,0.3263,0.9177
mug_white,homeware,white,43,diffusers,graded,0.25,full,banner,diffusers-turbo,rembg,0.4678,13.61,0.9879,31.79,0.0457,0.8023,0.9213,0.7982,0.9114
mug_white,homeware,white,43,diffusers,graded,0.5,full,square,diffusers-turbo,rembg,0.4678,13.61,0.9879,27.94,0.0462,0.8357,0.7467,0.0015,0.9223
mug_white,homeware,white,43,diffusers,graded,0.5,full,story,diffusers-turbo,rembg,0.4678,13.61,0.9858,27.6,0.0562,0.8008,0.7473,0.3177,0.9204
mug_white,homeware,white,43,diffusers,graded,0.5,full,banner,diffusers-turbo,rembg,0.4678,13.61,0.987,27.76,0.0483,0.8159,0.7471,0.7995,0.928
mug_white,homeware,white,43,diffusers,graded,0.75,full,square,diffusers-turbo,rembg,0.4678,13.61,0.9863,24.8,0.0508,0.8476,0.5672,0.0012,0.9209
mug_white,homeware,white,43,diffusers,graded,0.75,full,story,diffusers-turbo,rembg,0.4678,13.61,0.9842,24.62,0.0606,0.8167,0.5679,0.3095,0.9274
mug_white,homeware,white,43,diffusers,graded,0.75,full,banner,diffusers-turbo,rembg,0.4678,13.61,0.9855,24.7,0.0524,0.8305,0.5677,0.8006,0.929
mug_white,homeware,white,43,diffusers,graded,1.0,full,square,diffusers-turbo,rembg,0.4678,13.61,0.9838,22.44,0.0573,0.859,0.3757,0.001,0.9143
mug_white,homeware,white,43,diffusers,graded,1.0,full,story,diffusers-turbo,rembg,0.4678,13.61,0.9819,22.33,0.0669,0.8293,0.3764,0.3023,0.9224
mug_white,homeware,white,43,diffusers,graded,1.0,full,banner,diffusers-turbo,rembg,0.4678,13.61,0.983,22.39,0.0585,0.8411,0.3762,0.8008,0.9236
mug_white,homeware,white,44,procedural,none,0.0,full,square,procedural,rembg,0.4678,13.61,0.9981,41.73,0.006,0.9976,0.9999,0.8943,0.9463
mug_white,homeware,white,44,procedural,none,0.0,full,story,procedural,rembg,0.4678,13.61,0.9986,45.19,0.0038,0.9804,1.0,0.9617,0.9407
mug_white,homeware,white,44,procedural,none,0.0,full,banner,procedural,rembg,0.4678,13.61,0.9983,42.32,0.0049,0.9982,0.9999,0.9921,0.9448
mug_white,homeware,white,44,procedural,graded,0.25,full,square,procedural,rembg,0.4678,13.61,0.9979,38.82,0.0066,0.9984,0.9737,0.896,0.9446
mug_white,homeware,white,44,procedural,graded,0.25,full,story,procedural,rembg,0.4678,13.61,0.9983,39.86,0.0044,0.9831,0.9735,0.9624,0.9389
mug_white,homeware,white,44,procedural,graded,0.25,full,banner,procedural,rembg,0.4678,13.61,0.9981,39.13,0.0056,0.9986,0.9737,0.9927,0.9431
mug_white,homeware,white,44,procedural,graded,0.5,full,square,procedural,rembg,0.4678,13.61,0.9973,33.81,0.0081,0.998,0.8893,0.897,0.9448
mug_white,homeware,white,44,procedural,graded,0.5,full,story,procedural,rembg,0.4678,13.61,0.9977,33.95,0.006,0.9843,0.8884,0.9624,0.9399
mug_white,homeware,white,44,procedural,graded,0.5,full,banner,procedural,rembg,0.4678,13.61,0.9975,33.91,0.0071,0.9979,0.8894,0.993,0.9411
mug_white,homeware,white,44,procedural,graded,0.75,full,square,procedural,rembg,0.4678,13.61,0.9964,30.26,0.0107,0.9976,0.778,0.8983,0.9467
mug_white,homeware,white,44,procedural,graded,0.75,full,story,procedural,rembg,0.4678,13.61,0.9968,30.25,0.0088,0.9854,0.7785,0.9628,0.9419
mug_white,homeware,white,44,procedural,graded,0.75,full,banner,procedural,rembg,0.4678,13.61,0.9966,30.31,0.0098,0.9973,0.7782,0.9934,0.9432
mug_white,homeware,white,44,procedural,graded,1.0,full,square,procedural,rembg,0.4678,13.61,0.9953,27.7,0.0137,0.9973,0.6949,0.8995,0.9509
mug_white,homeware,white,44,procedural,graded,1.0,full,story,procedural,rembg,0.4678,13.61,0.9957,27.65,0.012,0.9865,0.693,0.9634,0.9423
mug_white,homeware,white,44,procedural,graded,1.0,full,banner,procedural,rembg,0.4678,13.61,0.9955,27.73,0.0129,0.997,0.6953,0.9938,0.9446
mug_white,homeware,white,44,diffusers,none,0.0,full,square,diffusers-turbo,rembg,0.4678,13.61,0.992,36.81,0.0365,0.8467,0.9998,0.188,0.9256
mug_white,homeware,white,44,diffusers,none,0.0,full,story,diffusers-turbo,rembg,0.4678,13.61,0.9925,37.48,0.0363,0.8524,0.9999,0.7386,0.907
mug_white,homeware,white,44,diffusers,none,0.0,full,banner,diffusers-turbo,rembg,0.4678,13.61,0.9921,36.72,0.0248,0.8596,0.9999,0.8751,0.8827
mug_white,homeware,white,44,diffusers,graded,0.25,full,square,diffusers-turbo,rembg,0.4678,13.61,0.9918,35.27,0.037,0.8547,0.9734,0.2195,0.9238
mug_white,homeware,white,44,diffusers,graded,0.25,full,story,diffusers-turbo,rembg,0.4678,13.61,0.9923,35.74,0.0369,0.8593,0.9735,0.7567,0.8988
mug_white,homeware,white,44,diffusers,graded,0.25,full,banner,diffusers-turbo,rembg,0.4678,13.61,0.9919,35.18,0.0253,0.8686,0.9736,0.8768,0.8816
mug_white,homeware,white,44,diffusers,graded,0.5,full,square,diffusers-turbo,rembg,0.4678,13.61,0.9913,32.09,0.0386,0.8622,0.8883,0.2459,0.9222
mug_white,homeware,white,44,diffusers,graded,0.5,full,story,diffusers-turbo,rembg,0.4678,13.61,0.9917,32.31,0.0387,0.8676,0.8883,0.7679,0.9004
mug_white,homeware,white,44,diffusers,graded,0.5,full,banner,diffusers-turbo,rembg,0.4678,13.61,0.9913,32.03,0.0269,0.8767,0.8885,0.8778,0.8861
mug_white,homeware,white,44,diffusers,graded,0.75,full,square,diffusers-turbo,rembg,0.4678,13.61,0.9904,29.27,0.0416,0.8705,0.7787,0.2691,0.9244
mug_white,homeware,white,44,diffusers,graded,0.75,full,story,diffusers-turbo,rembg,0.4678,13.61,0.9908,29.39,0.042,0.8762,0.7787,0.7785,0.9017
mug_white,homeware,white,44,diffusers,graded,0.75,full,banner,diffusers-turbo,rembg,0.4678,13.61,0.9904,29.23,0.0297,0.8841,0.7791,0.8791,0.8885
mug_white,homeware,white,44,diffusers,graded,1.0,full,square,diffusers-turbo,rembg,0.4678,13.61,0.9892,27.03,0.0447,0.877,0.6934,0.2885,0.926
mug_white,homeware,white,44,diffusers,graded,1.0,full,story,diffusers-turbo,rembg,0.4678,13.61,0.9895,27.1,0.0453,0.8841,0.6933,0.7866,0.901
mug_white,homeware,white,44,diffusers,graded,1.0,full,banner,diffusers-turbo,rembg,0.4678,13.61,0.9892,27.0,0.0326,0.8911,0.6936,0.8804,0.8894
camera_dslr,electronics,white,42,diffusers,none,0.0,full,square,diffusers-turbo,rembg,1.0,143.52,0.9938,37.26,0.0114,0.9924,0.9996,0.1423,0.9187
camera_dslr,electronics,white,42,diffusers,none,0.0,full,story,diffusers-turbo,rembg,1.0,143.52,0.9923,35.8,0.0142,0.9882,0.9992,0.9969,0.9042
camera_dslr,electronics,white,42,diffusers,none,0.0,full,banner,diffusers-turbo,rembg,1.0,143.52,0.9946,37.93,0.0097,0.9945,0.9997,0.6766,0.9046
camera_dslr,electronics,white,42,diffusers,graded,0.25,full,square,diffusers-turbo,rembg,1.0,143.52,0.9931,36.7,0.0115,0.9912,0.9966,0.1494,0.9182
camera_dslr,electronics,white,42,diffusers,graded,0.25,full,story,diffusers-turbo,rembg,1.0,143.52,0.9921,35.57,0.0143,0.9875,0.9969,0.998,0.9023
camera_dslr,electronics,white,42,diffusers,graded,0.25,full,banner,diffusers-turbo,rembg,1.0,143.52,0.9938,37.22,0.0098,0.9941,0.9966,0.6874,0.905
camera_dslr,electronics,white,42,diffusers,graded,0.5,full,square,diffusers-turbo,rembg,1.0,143.52,0.9924,35.46,0.0118,0.9905,0.9898,0.1564,0.918
camera_dslr,electronics,white,42,diffusers,graded,0.5,full,story,diffusers-turbo,rembg,1.0,143.52,0.9914,34.68,0.0145,0.9867,0.9905,0.9989,0.9016
camera_dslr,electronics,white,42,diffusers,graded,0.5,full,banner,diffusers-turbo,rembg,1.0,143.52,0.993,35.81,0.0102,0.9934,0.99,0.6978,0.905
camera_dslr,electronics,white,42,diffusers,graded,0.75,full,square,diffusers-turbo,rembg,1.0,143.52,0.9912,33.99,0.0122,0.9897,0.9812,0.1633,0.9177
camera_dslr,electronics,white,42,diffusers,graded,0.75,full,story,diffusers-turbo,rembg,1.0,143.52,0.9903,33.5,0.0149,0.986,0.982,0.9995,0.9016
camera_dslr,electronics,white,42,diffusers,graded,0.75,full,banner,diffusers-turbo,rembg,1.0,143.52,0.9918,34.21,0.0106,0.9928,0.9811,0.7076,0.9054
camera_dslr,electronics,white,42,diffusers,graded,1.0,full,square,diffusers-turbo,rembg,1.0,143.52,0.9896,32.53,0.0128,0.9889,0.9711,0.1703,0.9174
camera_dslr,electronics,white,42,diffusers,graded,1.0,full,story,diffusers-turbo,rembg,1.0,143.52,0.9888,32.24,0.0154,0.9852,0.9722,0.9999,0.9022
camera_dslr,electronics,white,42,diffusers,graded,1.0,full,banner,diffusers-turbo,rembg,1.0,143.52,0.9902,32.67,0.0113,0.992,0.9712,0.7175,0.9063
camera_dslr,electronics,white,43,procedural,none,0.0,full,square,procedural,rembg,1.0,143.52,0.9957,39.73,0.0089,0.9793,0.9999,0.9984,0.9117
camera_dslr,electronics,white,43,procedural,none,0.0,full,story,procedural,rembg,1.0,143.52,0.9963,40.4,0.0078,0.982,1.0,0.9981,0.9171
camera_dslr,electronics,white,43,procedural,none,0.0,full,banner,procedural,rembg,1.0,143.52,0.9962,40.3,0.0079,0.9814,1.0,0.9591,0.9186
camera_dslr,electronics,white,43,procedural,graded,0.25,full,square,procedural,rembg,1.0,143.52,0.9956,39.38,0.0088,0.9802,0.9983,0.9984,0.9111
camera_dslr,electronics,white,43,procedural,graded,0.25,full,story,procedural,rembg,1.0,143.52,0.9962,39.94,0.0077,0.9826,0.9984,0.9981,0.917
camera_dslr,electronics,white,43,procedural,graded,0.25,full,banner,procedural,rembg,1.0,143.52,0.9961,39.86,0.0078,0.9824,0.9984,0.9592,0.9201
camera_dslr,electronics,white,43,procedural,graded,0.5,full,square,procedural,rembg,1.0,143.52,0.9951,36.85,0.0087,0.9806,0.9935,0.9983,0.9146
camera_dslr,electronics,white,43,procedural,graded,0.5,full,story,procedural,rembg,1.0,143.52,0.9956,37.12,0.0076,0.9831,0.9935,0.9981,0.9152
camera_dslr,electronics,white,43,procedural,graded,0.5,full,banner,procedural,rembg,1.0,143.52,0.9956,37.08,0.0077,0.9825,0.9935,0.9592,0.9189
camera_dslr,electronics,white,43,procedural,graded,0.75,full,square,procedural,rembg,1.0,143.52,0.994,34.15,0.0086,0.9811,0.9845,0.9983,0.9149
camera_dslr,electronics,white,43,procedural,graded,0.75,full,story,procedural,rembg,1.0,143.52,0.9945,34.27,0.0076,0.9838,0.9845,0.9982,0.9135
camera_dslr,electronics,white,43,procedural,graded,0.75,full,banner,procedural,rembg,1.0,143.52,0.9944,34.26,0.0077,0.9832,0.9845,0.9593,0.9197
camera_dslr,electronics,white,43,procedural,graded,1.0,full,square,procedural,rembg,1.0,143.52,0.9924,31.88,0.009,0.9816,0.9725,0.9983,0.9152
camera_dslr,electronics,white,43,procedural,graded,1.0,full,story,procedural,rembg,1.0,143.52,0.9929,31.94,0.008,0.9842,0.9724,0.9982,0.9129
camera_dslr,electronics,white,43,procedural,graded,1.0,full,banner,procedural,rembg,1.0,143.52,0.9928,31.93,0.0081,0.9838,0.9725,0.9593,0.918
camera_dslr,electronics,white,43,diffusers,none,0.0,full,square,diffusers-turbo,rembg,1.0,143.52,0.9915,34.49,0.0183,0.9842,0.9992,0.007,0.9076
camera_dslr,electronics,white,43,diffusers,none,0.0,full,story,diffusers-turbo,rembg,1.0,143.52,0.9912,33.95,0.0189,0.9841,0.9992,0.534,0.8703
camera_dslr,electronics,white,43,diffusers,none,0.0,full,banner,diffusers-turbo,rembg,1.0,143.52,0.9925,35.62,0.015,0.9868,0.9994,0.0272,0.8754
camera_dslr,electronics,white,43,diffusers,graded,0.25,full,square,diffusers-turbo,rembg,1.0,143.52,0.9909,33.91,0.0189,0.9853,0.9975,0.0072,0.9085
camera_dslr,electronics,white,43,diffusers,graded,0.25,full,story,diffusers-turbo,rembg,1.0,143.52,0.9906,33.41,0.0195,0.9852,0.9972,0.5296,0.8707
camera_dslr,electronics,white,43,diffusers,graded,0.25,full,banner,diffusers-turbo,rembg,1.0,143.52,0.9919,34.97,0.0154,0.9877,0.998,0.0255,0.8753
camera_dslr,electronics,white,43,diffusers,graded,0.5,full,square,diffusers-turbo,rembg,1.0,143.52,0.9897,32.56,0.0195,0.9864,0.9919,0.0074,0.9101
camera_dslr,electronics,white,43,diffusers,graded,0.5,full,story,diffusers-turbo,rembg,1.0,143.52,0.9893,32.16,0.0202,0.9863,0.9912,0.5252,0.8712
camera_dslr,electronics,white,43,diffusers,graded,0.5,full,banner,diffusers-turbo,rembg,1.0,143.52,0.9907,33.4,0.016,0.9892,0.9925,0.0238,0.8748
camera_dslr,electronics,white,43,diffusers,graded,0.75,full,square,diffusers-turbo,rembg,1.0,143.52,0.9879,31.03,0.0204,0.9878,0.9822,0.0076,0.9103
camera_dslr,electronics,white,43,diffusers,graded,0.75,full,story,diffusers-turbo,rembg,1.0,143.52,0.9875,30.73,0.021,0.9877,0.9815,0.5214,0.8715
camera_dslr,electronics,white,43,diffusers,graded,0.75,full,banner,diffusers-turbo,rembg,1.0,143.52,0.9889,31.66,0.0168,0.9902,0.9831,0.0224,0.8745
camera_dslr,electronics,white,43,diffusers,graded,1.0,full,square,diffusers-turbo,rembg,1.0,143.52,0.9855,29.55,0.0215,0.9894,0.9694,0.0077,0.9104
camera_dslr,electronics,white,43,diffusers,graded,1.0,full,story,diffusers-turbo,rembg,1.0,143.52,0.9852,29.32,0.0221,0.989,0.9684,0.5176,0.8721
camera_dslr,electronics,white,43,diffusers,graded,1.0,full,banner,diffusers-turbo,rembg,1.0,143.52,0.9865,30.02,0.0178,0.9916,0.9706,0.0211,0.874
camera_dslr,electronics,white,44,procedural,none,0.0,full,square,procedural,rembg,1.0,143.52,0.9957,39.71,0.0087,0.9805,1.0,0.997,0.9095
camera_dslr,electronics,white,44,procedural,none,0.0,full,story,procedural,rembg,1.0,143.52,0.9962,40.28,0.0076,0.9835,1.0,0.8975,0.916
camera_dslr,electronics,white,44,procedural,none,0.0,full,banner,procedural,rembg,1.0,143.52,0.9957,39.63,0.0088,0.9805,1.0,0.9786,0.9191
camera_dslr,electronics,white,44,procedural,graded,0.25,full,square,procedural,rembg,1.0,143.52,0.9957,39.8,0.0086,0.9813,0.9995,0.9967,0.9087
camera_dslr,electronics,white,44,procedural,graded,0.25,full,story,procedural,rembg,1.0,143.52,0.9962,40.36,0.0076,0.9841,0.9995,0.8991,0.9169
camera_dslr,electronics,white,44,procedural,graded,0.25,full,banner,procedural,rembg,1.0,143.52,0.9957,39.73,0.0087,0.9815,0.9995,0.9795,0.9197
camera_dslr,electronics,white,44,procedural,graded,0.5,full,square,procedural,rembg,1.0,143.52,0.9956,38.91,0.0085,0.9818,0.9977,0.9965,0.9086
camera_dslr,electronics,white,44,procedural,graded,0.5,full,story,procedural,rembg,1.0,143.52,0.996,39.34,0.0075,0.9846,0.9977,0.9005,0.9187
camera_dslr,electronics,white,44,procedural,graded,0.5,full,banner,procedural,rembg,1.0,143.52,0.9956,38.87,0.0086,0.9819,0.9977,0.98,0.92
camera_dslr,electronics,white,44,procedural,graded,0.75,full,square,procedural,rembg,1.0,143.52,0.9953,37.35,0.0084,0.9821,0.9952,0.9962,0.9112
camera_dslr,electronics,white,44,procedural,graded,0.75,full,story,procedural,rembg,1.0,143.52,0.9957,37.62,0.0074,0.9849,0.9951,0.9017,0.9207
camera_dslr,electronics,white,44,procedural,graded,0.75,full,banner,procedural,rembg,1.0,143.52,0.9953,37.33,0.0085,0.9822,0.9951,0.9807,0.9193
camera_dslr,electronics,white,44,procedural,graded,1.0,full,square,procedural,rembg,1.0,143.52,0.9947,35.66,0.0085,0.9826,0.9916,0.996,0.9127
camera_dslr,electronics,white,44,procedural,graded,1.0,full,story,procedural,rembg,1.0,143.52,0.9952,35.83,0.0075,0.9856,0.9915,0.9029,0.9231
camera_dslr,electronics,white,44,procedural,graded,1.0,full,banner,procedural,rembg,1.0,143.52,0.9948,35.65,0.0086,0.9826,0.9915,0.9813,0.9198
camera_dslr,electronics,white,44,diffusers,none,0.0,full,square,diffusers-turbo,rembg,1.0,143.52,0.9934,36.76,0.0121,0.9912,0.9994,0.036,0.923
camera_dslr,electronics,white,44,diffusers,none,0.0,full,story,diffusers-turbo,rembg,1.0,143.52,0.9928,36.35,0.0139,0.9892,0.9993,0.7744,0.9283
camera_dslr,electronics,white,44,diffusers,none,0.0,full,banner,diffusers-turbo,rembg,1.0,143.52,0.9926,36.34,0.0102,0.9861,0.9996,0.8571,0.8758
camera_dslr,electronics,white,44,diffusers,graded,0.25,full,square,diffusers-turbo,rembg,1.0,143.52,0.9931,36.5,0.0124,0.9926,0.999,0.0387,0.9228
camera_dslr,electronics,white,44,diffusers,graded,0.25,full,story,diffusers-turbo,rembg,1.0,143.52,0.9925,36.09,0.0141,0.9904,0.9988,0.7795,0.9294
camera_dslr,electronics,white,44,diffusers,graded,0.25,full,banner,diffusers-turbo,rembg,1.0,143.52,0.9923,36.02,0.0105,0.9873,0.9991,0.8592,0.8763
camera_dslr,electronics,white,44,diffusers,graded,0.5,full,square,diffusers-turbo,rembg,1.0,143.52,0.9926,35.66,0.0127,0.9941,0.9971,0.0412,0.9228
camera_dslr,electronics,white,44,diffusers,graded,0.5,full,story,diffusers-turbo,rembg,1.0,143.52,0.9919,35.31,0.0145,0.9919,0.997,0.7836,0.9304
camera_dslr,electronics,white,44,diffusers,graded,0.5,full,banner,diffusers-turbo,rembg,1.0,143.52,0.9917,35.17,0.0109,0.9884,0.997,0.861,0.8765
camera_dslr,electronics,white,44,diffusers,graded,0.75,full,square,diffusers-turbo,rembg,1.0,143.52,0.9918,34.54,0.0131,0.9951,0.994,0.0434,0.9229
camera_dslr,electronics,white,44,diffusers,graded,0.75,full,story,diffusers-turbo,rembg,1.0,143.52,0.9912,34.25,0.0149,0.9936,0.9942,0.7875,0.9312
camera_dslr,electronics,white,44,diffusers,graded,0.75,full,banner,diffusers-turbo,rembg,1.0,143.52,0.991,34.09,0.0113,0.9896,0.9942,0.8626,0.8766
camera_dslr,electronics,white,44,diffusers,graded,1.0,full,square,diffusers-turbo,rembg,1.0,143.52,0.9909,33.33,0.0136,0.9959,0.99,0.0456,0.9229
camera_dslr,electronics,white,44,diffusers,graded,1.0,full,story,diffusers-turbo,rembg,1.0,143.52,0.9901,33.1,0.0154,0.9947,0.9902,0.7912,0.9319
camera_dslr,electronics,white,44,diffusers,graded,1.0,full,banner,diffusers-turbo,rembg,1.0,143.52,0.99,32.94,0.0119,0.9904,0.9901,0.8642,0.8763
camera_lens,electronics,white,42,diffusers,none,0.0,full,square,diffusers-turbo,rembg,1.0,190.91,0.9899,35.25,0.0229,0.9718,0.993,0.0213,0.9031
camera_lens,electronics,white,42,diffusers,none,0.0,full,story,diffusers-turbo,rembg,1.0,190.91,0.9886,33.74,0.0275,0.9723,0.9929,0.0712,0.7976
camera_lens,electronics,white,42,diffusers,none,0.0,full,banner,diffusers-turbo,rembg,1.0,190.91,0.9908,35.83,0.0211,0.9735,0.9939,0.2392,0.793
camera_lens,electronics,white,42,diffusers,graded,0.25,full,square,diffusers-turbo,rembg,1.0,190.91,0.9922,35.43,0.0232,0.9712,0.9996,0.0458,0.9075
camera_lens,electronics,white,42,diffusers,graded,0.25,full,story,diffusers-turbo,rembg,1.0,190.91,0.9914,33.99,0.0277,0.9724,0.9998,0.0614,0.7977
camera_lens,electronics,white,42,diffusers,graded,0.25,full,banner,diffusers-turbo,rembg,1.0,190.91,0.992,35.96,0.0213,0.9729,0.9996,0.283,0.7934
camera_lens,electronics,white,42,diffusers,graded,0.5,full,square,diffusers-turbo,rembg,1.0,190.91,0.9915,35.15,0.0236,0.9713,0.999,0.0877,0.9077
camera_lens,electronics,white,42,diffusers,graded,0.5,full,story,diffusers-turbo,rembg,1.0,190.91,0.9909,33.86,0.028,0.9725,0.9993,0.052,0.798
camera_lens,electronics,white,42,diffusers,graded,0.5,full,banner,diffusers-turbo,rembg,1.0,190.91,0.9912,35.61,0.0218,0.9715,0.9987,0.3358,0.7936
camera_lens,electronics,white,42,diffusers,graded,0.75,full,square,diffusers-turbo,rembg,1.0,190.91,0.9905,34.69,0.0242,0.9714,0.9978,0.157,0.9076
camera_lens,electronics,white,42,diffusers,graded,0.75,full,story,diffusers-turbo,rembg,1.0,190.91,0.9901,33.59,0.0285,0.9728,0.9984,0.0419,0.7983
camera_lens,electronics,white,42,diffusers,graded,0.75,full,banner,diffusers-turbo,rembg,1.0,190.91,0.9901,35.08,0.0225,0.9699,0.9977,0.3927,0.7938
camera_lens,electronics,white,42,diffusers,graded,1.0,full,square,diffusers-turbo,rembg,1.0,190.91,0.9889,34.1,0.025,0.9715,0.9964,0.255,0.9079
camera_lens,electronics,white,42,diffusers,graded,1.0,full,story,diffusers-turbo,rembg,1.0,190.91,0.9889,33.19,0.0291,0.9736,0.997,0.0307,0.7983
camera_lens,electronics,white,42,diffusers,graded,1.0,full,banner,diffusers-turbo,rembg,1.0,190.91,0.9885,34.41,0.0233,0.97,0.9965,0.4545,0.7942
camera_lens,electronics,white,43,procedural,none,0.0,full,square,procedural,rembg,1.0,190.91,0.9963,41.01,0.0095,0.9575,1.0,0.9982,0.8796
camera_lens,electronics,white,43,procedural,none,0.0,full,story,procedural,rembg,1.0,190.91,0.9965,41.34,0.0091,0.9587,1.0,0.758,0.878
camera_lens,electronics,white,43,procedural,none,0.0,full,banner,procedural,rembg,1.0,190.91,0.9964,41.21,0.0092,0.9584,1.0,0.8993,0.8842
camera_lens,electronics,white,43,procedural,graded,0.25,full,square,procedural,rembg,1.0,190.91,0.9963,41.16,0.0092,0.9583,0.9998,0.9975,0.8791
camera_lens,electronics,white,43,procedural,graded,0.25,full,story,procedural,rembg,1.0,190.91,0.9965,41.49,0.0089,0.9597,0.9998,0.7507,0.8772
camera_lens,electronics,white,43,procedural,graded,0.25,full,banner,procedural,rembg,1.0,190.91,0.9964,41.36,0.009,0.9594,0.9998,0.8946,0.8831
camera_lens,electronics,white,43,procedural,graded,0.5,full,square,procedural,rembg,1.0,190.91,0.9959,40.54,0.0092,0.96,0.9989,0.9965,0.8802
camera_lens,electronics,white,43,procedural,graded,0.5,full,story,procedural,rembg,1.0,190.91,0.9961,40.8,0.0088,0.961,0.9989,0.7438,0.88
camera_lens,electronics,white,43,procedural,graded,0.5,full,banner,procedural,rembg,1.0,190.91,0.996,40.7,0.0089,0.9604,0.9989,0.8892,0.8813
camera_lens,electronics,white,43,procedural,graded,0.75,full,square,procedural,rembg,1.0,190.91,0.995,39.26,0.0093,0.9605,0.9981,0.9956,0.8809
camera_lens,electronics,white,43,procedural,graded,0.75,full,story,procedural,rembg,1.0,190.91,0.9952,39.44,0.0089,0.9614,0.9981,0.7365,0.879
camera_lens,electronics,white,43,procedural,graded,0.75,full,banner,procedural,rembg,1.0,190.91,0.9952,39.37,0.009,0.9609,0.9981,0.8839,0.8802
camera_lens,electronics,white,43,procedural,graded,1.0,full,square,procedural,rembg,1.0,190.91,0.9937,37.75,0.0095,0.9611,0.9978,0.9942,0.8804
camera_lens,electronics,white,43,procedural,graded,1.0,full,story,procedural,rembg,1.0,190.91,0.9939,37.86,0.0092,0.9622,0.9978,0.7286,0.8768
camera_lens,electronics,white,43,procedural,graded,1.0,full,banner,procedural,rembg,1.0,190.91,0.9938,37.82,0.0093,0.9624,0.9978,0.8783,0.8796
camera_lens,electronics,white,43,diffusers,none,0.0,full,square,diffusers-turbo,rembg,1.0,190.91,0.9879,32.4,0.038,0.9809,0.9929,0.1118,0.8225
camera_lens,electronics,white,43,diffusers,none,0.0,full,story,diffusers-turbo,rembg,1.0,190.91,0.9879,32.35,0.039,0.9808,0.9929,0.794,0.6976
camera_lens,electronics,white,43,diffusers,none,0.0,full,banner,diffusers-turbo,rembg,1.0,190.91,0.9884,33.05,0.0356,0.9791,0.9929,0.7878,0.7071
camera_lens,electronics,white,43,diffusers,graded,0.25,full,square,diffusers-turbo,rembg,1.0,190.91,0.9877,32.26,0.0381,0.9799,0.9927,0.1197,0.8238
camera_lens,electronics,white,43,diffusers,graded,0.25,full,story,diffusers-turbo,rembg,1.0,190.91,0.9877,32.21,0.0391,0.9801,0.9927,0.7932,0.6964
camera_lens,electronics,white,43,diffusers,graded,0.25,full,banner,diffusers-turbo,rembg,1.0,190.91,0.9882,32.91,0.0357,0.9775,0.9927,0.7853,0.7074
camera_lens,electronics,white,43,diffusers,graded,0.5,full,square,diffusers-turbo,rembg,1.0,190.91,0.9867,31.91,0.0387,0.9783,0.9919,0.1272,0.8251
camera_lens,electronics,white,43,diffusers,graded,0.5,full,story,diffusers-turbo,rembg,1.0,190.91,0.9867,31.87,0.0396,0.9787,0.9919,0.7919,0.6964
camera_lens,electronics,white,43,diffusers,graded,0.5,full,banner,diffusers-turbo,rembg,1.0,190.91,0.9872,32.53,0.0362,0.9761,0.9919,0.7841,0.707
camera_lens,electronics,white,43,diffusers,graded,0.75,full,square,diffusers-turbo,rembg,1.0,190.91,0.9852,31.46,0.0392,0.9766,0.9923,0.1362,0.8254
camera_lens,electronics,white,43,diffusers,graded,0.75,full,story,diffusers-turbo,rembg,1.0,190.91,0.9851,31.42,0.0401,0.9772,0.9923,0.7879,0.6966
camera_lens,electronics,white,43,diffusers,graded,0.75,full,banner,diffusers-turbo,rembg,1.0,190.91,0.9857,32.04,0.0368,0.9743,0.9924,0.7819,0.7083
camera_lens,electronics,white,43,diffusers,graded,1.0,full,square,diffusers-turbo,rembg,1.0,190.91,0.983,30.94,0.0399,0.9747,0.992,0.1443,0.8238
camera_lens,electronics,white,43,diffusers,graded,1.0,full,story,diffusers-turbo,rembg,1.0,190.91,0.9829,30.91,0.0408,0.9752,0.992,0.7859,0.697
camera_lens,electronics,white,43,diffusers,graded,1.0,full,banner,diffusers-turbo,rembg,1.0,190.91,0.9835,31.48,0.0374,0.9734,0.9921,0.7777,0.7088
camera_lens,electronics,white,44,procedural,none,0.0,full,square,procedural,rembg,1.0,190.91,0.9962,41.0,0.0089,0.961,1.0,0.243,0.8767
camera_lens,electronics,white,44,procedural,none,0.0,full,story,procedural,rembg,1.0,190.91,0.9965,41.32,0.0086,0.9617,1.0,0.9519,0.8871
camera_lens,electronics,white,44,procedural,none,0.0,full,banner,procedural,rembg,1.0,190.91,0.9964,41.19,0.0087,0.9614,1.0,0.9911,0.8863
camera_lens,electronics,white,44,procedural,graded,0.25,full,square,procedural,rembg,1.0,190.91,0.9962,41.07,0.0086,0.9616,1.0,0.2743,0.8763
camera_lens,electronics,white,44,procedural,graded,0.25,full,story,procedural,rembg,1.0,190.91,0.9965,41.39,0.0084,0.9626,1.0,0.9648,0.8867
camera_lens,electronics,white,44,procedural,graded,0.25,full,banner,procedural,rembg,1.0,190.91,0.9964,41.26,0.0085,0.962,1.0,0.9972,0.8864
camera_lens,electronics,white,44,procedural,graded,0.5,full,square,procedural,rembg,1.0,190.91,0.9962,41.03,0.0084,0.9623,0.9999,0.349,0.8763
camera_lens,electronics,white,44,procedural,graded,0.5,full,story,procedural,rembg,1.0,190.91,0.9964,41.34,0.0082,0.9632,0.9999,0.986,0.8891
camera_lens,electronics,white,44,procedural,graded,0.5,full,banner,procedural,rembg,1.0,190.91,0.9964,41.22,0.0083,0.9629,0.9999,0.9989,0.886
camera_lens,electronics,white,44,procedural,graded,0.75,full,square,procedural,rembg,1.0,190.91,0.996,40.72,0.0084,0.9626,0.9996,0.4528,0.876
camera_lens,electronics,white,44,procedural,graded,0.75,full,story,procedural,rembg,1.0,190.91,0.9962,41.0,0.0081,0.9642,0.9996,0.9987,0.8879
camera_lens,electronics,white,44,procedural,graded,0.75,full,banner,procedural,rembg,1.0,190.91,0.9961,40.89,0.0083,0.9637,0.9996,0.9808,0.8853
camera_lens,electronics,white,44,procedural,graded,1.0,full,square,procedural,rembg,1.0,190.91,0.9956,40.15,0.0085,0.9637,0.9993,0.6048,0.876
camera_lens,electronics,white,44,procedural,graded,1.0,full,story,procedural,rembg,1.0,190.91,0.9959,40.39,0.0082,0.9645,0.9993,0.9909,0.8883
camera_lens,electronics,white,44,procedural,graded,1.0,full,banner,procedural,rembg,1.0,190.91,0.9958,40.3,0.0083,0.9642,0.9993,0.9215,0.884
camera_lens,electronics,white,44,diffusers,none,0.0,full,square,diffusers-turbo,rembg,1.0,190.91,0.9891,34.3,0.027,0.9719,0.9929,0.0021,0.896
camera_lens,electronics,white,44,diffusers,none,0.0,full,story,diffusers-turbo,rembg,1.0,190.91,0.9888,34.02,0.0281,0.972,0.9928,0.0231,0.8268
camera_lens,electronics,white,44,diffusers,none,0.0,full,banner,diffusers-turbo,rembg,1.0,190.91,0.9886,33.43,0.0299,0.9732,0.9929,0.0193,0.7602
camera_lens,electronics,white,44,diffusers,graded,0.25,full,square,diffusers-turbo,rembg,1.0,190.91,0.9891,34.26,0.027,0.9718,0.9929,0.003,0.8959
camera_lens,electronics,white,44,diffusers,graded,0.25,full,story,diffusers-turbo,rembg,1.0,190.91,0.9888,33.98,0.0282,0.972,0.9928,0.0287,0.8271
camera_lens,electronics,white,44,diffusers,graded,0.25,full,banner,diffusers-turbo,rembg,1.0,190.91,0.9885,33.39,0.03,0.973,0.9929,0.0154,0.7605
camera_lens,electronics,white,44,diffusers,graded,0.5,full,square,diffusers-turbo,rembg,1.0,190.91,0.9888,34.1,0.0272,0.9716,0.9929,0.0048,0.897
camera_lens,electronics,white,44,diffusers,graded,0.5,full,story,diffusers-turbo,rembg,1.0,190.91,0.9885,33.83,0.0283,0.972,0.9929,0.0379,0.8273
camera_lens,electronics,white,44,diffusers,graded,0.5,full,banner,diffusers-turbo,rembg,1.0,190.91,0.9883,33.24,0.0302,0.9727,0.9929,0.0083,0.7604
camera_lens,electronics,white,44,diffusers,graded,0.75,full,square,diffusers-turbo,rembg,1.0,190.91,0.9883,33.86,0.0275,0.9713,0.9927,0.0069,0.8973
camera_lens,electronics,white,44,diffusers,graded,0.75,full,story,diffusers-turbo,rembg,1.0,190.91,0.988,33.6,0.0287,0.9719,0.9925,0.0466,0.8271
camera_lens,electronics,white,44,diffusers,graded,0.75,full,banner,diffusers-turbo,rembg,1.0,190.91,0.9878,33.03,0.0306,0.9724,0.9926,0.003,0.7603
camera_lens,electronics,white,44,diffusers,graded,1.0,full,square,diffusers-turbo,rembg,1.0,190.91,0.9876,33.58,0.0277,0.9711,0.9927,0.0094,0.8974
camera_lens,electronics,white,44,diffusers,graded,1.0,full,story,diffusers-turbo,rembg,1.0,190.91,0.9873,33.31,0.029,0.9717,0.9924,0.0578,0.8269
camera_lens,electronics,white,44,diffusers,graded,1.0,full,banner,diffusers-turbo,rembg,1.0,190.91,0.987,32.77,0.0309,0.9723,0.9925,0.0001,0.7601
backpack_black,bags,white,42,diffusers,none,0.0,full,square,diffusers-turbo,rembg,1.0,82.06,0.9868,35.75,0.013,0.9628,0.9957,0.7031,0.9287
backpack_black,bags,white,42,diffusers,none,0.0,full,story,diffusers-turbo,rembg,1.0,82.06,0.9817,33.22,0.0179,0.9535,0.9938,0.3876,0.9076
backpack_black,bags,white,42,diffusers,none,0.0,full,banner,diffusers-turbo,rembg,1.0,82.06,0.991,36.48,0.0108,0.9753,0.9978,0.2504,0.9121
backpack_black,bags,white,42,diffusers,graded,0.25,full,square,diffusers-turbo,rembg,1.0,82.06,0.9869,35.53,0.0131,0.9596,0.9972,0.7282,0.9272
backpack_black,bags,white,42,diffusers,graded,0.25,full,story,diffusers-turbo,rembg,1.0,82.06,0.9818,33.36,0.0179,0.9515,0.9974,0.4116,0.9083
backpack_black,bags,white,42,diffusers,graded,0.25,full,banner,diffusers-turbo,rembg,1.0,82.06,0.9909,35.9,0.0112,0.9728,0.996,0.2966,0.9116
backpack_black,bags,white,42,diffusers,graded,0.5,full,square,diffusers-turbo,rembg,1.0,82.06,0.9865,34.32,0.0135,0.9574,0.9849,0.7385,0.9269
backpack_black,bags,white,42,diffusers,graded,0.5,full,story,diffusers-turbo,rembg,1.0,82.06,0.9814,32.78,0.0182,0.9495,0.9863,0.4399,0.9085
backpack_black,bags,white,42,diffusers,graded,0.5,full,banner,diffusers-turbo,rembg,1.0,82.06,0.9903,34.4,0.0119,0.9708,0.9818,0.351,0.9122
backpack_black,bags,white,42,diffusers,graded,0.75,full,square,diffusers-turbo,rembg,1.0,82.06,0.9853,32.8,0.0148,0.9551,0.9695,0.7459,0.9265
backpack_black,bags,white,42,diffusers,graded,0.75,full,story,diffusers-turbo,rembg,1.0,82.06,0.9804,31.81,0.0191,0.9469,0.9715,0.4799,0.9089
backpack_black,bags,white,42,diffusers,graded,0.75,full,banner,diffusers-turbo,rembg,1.0,82.06,0.989,32.74,0.0132,0.9684,0.966,0.4232,0.9123
backpack_black,bags,white,42,diffusers,graded,1.0,full,square,diffusers-turbo,rembg,1.0,82.06,0.9839,31.29,0.0161,0.953,0.9471,0.7522,0.9254
backpack_black,bags,white,42,diffusers,graded,1.0,full,story,diffusers-turbo,rembg,1.0,82.06,0.9791,30.69,0.0202,0.9446,0.9505,0.5334,0.9093
backpack_black,bags,white,42,diffusers,graded,1.0,full,banner,diffusers-turbo,rembg,1.0,82.06,0.9874,31.16,0.0145,0.9664,0.9427,0.5115,0.9128
backpack_black,bags,white,43,procedural,none,0.0,full,square,procedural,rembg,1.0,82.06,0.9924,34.21,0.0142,0.9849,0.9997,0.1888,0.9307
backpack_black,bags,white,43,procedural,none,0.0,full,story,procedural,rembg,1.0,82.06,0.9933,34.92,0.0122,0.988,0.9997,0.0039,0.9381
backpack_black,bags,white,43,procedural,none,0.0,full,banner,procedural,rembg,1.0,82.06,0.9927,34.36,0.0134,0.9867,0.9997,0.0009,0.9324
backpack_black,bags,white,43,procedural,graded,0.25,full,square,procedural,rembg,1.0,82.06,0.9925,34.58,0.014,0.9861,0.9986,0.1922,0.9345
backpack_black,bags,white,43,procedural,graded,0.25,full,story,procedural,rembg,1.0,82.06,0.9933,35.28,0.012,0.9887,0.9986,0.0033,0.9379
backpack_black,bags,white,43,procedural,graded,0.25,full,banner,procedural,rembg,1.0,82.06,0.9928,34.73,0.0132,0.9872,0.9986,0.0011,0.9331
backpack_black,bags,white,43,procedural,graded,0.5,full,square,procedural,rembg,1.0,82.06,0.9924,33.76,0.0135,0.9867,0.9915,0.196,0.9325
backpack_black,bags,white,43,procedural,graded,0.5,full,story,procedural,rembg,1.0,82.06,0.9933,34.25,0.0116,0.9894,0.9916,0.0028,0.935
backpack_black,bags,white,43,procedural,graded,0.5,full,banner,procedural,rembg,1.0,82.06,0.9927,33.88,0.0127,0.9883,0.9916,0.0014,0.9337
backpack_black,bags,white,43,procedural,graded,0.75,full,square,procedural,rembg,1.0,82.06,0.9917,32.09,0.0136,0.9868,0.9604,0.1992,0.9332
backpack_black,bags,white,43,procedural,graded,0.75,full,story,procedural,rembg,1.0,82.06,0.9925,32.37,0.0117,0.99,0.9606,0.0025,0.9357
backpack_black,bags,white,43,procedural,graded,0.75,full,banner,procedural,rembg,1.0,82.06,0.992,32.16,0.0128,0.9888,0.9605,0.0016,0.9342
backpack_black,bags,white,43,procedural,graded,1.0,full,square,procedural,rembg,1.0,82.06,0.9903,30.28,0.0143,0.988,0.9115,0.2009,0.9328
backpack_black,bags,white,43,procedural,graded,1.0,full,story,procedural,rembg,1.0,82.06,0.9911,30.43,0.0124,0.9904,0.9116,0.0022,0.9331
backpack_black,bags,white,43,procedural,graded,1.0,full,banner,procedural,rembg,1.0,82.06,0.9905,30.32,0.0135,0.9892,0.9116,0.0018,0.9345
backpack_black,bags,white,43,diffusers,none,0.0,full,square,diffusers-turbo,rembg,1.0,82.06,0.9783,31.24,0.0257,0.9381,0.9928,0.4532,0.9232
backpack_black,bags,white,43,diffusers,none,0.0,full,story,diffusers-turbo,rembg,1.0,82.06,0.9773,30.64,0.0289,0.9375,0.9912,0.9938,0.9029
backpack_black,bags,white,43,diffusers,none,0.0,full,banner,diffusers-turbo,rembg,1.0,82.06,0.9793,31.62,0.0246,0.9422,0.9946,0.0338,0.9043
backpack_black,bags,white,43,diffusers,graded,0.25,full,square,diffusers-turbo,rembg,1.0,82.06,0.9774,30.65,0.0265,0.9407,0.9943,0.4654,0.9226
backpack_black,bags,white,43,diffusers,graded,0.25,full,story,diffusers-turbo,rembg,1.0,82.06,0.9765,30.08,0.0297,0.9408,0.9931,0.9981,0.9034
backpack_black,bags,white,43,diffusers,graded,0.25,full,banner,diffusers-turbo,rembg,1.0,82.06,0.9784,31.0,0.0253,0.9453,0.9956,0.0727,0.9043
backpack_black,bags,white,43,diffusers,graded,0.5,full,square,diffusers-turbo,rembg,1.0,82.06,0.9761,29.52,0.0274,0.944,0.9685,0.4736,0.922
backpack_black,bags,white,43,diffusers,graded,0.5,full,story,diffusers-turbo,rembg,1.0,82.06,0.9752,29.03,0.0306,0.9443,0.9654,0.9999,0.9038
backpack_black,bags,white,43,diffusers,graded,0.5,full,banner,diffusers-turbo,rembg,1.0,82.06,0.9771,29.82,0.0261,0.949,0.9737,0.1387,0.9036
backpack_black,bags,white,43,diffusers,graded,0.75,full,square,diffusers-turbo,rembg,1.0,82.06,0.9742,28.24,0.0289,0.9473,0.9174,0.4791,0.9218
backpack_black,bags,white,43,diffusers,graded,0.75,full,story,diffusers-turbo,rembg,1.0,82.06,0.9732,27.84,0.0321,0.9477,0.912,0.9952,0.9032
backpack_black,bags,white,43,diffusers,graded,0.75,full,banner,diffusers-turbo,rembg,1.0,82.06,0.9752,28.49,0.0276,0.953,0.9262,0.2088,0.9028
backpack_black,bags,white,43,diffusers,graded,1.0,full,square,diffusers-turbo,rembg,1.0,82.06,0.9716,26.99,0.0309,0.9515,0.8637,0.487,0.9208
backpack_black,bags,white,43,diffusers,graded,1.0,full,story,diffusers-turbo,rembg,1.0,82.06,0.9706,26.66,0.0342,0.9513,0.8591,0.9786,0.9031
backpack_black,bags,white,43,diffusers,graded,1.0,full,banner,diffusers-turbo,rembg,1.0,82.06,0.9726,27.19,0.0296,0.958,0.8737,0.2875,0.9023
backpack_black,bags,white,44,procedural,none,0.0,full,square,procedural,rembg,1.0,82.06,0.9922,34.07,0.0138,0.9852,0.9997,0.3548,0.933
backpack_black,bags,white,44,procedural,none,0.0,full,story,procedural,rembg,1.0,82.06,0.9931,34.77,0.0118,0.9883,0.9997,0.0083,0.937
backpack_black,bags,white,44,procedural,none,0.0,full,banner,procedural,rembg,1.0,82.06,0.9925,34.23,0.013,0.9869,0.9997,0.0396,0.9295
backpack_black,bags,white,44,procedural,graded,0.25,full,square,procedural,rembg,1.0,82.06,0.9924,34.35,0.0135,0.9861,0.9997,0.3387,0.9338
backpack_black,bags,white,44,procedural,graded,0.25,full,story,procedural,rembg,1.0,82.06,0.9933,35.06,0.0116,0.989,0.9997,0.0056,0.9373
backpack_black,bags,white,44,procedural,graded,0.25,full,banner,procedural,rembg,1.0,82.06,0.9927,34.51,0.0127,0.9877,0.9997,0.0436,0.9296
backpack_black,bags,white,44,procedural,graded,0.5,full,square,procedural,rembg,1.0,82.06,0.9922,34.32,0.0138,0.987,0.9966,0.3282,0.9337
backpack_black,bags,white,44,procedural,graded,0.5,full,story,procedural,rembg,1.0,82.06,0.9931,34.97,0.0119,0.9894,0.9966,0.0038,0.9368
backpack_black,bags,white,44,procedural,graded,0.5,full,banner,procedural,rembg,1.0,82.06,0.9925,34.47,0.013,0.9884,0.9966,0.0457,0.9307
backpack_black,bags,white,44,procedural,graded,0.75,full,square,procedural,rembg,1.0,82.06,0.9923,33.83,0.0134,0.9874,0.9909,0.3193,0.9353
backpack_black,bags,white,44,procedural,graded,0.75,full,story,procedural,rembg,1.0,82.06,0.9931,34.36,0.0115,0.9899,0.991,0.0026,0.935
backpack_black,bags,white,44,procedural,graded,0.75,full,banner,procedural,rembg,1.0,82.06,0.9926,33.96,0.0126,0.9886,0.9909,0.0475,0.9317
backpack_black,bags,white,44,procedural,graded,1.0,full,square,procedural,rembg,1.0,82.06,0.9919,33.0,0.0136,0.9875,0.9812,0.3102,0.9405
backpack_black,bags,white,44,procedural,graded,1.0,full,story,procedural,rembg,1.0,82.06,0.9927,33.4,0.0118,0.99,0.9814,0.0017,0.9354
backpack_black,bags,white,44,procedural,graded,1.0,full,banner,procedural,rembg,1.0,82.06,0.9922,33.1,0.0129,0.9889,0.9813,0.0503,0.9318
backpack_black,bags,white,44,diffusers,none,0.0,full,square,diffusers-turbo,rembg,1.0,82.06,0.9848,34.24,0.0161,0.9577,0.9937,0.0093,0.9368
backpack_black,bags,white,44,diffusers,none,0.0,full,story,diffusers-turbo,rembg,1.0,82.06,0.9828,33.84,0.0173,0.9547,0.9935,0.0353,0.9292
backpack_black,bags,white,44,diffusers,none,0.0,full,banner,diffusers-turbo,rembg,1.0,82.06,0.9798,32.33,0.0207,0.9452,0.9937,0.7411,0.8921
backpack_black,bags,white,44,diffusers,graded,0.25,full,square,diffusers-turbo,rembg,1.0,82.06,0.9846,33.92,0.0162,0.9599,0.9937,0.012,0.9364
backpack_black,bags,white,44,diffusers,graded,0.25,full,story,diffusers-turbo,rembg,1.0,82.06,0.9826,33.52,0.0174,0.9567,0.9935,0.0503,0.9296
backpack_black,bags,white,44,diffusers,graded,0.25,full,banner,diffusers-turbo,rembg,1.0,82.06,0.9795,32.04,0.0209,0.9478,0.9937,0.7703,0.892
backpack_black,bags,white,44,diffusers,graded,0.5,full,square,diffusers-turbo,rembg,1.0,82.06,0.9836,33.09,0.0175,0.9621,0.9849,0.0173,0.9367
backpack_black,bags,white,44,diffusers,graded,0.5,full,story,diffusers-turbo,rembg,1.0,82.06,0.9816,32.72,0.0186,0.959,0.9848,0.0748,0.929
backpack_black,bags,white,44,diffusers,graded,0.5,full,banner,diffusers-turbo,rembg,1.0,82.06,0.9786,31.38,0.0221,0.9506,0.9851,0.7919,0.8918
backpack_black,bags,white,44,diffusers,graded,0.75,full,square,diffusers-turbo,rembg,1.0,82.06,0.9829,32.08,0.0175,0.9644,0.9714,0.025,0.9371
backpack_black,bags,white,44,diffusers,graded,0.75,full,story,diffusers-turbo,rembg,1.0,82.06,0.9809,31.76,0.0186,0.9614,0.9697,0.1214,0.9282
backpack_black,bags,white,44,diffusers,graded,0.75,full,banner,diffusers-turbo,rembg,1.0,82.06,0.9779,30.6,0.0223,0.9532,0.9712,0.8115,0.8915
backpack_black,bags,white,44,diffusers,graded,1.0,full,square,diffusers-turbo,rembg,1.0,82.06,0.9817,31.03,0.0185,0.9669,0.9589,0.0384,0.9373
backpack_black,bags,white,44,diffusers,graded,1.0,full,story,diffusers-turbo,rembg,1.0,82.06,0.9796,30.75,0.0198,0.9639,0.9569,0.2245,0.928
backpack_black,bags,white,44,diffusers,graded,1.0,full,banner,diffusers-turbo,rembg,1.0,82.06,0.9768,29.76,0.0234,0.9551,0.9589,0.8283,0.8911
can_heyday,beverage,plain,42,diffusers,none,0.0,full,square,diffusers-turbo,rembg,1.0,138.2,0.9941,35.28,0.0106,0.9543,0.9966,0.2796,0.923
can_heyday,beverage,plain,42,diffusers,none,0.0,full,story,diffusers-turbo,rembg,1.0,138.2,0.9931,34.01,0.0125,0.9479,0.9963,0.2689,0.9086
can_heyday,beverage,plain,42,diffusers,none,0.0,full,banner,diffusers-turbo,rembg,1.0,138.2,0.9947,36.16,0.0088,0.9604,0.9979,0.0554,0.9228
can_heyday,beverage,plain,42,diffusers,graded,0.25,full,square,diffusers-turbo,rembg,1.0,138.2,0.9934,33.65,0.0108,0.9524,0.7031,0.2894,0.9202
can_heyday,beverage,plain,42,diffusers,graded,0.25,full,story,diffusers-turbo,rembg,1.0,138.2,0.9925,32.81,0.0127,0.9453,0.7029,0.272,0.9091
can_heyday,beverage,plain,42,diffusers,graded,0.25,full,banner,diffusers-turbo,rembg,1.0,138.2,0.994,34.18,0.009,0.9577,0.7013,0.0593,0.9196
can_heyday,beverage,plain,42,diffusers,graded,0.5,full,square,diffusers-turbo,rembg,1.0,138.2,0.9922,30.96,0.0113,0.9497,0.7015,0.3005,0.9167
can_heyday,beverage,plain,42,diffusers,graded,0.5,full,story,diffusers-turbo,rembg,1.0,138.2,0.9913,30.52,0.0131,0.9422,0.7025,0.2746,0.9089
can_heyday,beverage,plain,42,diffusers,graded,0.5,full,banner,diffusers-turbo,rembg,1.0,138.2,0.9928,31.22,0.0095,0.9555,0.6996,0.0636,0.9161
can_heyday,beverage,plain,42,diffusers,graded,0.75,full,square,diffusers-turbo,rembg,1.0,138.2,0.9903,28.53,0.0121,0.9467,0.6163,0.3146,0.9138
can_heyday,beverage,plain,42,diffusers,graded,0.75,full,story,diffusers-turbo,rembg,1.0,138.2,0.9895,28.3,0.0138,0.9395,0.6176,0.2785,0.9092
can_heyday,beverage,plain,42,diffusers,graded,0.75,full,banner,diffusers-turbo,rembg,1.0,138.2,0.991,28.67,0.0102,0.9531,0.6142,0.0701,0.9123
can_heyday,beverage,plain,42,diffusers,graded,1.0,full,square,diffusers-turbo,rembg,1.0,138.2,0.9879,26.52,0.0131,0.9437,0.5582,0.3297,0.9106
can_heyday,beverage,plain,42,diffusers,graded,1.0,full,story,diffusers-turbo,rembg,1.0,138.2,0.9871,26.38,0.0147,0.9367,0.5593,0.2821,0.9089
can_heyday,beverage,plain,42,diffusers,graded,1.0,full,banner,diffusers-turbo,rembg,1.0,138.2,0.9885,26.6,0.0112,0.9502,0.5555,0.0773,0.9085
can_heyday,beverage,plain,43,procedural,none,0.0,full,square,procedural,rembg,1.0,138.2,0.9993,42.94,0.0005,1.0,0.9985,0.0778,0.9712
can_heyday,beverage,plain,43,procedural,none,0.0,full,story,procedural,rembg,1.0,138.2,0.9993,42.97,0.0005,1.0,0.9985,0.3483,0.961
can_heyday,beverage,plain,43,procedural,none,0.0,full,banner,procedural,rembg,1.0,138.2,0.9992,42.76,0.0006,1.0,0.9985,0.0005,0.9658
can_heyday,beverage,plain,43,procedural,graded,0.25,full,square,procedural,rembg,1.0,138.2,0.9988,39.01,0.0007,1.0,0.9694,0.0798,0.9723
can_heyday,beverage,plain,43,procedural,graded,0.25,full,story,procedural,rembg,1.0,138.2,0.9988,39.02,0.0007,1.0,0.9694,0.3447,0.9655
can_heyday,beverage,plain,43,procedural,graded,0.25,full,banner,procedural,rembg,1.0,138.2,0.9988,38.95,0.0007,1.0,0.9694,0.0004,0.9671
can_heyday,beverage,plain,43,procedural,graded,0.5,full,square,procedural,rembg,1.0,138.2,0.997,33.83,0.0013,1.0,0.9197,0.0827,0.9701
can_heyday,beverage,plain,43,procedural,graded,0.5,full,story,procedural,rembg,1.0,138.2,0.997,33.83,0.0013,1.0,0.9197,0.3394,0.9695
can_heyday,beverage,plain,43,procedural,graded,0.5,full,banner,procedural,rembg,1.0,138.2,0.997,33.82,0.0013,1.0,0.9197,0.0002,0.9632
can_heyday,beverage,plain,43,procedural,graded,0.75,full,square,procedural,rembg,1.0,138.2,0.9942,30.56,0.0023,1.0,0.8491,0.085,0.9687
can_heyday,beverage,plain,43,procedural,graded,0.75,full,story,procedural,rembg,1.0,138.2,0.9942,30.56,0.0023,1.0,0.8491,0.3351,0.9707
can_heyday,beverage,plain,43,procedural,graded,0.75,full,banner,procedural,rembg,1.0,138.2,0.9942,30.56,0.0023,1.0,0.8491,0.0001,0.9626
can_heyday,beverage,plain,43,procedural,graded,1.0,full,square,procedural,rembg,1.0,138.2,0.9906,28.32,0.0036,1.0,0.8166,0.0875,0.9691
can_heyday,beverage,plain,43,procedural,graded,1.0,full,story,procedural,rembg,1.0,138.2,0.9906,28.32,0.0036,1.0,0.8166,0.3306,0.971
can_heyday,beverage,plain,43,procedural,graded,1.0,full,banner,procedural,rembg,1.0,138.2,0.9906,28.32,0.0036,1.0,0.8167,0.0,0.967
can_heyday,beverage,plain,43,diffusers,none,0.0,full,square,diffusers-turbo,rembg,1.0,138.2,0.9928,32.86,0.0154,0.9413,0.9967,0.8881,0.9348
can_heyday,beverage,plain,43,diffusers,none,0.0,full,story,diffusers-turbo,rembg,1.0,138.2,0.9925,32.49,0.0165,0.9401,0.9967,0.1325,0.9261
can_heyday,beverage,plain,43,diffusers,none,0.0,full,banner,diffusers-turbo,rembg,1.0,138.2,0.9932,33.39,0.0146,0.9446,0.9967,0.3289,0.9286
can_heyday,beverage,plain,43,diffusers,graded,0.25,full,square,diffusers-turbo,rembg,1.0,138.2,0.9924,31.84,0.0154,0.9454,0.9569,0.8922,0.9356
can_heyday,beverage,plain,43,diffusers,graded,0.25,full,story,diffusers-turbo,rembg,1.0,138.2,0.9921,31.54,0.0165,0.9442,0.9565,0.1242,0.9269
can_heyday,beverage,plain,43,diffusers,graded,0.25,full,banner,diffusers-turbo,rembg,1.0,138.2,0.9928,32.27,0.0147,0.9476,0.9571,0.3341,0.933
can_heyday,beverage,plain,43,diffusers,graded,0.5,full,square,diffusers-turbo,rembg,1.0,138.2,0.9903,29.94,0.016,0.9489,0.8998,0.8972,0.9351
can_heyday,beverage,plain,43,diffusers,graded,0.5,full,story,diffusers-turbo,rembg,1.0,138.2,0.99,29.73,0.0171,0.9469,0.8991,0.1147,0.9268
can_heyday,beverage,plain,43,diffusers,graded,0.5,full,banner,diffusers-turbo,rembg,1.0,138.2,0.9907,30.23,0.0154,0.9503,0.9008,0.3414,0.9367
can_heyday,beverage,plain,43,diffusers,graded,0.75,full,square,diffusers-turbo,rembg,1.0,138.2,0.9873,28.1,0.0168,0.9512,0.8312,0.902,0.9345
can_heyday,beverage,plain,43,diffusers,graded,0.75,full,story,diffusers-turbo,rembg,1.0,138.2,0.987,27.96,0.0179,0.9489,0.8298,0.1067,0.9264
can_heyday,beverage,plain,43,diffusers,graded,0.75,full,banner,diffusers-turbo,rembg,1.0,138.2,0.9878,28.3,0.0163,0.953,0.8321,0.3474,0.9357
can_heyday,beverage,plain,43,diffusers,graded,1.0,full,square,diffusers-turbo,rembg,1.0,138.2,0.9836,26.56,0.018,0.9535,0.8012,0.9064,0.9343
can_heyday,beverage,plain,43,diffusers,graded,1.0,full,story,diffusers-turbo,rembg,1.0,138.2,0.9832,26.45,0.0191,0.9511,0.8002,0.0994,0.9268
can_heyday,beverage,plain,43,diffusers,graded,1.0,full,banner,diffusers-turbo,rembg,1.0,138.2,0.984,26.71,0.0176,0.9554,0.8021,0.3531,0.9353
can_heyday,beverage,plain,44,procedural,none,0.0,full,square,procedural,rembg,1.0,138.2,0.9992,42.95,0.0006,1.0,0.9985,0.9562,0.9726
can_heyday,beverage,plain,44,procedural,none,0.0,full,story,procedural,rembg,1.0,138.2,0.9992,42.97,0.0006,1.0,0.9985,0.9394,0.9614
can_heyday,beverage,plain,44,procedural,none,0.0,full,banner,procedural,rembg,1.0,138.2,0.9992,42.76,0.0006,1.0,0.9985,0.0035,0.967
can_heyday,beverage,plain,44,procedural,graded,0.25,full,square,procedural,rembg,1.0,138.2,0.9991,41.95,0.0007,1.0,0.9899,0.952,0.9736
can_heyday,beverage,plain,44,procedural,graded,0.25,full,story,procedural,rembg,1.0,138.2,0.9991,41.97,0.0007,1.0,0.9899,0.9343,0.9643
can_heyday,beverage,plain,44,procedural,graded,0.25,full,banner,procedural,rembg,1.0,138.2,0.9991,41.82,0.0007,1.0,0.9899,0.005,0.9685
can_heyday,beverage,plain,44,procedural,graded,0.5,full,square,procedural,rembg,1.0,138.2,0.9985,37.98,0.0009,1.0,0.9657,0.9475,0.9738
can_heyday,beverage,plain,44,procedural,graded,0.5,full,story,procedural,rembg,1.0,138.2,0.9985,37.99,0.0009,1.0,0.9657,0.9291,0.966
can_heyday,beverage,plain,44,procedural,graded,0.5,full,banner,procedural,rembg,1.0,138.2,0.9985,37.94,0.0009,1.0,0.9657,0.0066,0.971
can_heyday,beverage,plain,44,procedural,graded,0.75,full,square,procedural,rembg,1.0,138.2,0.9975,34.93,0.0013,1.0,0.942,0.9429,0.9719
can_heyday,beverage,plain,44,procedural,graded,0.75,full,story,procedural,rembg,1.0,138.2,0.9975,34.93,0.0013,1.0,0.9421,0.9238,0.9689
can_heyday,beverage,plain,44,procedural,graded,0.75,full,banner,procedural,rembg,1.0,138.2,0.9974,34.91,0.0013,1.0,0.942,0.0085,0.9681
can_heyday,beverage,plain,44,procedural,graded,1.0,full,square,procedural,rembg,1.0,138.2,0.996,32.66,0.0018,1.0,0.9193,0.9382,0.9706
can_heyday,beverage,plain,44,procedural,graded,1.0,full,story,procedural,rembg,1.0,138.2,0.996,32.66,0.0019,1.0,0.9193,0.9182,0.9695
can_heyday,beverage,plain,44,procedural,graded,1.0,full,banner,procedural,rembg,1.0,138.2,0.996,32.65,0.0019,1.0,0.9193,0.0105,0.9668
can_heyday,beverage,plain,44,diffusers,none,0.0,full,square,diffusers-turbo,rembg,1.0,138.2,0.9938,34.49,0.0119,0.9506,0.9968,0.1073,0.9252
can_heyday,beverage,plain,44,diffusers,none,0.0,full,story,diffusers-turbo,rembg,1.0,138.2,0.9933,33.88,0.0135,0.9483,0.9965,0.1649,0.9435
can_heyday,beverage,plain,44,diffusers,none,0.0,full,banner,diffusers-turbo,rembg,1.0,138.2,0.993,33.54,0.0133,0.9452,0.9968,0.2916,0.899
can_heyday,beverage,plain,44,diffusers,graded,0.25,full,square,diffusers-turbo,rembg,1.0,138.2,0.9937,34.03,0.012,0.9518,0.9815,0.1109,0.9264
can_heyday,beverage,plain,44,diffusers,graded,0.25,full,story,diffusers-turbo,rembg,1.0,138.2,0.9932,33.48,0.0136,0.9498,0.9809,0.1704,0.945
can_heyday,beverage,plain,44,diffusers,graded,0.25,full,banner,diffusers-turbo,rembg,1.0,138.2,0.9929,33.15,0.0134,0.9465,0.9812,0.2989,0.9218
can_heyday,beverage,plain,44,diffusers,graded,0.5,full,square,diffusers-turbo,rembg,1.0,138.2,0.993,32.78,0.0123,0.953,0.9543,0.1148,0.9275
can_heyday,beverage,plain,44,diffusers,graded,0.5,full,story,diffusers-turbo,rembg,1.0,138.2,0.9926,32.35,0.0139,0.9509,0.9534,0.1761,0.9447
can_heyday,beverage,plain,44,diffusers,graded,0.5,full,banner,diffusers-turbo,rembg,1.0,138.2,0.9923,32.08,0.0136,0.948,0.954,0.3063,0.9205
can_heyday,beverage,plain,44,diffusers,graded,0.75,full,square,diffusers-turbo,rembg,1.0,138.2,0.9919,31.4,0.0128,0.9547,0.9301,0.1187,0.9277
can_heyday,beverage,plain,44,diffusers,graded,0.75,full,story,diffusers-turbo,rembg,1.0,138.2,0.9914,31.07,0.0144,0.9522,0.9276,0.1821,0.9438
can_heyday,beverage,plain,44,diffusers,graded,0.75,full,banner,diffusers-turbo,rembg,1.0,138.2,0.9911,30.86,0.0142,0.9496,0.9285,0.3139,0.9198
can_heyday,beverage,plain,44,diffusers,graded,1.0,full,square,diffusers-turbo,rembg,1.0,138.2,0.9903,30.09,0.0133,0.9566,0.9036,0.1226,0.9273
can_heyday,beverage,plain,44,diffusers,graded,1.0,full,story,diffusers-turbo,rembg,1.0,138.2,0.9898,29.84,0.0149,0.9539,0.9008,0.1878,0.9426
can_heyday,beverage,plain,44,diffusers,graded,1.0,full,banner,diffusers-turbo,rembg,1.0,138.2,0.9896,29.67,0.0147,0.9508,0.9021,0.3216,0.9187
tube_lets_talk,cosmetics,plain,42,diffusers,none,0.0,full,square,diffusers-turbo,rembg,1.0,23.22,0.9838,30.5,0.0389,0.9141,0.9958,0.2377,0.8592
tube_lets_talk,cosmetics,plain,42,diffusers,none,0.0,full,story,diffusers-turbo,rembg,1.0,23.22,0.9833,30.08,0.0411,0.9142,0.9958,0.5432,0.8273
tube_lets_talk,cosmetics,plain,42,diffusers,none,0.0,full,banner,diffusers-turbo,rembg,1.0,23.22,0.9852,31.43,0.0345,0.916,0.9964,0.152,0.8007
tube_lets_talk,cosmetics,plain,42,diffusers,graded,0.25,full,square,diffusers-turbo,rembg,1.0,23.22,0.9834,30.26,0.0391,0.9133,0.9866,0.2638,0.8549
tube_lets_talk,cosmetics,plain,42,diffusers,graded,0.25,full,story,diffusers-turbo,rembg,1.0,23.22,0.9828,29.88,0.0412,0.914,0.9868,0.5441,0.8268
tube_lets_talk,cosmetics,plain,42,diffusers,graded,0.25,full,banner,diffusers-turbo,rembg,1.0,23.22,0.9848,31.1,0.0346,0.9143,0.9862,0.2121,0.8003
tube_lets_talk,cosmetics,plain,42,diffusers,graded,0.5,full,square,diffusers-turbo,rembg,1.0,23.22,0.9823,29.5,0.0397,0.913,0.9666,0.2955,0.8514
tube_lets_talk,cosmetics,plain,42,diffusers,graded,0.5,full,story,diffusers-turbo,rembg,1.0,23.22,0.9818,29.2,0.0417,0.9132,0.9671,0.547,0.8266
tube_lets_talk,cosmetics,plain,42,diffusers,graded,0.5,full,banner,diffusers-turbo,rembg,1.0,23.22,0.9837,30.18,0.0351,0.9135,0.9663,0.3888,0.7991
tube_lets_talk,cosmetics,plain,42,diffusers,graded,0.75,full,square,diffusers-turbo,rembg,1.0,23.22,0.9808,28.5,0.0404,0.9122,0.944,0.3359,0.8493
tube_lets_talk,cosmetics,plain,42,diffusers,graded,0.75,full,story,diffusers-turbo,rembg,1.0,23.22,0.9803,28.27,0.0424,0.913,0.9444,0.5509,0.8265
tube_lets_talk,cosmetics,plain,42,diffusers,graded,0.75,full,banner,diffusers-turbo,rembg,1.0,23.22,0.9822,29.02,0.0358,0.9126,0.9436,0.7516,0.7984
tube_lets_talk,cosmetics,plain,42,diffusers,graded,1.0,full,square,diffusers-turbo,rembg,1.0,23.22,0.9788,27.4,0.0414,0.9116,0.9203,0.3814,0.8471
tube_lets_talk,cosmetics,plain,42,diffusers,graded,1.0,full,story,diffusers-turbo,rembg,1.0,23.22,0.9784,27.23,0.0433,0.9124,0.9216,0.5547,0.8131
tube_lets_talk,cosmetics,plain,42,diffusers,graded,1.0,full,banner,diffusers-turbo,rembg,1.0,23.22,0.9802,27.79,0.0368,0.9111,0.9206,0.9439,0.7984
tube_lets_talk,cosmetics,plain,43,procedural,none,0.0,full,square,procedural,rembg,1.0,23.22,0.9961,42.23,0.0041,0.9884,0.999,0.9644,0.8522
tube_lets_talk,cosmetics,plain,43,procedural,none,0.0,full,story,procedural,rembg,1.0,23.22,0.9953,41.05,0.0058,0.9792,0.9988,0.9959,0.8891
tube_lets_talk,cosmetics,plain,43,procedural,none,0.0,full,banner,procedural,rembg,1.0,23.22,0.9959,41.85,0.0048,0.9858,0.9989,0.9981,0.8956
tube_lets_talk,cosmetics,plain,43,procedural,graded,0.25,full,square,procedural,rembg,1.0,23.22,0.9958,39.19,0.0042,0.9923,0.9865,0.9648,0.8532
tube_lets_talk,cosmetics,plain,43,procedural,graded,0.25,full,story,procedural,rembg,1.0,23.22,0.995,38.49,0.0059,0.9832,0.9863,0.9957,0.8891
tube_lets_talk,cosmetics,plain,43,procedural,graded,0.25,full,banner,procedural,rembg,1.0,23.22,0.9956,38.97,0.0048,0.9902,0.9863,0.9981,0.8954
tube_lets_talk,cosmetics,plain,43,procedural,graded,0.5,full,square,procedural,rembg,1.0,23.22,0.9949,34.08,0.0045,0.9953,0.9512,0.9655,0.8534
tube_lets_talk,cosmetics,plain,43,procedural,graded,0.5,full,story,procedural,rembg,1.0,23.22,0.9941,33.82,0.0062,0.9876,0.9508,0.9955,0.8902
tube_lets_talk,cosmetics,plain,43,procedural,graded,0.5,full,banner,procedural,rembg,1.0,23.22,0.9947,34.0,0.0051,0.9932,0.9507,0.9981,0.8946
tube_lets_talk,cosmetics,plain,43,procedural,graded,0.75,full,square,procedural,rembg,1.0,23.22,0.9932,30.64,0.005,0.9961,0.8927,0.9654,0.8539
tube_lets_talk,cosmetics,plain,43,procedural,graded,0.75,full,story,procedural,rembg,1.0,23.22,0.9924,30.5,0.0067,0.9912,0.8922,0.9956,0.8903
tube_lets_talk,cosmetics,plain,43,procedural,graded,0.75,full,banner,procedural,rembg,1.0,23.22,0.993,30.59,0.0057,0.9941,0.8926,0.9984,0.894
tube_lets_talk,cosmetics,plain,43,procedural,graded,1.0,full,square,procedural,rembg,1.0,23.22,0.9909,28.19,0.0059,0.9969,0.8303,0.9657,0.855
tube_lets_talk,cosmetics,plain,43,procedural,graded,1.0,full,story,procedural,rembg,1.0,23.22,0.9901,28.1,0.0076,0.9925,0.8292,0.9957,0.8933
tube_lets_talk,cosmetics,plain,43,procedural,graded,1.0,full,banner,procedural,rembg,1.0,23.22,0.9907,28.16,0.0066,0.9951,0.8303,0.9985,0.8947
tube_lets_talk,cosmetics,plain,43,diffusers,none,0.0,full,square,diffusers-turbo,rembg,1.0,23.22,0.9826,28.99,0.051,0.9165,0.9951,0.5829,0.7983
tube_lets_talk,cosmetics,plain,43,diffusers,none,0.0,full,story,diffusers-turbo,rembg,1.0,23.22,0.9824,28.82,0.0524,0.9173,0.995,0.8658,0.7662
tube_lets_talk,cosmetics,plain,43,diffusers,none,0.0,full,banner,diffusers-turbo,rembg,1.0,23.22,0.9836,29.75,0.0461,0.9158,0.9954,0.8762,0.7663
tube_lets_talk,cosmetics,plain,43,diffusers,graded,0.25,full,square,diffusers-turbo,rembg,1.0,23.22,0.9825,28.67,0.0507,0.9181,0.9818,0.5831,0.8055
tube_lets_talk,cosmetics,plain,43,diffusers,graded,0.25,full,story,diffusers-turbo,rembg,1.0,23.22,0.9823,28.5,0.0522,0.919,0.9818,0.8551,0.7675
tube_lets_talk,cosmetics,plain,43,diffusers,graded,0.25,full,banner,diffusers-turbo,rembg,1.0,23.22,0.9835,29.39,0.0459,0.9161,0.9819,0.8628,0.7702
tube_lets_talk,cosmetics,plain,43,diffusers,graded,0.5,full,square,diffusers-turbo,rembg,1.0,23.22,0.9817,27.73,0.0505,0.9196,0.9446,0.5783,0.8085
tube_lets_talk,cosmetics,plain,43,diffusers,graded,0.5,full,story,diffusers-turbo,rembg,1.0,23.22,0.9815,27.59,0.052,0.9197,0.9447,0.8332,0.7691
tube_lets_talk,cosmetics,plain,43,diffusers,graded,0.5,full,banner,diffusers-turbo,rembg,1.0,23.22,0.9827,28.32,0.0457,0.9182,0.9441,0.8366,0.7729
tube_lets_talk,cosmetics,plain,43,diffusers,graded,0.75,full,square,diffusers-turbo,rembg,1.0,23.22,0.9801,26.54,0.0507,0.9206,0.8821,0.5839,0.8102
tube_lets_talk,cosmetics,plain,43,diffusers,graded,0.75,full,story,diffusers-turbo,rembg,1.0,23.22,0.9799,26.43,0.0521,0.9198,0.8825,0.8158,0.7712
tube_lets_talk,cosmetics,plain,43,diffusers,graded,0.75,full,banner,diffusers-turbo,rembg,1.0,23.22,0.9811,26.99,0.0459,0.9219,0.881,0.8155,0.7756
tube_lets_talk,cosmetics,plain,43,diffusers,graded,1.0,full,square,diffusers-turbo,rembg,1.0,23.22,0.978,25.33,0.051,0.9218,0.8173,0.5875,0.811
tube_lets_talk,cosmetics,plain,43,diffusers,graded,1.0,full,story,diffusers-turbo,rembg,1.0,23.22,0.9778,25.24,0.0525,0.9211,0.8178,0.7995,0.7731
tube_lets_talk,cosmetics,plain,43,diffusers,graded,1.0,full,banner,diffusers-turbo,rembg,1.0,23.22,0.9789,25.68,0.0463,0.9242,0.8149,0.795,0.7779
tube_lets_talk,cosmetics,plain,44,procedural,none,0.0,full,square,procedural,rembg,1.0,23.22,0.996,41.97,0.0047,0.9864,0.999,0.9931,0.8504
tube_lets_talk,cosmetics,plain,44,procedural,none,0.0,full,story,procedural,rembg,1.0,23.22,0.9952,40.9,0.0063,0.9754,0.9988,0.9963,0.9014
tube_lets_talk,cosmetics,plain,44,procedural,none,0.0,full,banner,procedural,rembg,1.0,23.22,0.9963,42.44,0.0042,0.9894,0.999,0.9999,0.9028
tube_lets_talk,cosmetics,plain,44,procedural,graded,0.25,full,square,procedural,rembg,1.0,23.22,0.996,40.97,0.0046,0.9877,0.9907,0.9919,0.8514
tube_lets_talk,cosmetics,plain,44,procedural,graded,0.25,full,story,procedural,rembg,1.0,23.22,0.9952,40.05,0.0061,0.9783,0.9904,0.9971,0.9018
tube_lets_talk,cosmetics,plain,44,procedural,graded,0.25,full,banner,procedural,rembg,1.0,23.22,0.9962,41.38,0.0041,0.9923,0.9908,1.0,0.9032
tube_lets_talk,cosmetics,plain,44,procedural,graded,0.5,full,square,procedural,rembg,1.0,23.22,0.9956,37.5,0.0047,0.9905,0.9735,0.9916,0.8523
tube_lets_talk,cosmetics,plain,44,procedural,graded,0.5,full,story,procedural,rembg,1.0,23.22,0.9949,37.02,0.0063,0.9803,0.973,0.9972,0.9026
tube_lets_talk,cosmetics,plain,44,procedural,graded,0.5,full,banner,procedural,rembg,1.0,23.22,0.9959,37.71,0.0043,0.9944,0.9741,1.0,0.9047
tube_lets_talk,cosmetics,plain,44,procedural,graded,0.75,full,square,procedural,rembg,1.0,23.22,0.995,34.45,0.005,0.9944,0.9512,0.9912,0.8534
tube_lets_talk,cosmetics,plain,44,procedural,graded,0.75,full,story,procedural,rembg,1.0,23.22,0.9942,34.18,0.0066,0.984,0.9508,0.9975,0.9028
tube_lets_talk,cosmetics,plain,44,procedural,graded,0.75,full,banner,procedural,rembg,1.0,23.22,0.9952,34.56,0.0046,0.9959,0.9514,1.0,0.9047
tube_lets_talk,cosmetics,plain,44,procedural,graded,1.0,full,square,procedural,rembg,1.0,23.22,0.994,32.07,0.0054,0.9952,0.9216,0.9905,0.8544
tube_lets_talk,cosmetics,plain,44,procedural,graded,1.0,full,story,procedural,rembg,1.0,23.22,0.9932,31.9,0.007,0.987,0.9209,0.9977,0.9033
tube_lets_talk,cosmetics,plain,44,procedural,graded,1.0,full,banner,procedural,rembg,1.0,23.22,0.9942,32.14,0.005,0.9964,0.9215,1.0,0.905
tube_lets_talk,cosmetics,plain,44,diffusers,none,0.0,full,square,diffusers-turbo,rembg,1.0,23.22,0.9834,29.86,0.044,0.915,0.9953,0.2561,0.8505
tube_lets_talk,cosmetics,plain,44,diffusers,none,0.0,full,story,diffusers-turbo,rembg,1.0,23.22,0.9834,30.03,0.0427,0.9151,0.9951,0.3002,0.8038
tube_lets_talk,cosmetics,plain,44,diffusers,none,0.0,full,banner,diffusers-turbo,rembg,1.0,23.22,0.9832,29.63,0.0437,0.9162,0.9958,0.681,0.8018
tube_lets_talk,cosmetics,plain,44,diffusers,graded,0.25,full,square,diffusers-turbo,rembg,1.0,23.22,0.9834,29.74,0.0436,0.9162,0.9862,0.2704,0.8515
tube_lets_talk,cosmetics,plain,44,diffusers,graded,0.25,full,story,diffusers-turbo,rembg,1.0,23.22,0.9834,29.91,0.0423,0.9161,0.9859,0.3405,0.8037
tube_lets_talk,cosmetics,plain,44,diffusers,graded,0.25,full,banner,diffusers-turbo,rembg,1.0,23.22,0.9831,29.51,0.0433,0.9178,0.9867,0.7119,0.8022
tube_lets_talk,cosmetics,plain,44,diffusers,graded,0.5,full,square,diffusers-turbo,rembg,1.0,23.22,0.9831,29.25,0.0435,0.9173,0.9679,0.2868,0.8536
tube_lets_talk,cosmetics,plain,44,diffusers,graded,0.5,full,story,diffusers-turbo,rembg,1.0,23.22,0.9831,29.4,0.0422,0.9169,0.9676,0.3935,0.804
tube_lets_talk,cosmetics,plain,44,diffusers,graded,0.5,full,banner,diffusers-turbo,rembg,1.0,23.22,0.9828,29.04,0.0433,0.9188,0.9687,0.7377,0.8021
tube_lets_talk,cosmetics,plain,44,diffusers,graded,0.75,full,square,diffusers-turbo,rembg,1.0,23.22,0.9825,28.54,0.0436,0.9186,0.944,0.3013,0.8547
tube_lets_talk,cosmetics,plain,44,diffusers,graded,0.75,full,story,diffusers-turbo,rembg,1.0,23.22,0.9825,28.66,0.0423,0.9183,0.9437,0.4534,0.8035
tube_lets_talk,cosmetics,plain,44,diffusers,graded,0.75,full,banner,diffusers-turbo,rembg,1.0,23.22,0.9822,28.35,0.0433,0.9195,0.9447,0.7619,0.8022
tube_lets_talk,cosmetics,plain,44,diffusers,graded,1.0,full,square,diffusers-turbo,rembg,1.0,23.22,0.9815,27.71,0.0438,0.9198,0.9118,0.3194,0.8539
tube_lets_talk,cosmetics,plain,44,diffusers,graded,1.0,full,story,diffusers-turbo,rembg,1.0,23.22,0.9816,27.81,0.0425,0.9198,0.9113,0.5265,0.8032
tube_lets_talk,cosmetics,plain,44,diffusers,graded,1.0,full,banner,diffusers-turbo,rembg,1.0,23.22,0.9813,27.56,0.0435,0.92,0.9121,0.786,0.8029
smartphone_blank,electronics,plain,42,diffusers,none,0.0,full,square,diffusers-turbo,rembg,1.0,137.94,0.99,33.3,0.004,0.9828,0.9999,0.9278,0.8768
smartphone_blank,electronics,plain,42,diffusers,none,0.0,full,story,diffusers-turbo,rembg,1.0,137.94,0.9895,32.86,0.0045,0.9842,0.9999,0.6014,0.8682
smartphone_blank,electronics,plain,42,diffusers,none,0.0,full,banner,diffusers-turbo,rembg,1.0,137.94,0.9917,34.73,0.0036,0.982,0.9999,0.1391,0.8556
smartphone_blank,electronics,plain,42,diffusers,graded,0.25,full,square,diffusers-turbo,rembg,1.0,137.94,0.9898,31.1,0.0049,0.9825,0.9855,0.9286,0.8734
smartphone_blank,electronics,plain,42,diffusers,graded,0.25,full,story,diffusers-turbo,rembg,1.0,137.94,0.9894,30.84,0.0054,0.9837,0.9855,0.6033,0.8675
smartphone_blank,electronics,plain,42,diffusers,graded,0.25,full,banner,diffusers-turbo,rembg,1.0,137.94,0.9915,31.8,0.0045,0.982,0.9481,0.1377,0.8546
smartphone_blank,electronics,plain,42,diffusers,graded,0.5,full,square,diffusers-turbo,rembg,1.0,137.94,0.9892,27.88,0.0071,0.9817,-0.0368,0.925,0.8689
smartphone_blank,electronics,plain,42,diffusers,graded,0.5,full,story,diffusers-turbo,rembg,1.0,137.94,0.9888,27.76,0.0076,0.9831,-0.0368,0.5946,0.8653
smartphone_blank,electronics,plain,42,diffusers,graded,0.5,full,banner,diffusers-turbo,rembg,1.0,137.94,0.9909,28.18,0.0067,0.982,-0.0368,0.1345,0.8524
smartphone_blank,electronics,plain,42,diffusers,graded,0.75,full,square,diffusers-turbo,rembg,1.0,137.94,0.9882,25.18,0.0098,0.9807,-0.0453,0.9211,0.8692
smartphone_blank,electronics,plain,42,diffusers,graded,0.75,full,story,diffusers-turbo,rembg,1.0,137.94,0.9877,25.11,0.0103,0.9822,-0.0454,0.5826,0.862
smartphone_blank,electronics,plain,42,diffusers,graded,0.75,full,banner,diffusers-turbo,rembg,1.0,137.94,0.9898,25.34,0.0093,0.9818,-0.0453,0.129,0.8495
smartphone_blank,electronics,plain,42,diffusers,graded,1.0,full,square,diffusers-turbo,rembg,1.0,137.94,0.9866,23.04,0.0136,0.979,-0.0419,0.9209,0.8724
smartphone_blank,electronics,plain,42,diffusers,graded,1.0,full,story,diffusers-turbo,rembg,1.0,137.94,0.9862,23.0,0.0141,0.9807,-0.0419,0.5796,0.8588
smartphone_blank,electronics,plain,42,diffusers,graded,1.0,full,banner,diffusers-turbo,rembg,1.0,137.94,0.9883,23.14,0.0131,0.9815,-0.042,0.1271,0.846
smartphone_blank,electronics,plain,43,procedural,none,0.0,full,square,procedural,rembg,1.0,137.94,0.9875,30.96,0.0068,0.979,0.9999,0.9997,0.8947
smartphone_blank,electronics,plain,43,procedural,none,0.0,full,story,procedural,rembg,1.0,137.94,0.9875,30.95,0.0069,0.9799,0.9999,0.2281,0.9057
smartphone_blank,electronics,plain,43,procedural,none,0.0,full,banner,procedural,rembg,1.0,137.94,0.9887,32.07,0.0054,0.9808,0.9999,0.8646,0.906
smartphone_blank,electronics,plain,43,procedural,graded,0.25,full,square,procedural,rembg,1.0,137.94,0.9846,30.71,0.0091,0.9817,0.9999,0.9998,0.8955
smartphone_blank,electronics,plain,43,procedural,graded,0.25,full,story,procedural,rembg,1.0,137.94,0.9845,30.71,0.0092,0.9833,0.9999,0.2253,0.9062
smartphone_blank,electronics,plain,43,procedural,graded,0.25,full,banner,procedural,rembg,1.0,137.94,0.9857,31.77,0.0077,0.9818,0.9999,0.8576,0.9065
smartphone_blank,electronics,plain,43,procedural,graded,0.5,full,square,procedural,rembg,1.0,137.94,0.9834,30.49,0.0091,0.9785,0.9999,0.9997,0.8965
smartphone_blank,electronics,plain,43,procedural,graded,0.5,full,story,procedural,rembg,1.0,137.94,0.9834,30.48,0.0092,0.9785,0.9999,0.212,0.9062
smartphone_blank,electronics,plain,43,procedural,graded,0.5,full,banner,procedural,rembg,1.0,137.94,0.9846,31.51,0.0077,0.977,0.9999,0.8473,0.9063
smartphone_blank,electronics,plain,43,procedural,graded,0.75,full,square,procedural,rembg,1.0,137.94,0.9824,30.24,0.0092,0.9503,0.9998,0.9997,0.8963
smartphone_blank,electronics,plain,43,procedural,graded,0.75,full,story,procedural,rembg,1.0,137.94,0.9824,30.24,0.0093,0.9504,0.9998,0.2086,0.9061
smartphone_blank,electronics,plain,43,procedural,graded,0.75,full,banner,procedural,rembg,1.0,137.94,0.9836,31.23,0.0078,0.9477,0.9998,0.8405,0.9061
smartphone_blank,electronics,plain,43,procedural,graded,1.0,full,square,procedural,rembg,1.0,137.94,0.9814,29.97,0.0093,0.9455,0.9998,0.9997,0.8968
smartphone_blank,electronics,plain,43,procedural,graded,1.0,full,story,procedural,rembg,1.0,137.94,0.9814,29.98,0.0094,0.9455,0.9998,0.202,0.9059
smartphone_blank,electronics,plain,43,procedural,graded,1.0,full,banner,procedural,rembg,1.0,137.94,0.9825,30.92,0.008,0.9423,0.9998,0.8327,0.9059
smartphone_blank,electronics,plain,43,diffusers,none,0.0,full,square,diffusers-turbo,rembg,1.0,137.94,0.9889,32.08,0.0051,0.9816,0.9999,0.6588,0.8751
smartphone_blank,electronics,plain,43,diffusers,none,0.0,full,story,diffusers-turbo,rembg,1.0,137.94,0.988,31.39,0.0062,0.9799,0.9999,0.5688,0.8811
smartphone_blank,electronics,plain,43,diffusers,none,0.0,full,banner,diffusers-turbo,rembg,1.0,137.94,0.9896,32.67,0.0051,0.9816,0.9999,0.9999,0.8511
smartphone_blank,electronics,plain,43,diffusers,graded,0.25,full,square,diffusers-turbo,rembg,1.0,137.94,0.986,31.78,0.0074,0.9839,0.9999,0.6605,0.8753
smartphone_blank,electronics,plain,43,diffusers,graded,0.25,full,story,diffusers-turbo,rembg,1.0,137.94,0.9851,31.12,0.0085,0.9836,0.9999,0.5627,0.881
smartphone_blank,electronics,plain,43,diffusers,graded,0.25,full,banner,diffusers-turbo,rembg,1.0,137.94,0.9867,32.34,0.0073,0.9824,0.9999,1.0,0.8511
smartphone_blank,electronics,plain,43,diffusers,graded,0.5,full,square,diffusers-turbo,rembg,1.0,137.94,0.9848,31.52,0.0074,0.9793,0.9999,0.6652,0.8751
smartphone_blank,electronics,plain,43,diffusers,graded,0.5,full,story,diffusers-turbo,rembg,1.0,137.94,0.9839,30.89,0.0085,0.9788,0.9999,0.5514,0.8808
smartphone_blank,electronics,plain,43,diffusers,graded,0.5,full,banner,diffusers-turbo,rembg,1.0,137.94,0.9856,32.07,0.0074,0.9773,0.9999,0.9998,0.8518
smartphone_blank,electronics,plain,43,diffusers,graded,0.75,full,square,diffusers-turbo,rembg,1.0,137.94,0.9838,31.22,0.0075,0.9501,0.9999,0.6673,0.8746
smartphone_blank,electronics,plain,43,diffusers,graded,0.75,full,story,diffusers-turbo,rembg,1.0,137.94,0.9829,30.62,0.0086,0.9504,0.9998,0.5441,0.8806
smartphone_blank,electronics,plain,43,diffusers,graded,0.75,full,banner,diffusers-turbo,rembg,1.0,137.94,0.9845,31.76,0.0075,0.9483,0.9999,0.9997,0.8516
smartphone_blank,electronics,plain,43,diffusers,graded,1.0,full,square,diffusers-turbo,rembg,1.0,137.94,0.9828,30.91,0.0077,0.9443,0.9998,0.6714,0.8742
smartphone_blank,electronics,plain,43,diffusers,graded,1.0,full,story,diffusers-turbo,rembg,1.0,137.94,0.9819,30.34,0.0087,0.9441,0.9998,0.5352,0.8805
smartphone_blank,electronics,plain,43,diffusers,graded,1.0,full,banner,diffusers-turbo,rembg,1.0,137.94,0.9835,31.43,0.0077,0.9438,0.9998,0.9993,0.8515
smartphone_blank,electronics,plain,44,procedural,none,0.0,full,square,procedural,rembg,1.0,137.94,0.9872,30.73,0.0075,0.9782,0.9999,0.5266,0.9043
smartphone_blank,electronics,plain,44,procedural,none,0.0,full,story,procedural,rembg,1.0,137.94,0.9872,30.69,0.0075,0.9793,0.9999,0.257,0.906
smartphone_blank,electronics,plain,44,procedural,none,0.0,full,banner,procedural,rembg,1.0,137.94,0.9884,31.83,0.0057,0.9809,0.9999,0.999,0.903
smartphone_blank,electronics,plain,44,procedural,graded,0.25,full,square,procedural,rembg,1.0,137.94,0.9852,30.58,0.0096,0.9799,0.9999,0.5395,0.9048
smartphone_blank,electronics,plain,44,procedural,graded,0.25,full,story,procedural,rembg,1.0,137.94,0.9852,30.55,0.0096,0.9813,0.9999,0.2739,0.906
smartphone_blank,electronics,plain,44,procedural,graded,0.25,full,banner,procedural,rembg,1.0,137.94,0.9864,31.64,0.0078,0.9819,0.9999,0.9973,0.9031
smartphone_blank,electronics,plain,44,procedural,graded,0.5,full,square,procedural,rembg,1.0,137.94,0.9841,30.46,0.0097,0.9806,0.9999,0.5653,0.9048
smartphone_blank,electronics,plain,44,procedural,graded,0.5,full,story,procedural,rembg,1.0,137.94,0.9841,30.43,0.0098,0.9819,0.9999,0.2977,0.906
smartphone_blank,electronics,plain,44,procedural,graded,0.5,full,banner,procedural,rembg,1.0,137.94,0.9853,31.5,0.008,0.9813,0.9999,0.9869,0.903
smartphone_blank,electronics,plain,44,procedural,graded,0.75,full,square,procedural,rembg,1.0,137.94,0.9834,30.34,0.0098,0.981,0.9999,0.5805,0.9054
smartphone_blank,electronics,plain,44,procedural,graded,0.75,full,story,procedural,rembg,1.0,137.94,0.9834,30.31,0.0099,0.9814,0.9999,0.3229,0.9056
smartphone_blank,electronics,plain,44,procedural,graded,0.75,full,banner,procedural,rembg,1.0,137.94,0.9846,31.36,0.0081,0.9806,0.9999,0.9628,0.9036
smartphone_blank,electronics,plain,44,procedural,graded,1.0,full,square,procedural,rembg,1.0,137.94,0.9828,30.21,0.0098,0.9675,0.9999,0.602,0.9054
smartphone_blank,electronics,plain,44,procedural,graded,1.0,full,story,procedural,rembg,1.0,137.94,0.9828,30.18,0.0099,0.9671,0.9999,0.3499,0.9051
smartphone_blank,electronics,plain,44,procedural,graded,1.0,full,banner,procedural,rembg,1.0,137.94,0.984,31.21,0.0081,0.9656,0.9999,0.9473,0.9035
smartphone_blank,electronics,plain,44,diffusers,none,0.0,full,square,diffusers-turbo,rembg,1.0,137.94,0.9899,33.14,0.0042,0.9813,0.9999,0.4944,0.8707
smartphone_blank,electronics,plain,44,diffusers,none,0.0,full,story,diffusers-turbo,rembg,1.0,137.94,0.9895,32.86,0.0045,0.9811,0.9999,0.9799,0.8724
smartphone_blank,electronics,plain,44,diffusers,none,0.0,full,banner,diffusers-turbo,rembg,1.0,137.94,0.9903,33.57,0.0036,0.9813,0.9999,0.8529,0.8409
smartphone_blank,electronics,plain,44,diffusers,graded,0.25,full,square,diffusers-turbo,rembg,1.0,137.94,0.9879,32.9,0.0063,0.9819,0.9999,0.5138,0.8692
smartphone_blank,electronics,plain,44,diffusers,graded,0.25,full,story,diffusers-turbo,rembg,1.0,137.94,0.9874,32.63,0.0066,0.9817,0.9999,0.9771,0.8723
smartphone_blank,electronics,plain,44,diffusers,graded,0.25,full,banner,diffusers-turbo,rembg,1.0,137.94,0.9883,33.3,0.0057,0.9818,0.9999,0.8515,0.8412
smartphone_blank,electronics,plain,44,diffusers,graded,0.5,full,square,diffusers-turbo,rembg,1.0,137.94,0.9868,32.72,0.0065,0.9816,0.9999,0.5676,0.8897
smartphone_blank,electronics,plain,44,diffusers,graded,0.5,full,story,diffusers-turbo,rembg,1.0,137.94,0.9863,32.46,0.0068,0.9815,0.9999,0.9782,0.8725
smartphone_blank,electronics,plain,44,diffusers,graded,0.5,full,banner,diffusers-turbo,rembg,1.0,137.94,0.9872,33.1,0.0059,0.9814,0.9999,0.8561,0.8412
smartphone_blank,electronics,plain,44,diffusers,graded,0.75,full,square,diffusers-turbo,rembg,1.0,137.94,0.986,32.54,0.0066,0.9801,0.9999,0.5798,0.8917
smartphone_blank,electronics,plain,44,diffusers,graded,0.75,full,story,diffusers-turbo,rembg,1.0,137.94,0.9856,32.29,0.0069,0.9802,0.9999,0.9734,0.8725
smartphone_blank,electronics,plain,44,diffusers,graded,0.75,full,banner,diffusers-turbo,rembg,1.0,137.94,0.9865,32.91,0.006,0.9798,0.9999,0.8529,0.8411
smartphone_blank,electronics,plain,44,diffusers,graded,1.0,full,square,diffusers-turbo,rembg,1.0,137.94,0.9855,32.36,0.0067,0.9655,0.9999,0.6127,0.8937
smartphone_blank,electronics,plain,44,diffusers,graded,1.0,full,story,diffusers-turbo,rembg,1.0,137.94,0.9851,32.11,0.007,0.9655,0.9999,0.9733,0.8726
smartphone_blank,electronics,plain,44,diffusers,graded,1.0,full,banner,diffusers-turbo,rembg,1.0,137.94,0.9859,32.71,0.006,0.965,0.9999,0.8548,0.841
mug_enamel,homeware,plain,42,diffusers,none,0.0,full,square,diffusers-turbo,rembg,1.0,71.41,0.9902,34.12,0.0216,0.8842,0.9997,0.9844,0.923
mug_enamel,homeware,plain,42,diffusers,none,0.0,full,story,diffusers-turbo,rembg,1.0,71.41,0.9901,34.2,0.023,0.8854,0.9996,0.9856,0.9232
mug_enamel,homeware,plain,42,diffusers,none,0.0,full,banner,diffusers-turbo,rembg,1.0,71.41,0.993,35.77,0.0133,0.9148,0.9998,1.0,0.9288
mug_enamel,homeware,plain,42,diffusers,graded,0.25,full,square,diffusers-turbo,rembg,1.0,71.41,0.9898,32.15,0.0223,0.8741,0.9695,0.9834,0.9214
mug_enamel,homeware,plain,42,diffusers,graded,0.25,full,story,diffusers-turbo,rembg,1.0,71.41,0.9897,32.2,0.0235,0.8777,0.9692,0.9778,0.9242
mug_enamel,homeware,plain,42,diffusers,graded,0.25,full,banner,diffusers-turbo,rembg,1.0,71.41,0.9925,33.01,0.0141,0.9062,0.9699,1.0,0.9308
mug_enamel,homeware,plain,42,diffusers,graded,0.5,full,square,diffusers-turbo,rembg,1.0,71.41,0.9888,29.26,0.0243,0.8626,0.7724,0.983,0.9235
mug_enamel,homeware,plain,42,diffusers,graded,0.5,full,story,diffusers-turbo,rembg,1.0,71.41,0.9887,29.29,0.0256,0.8693,0.7722,0.9712,0.9262
mug_enamel,homeware,plain,42,diffusers,graded,0.5,full,banner,diffusers-turbo,rembg,1.0,71.41,0.9915,29.64,0.0163,0.8988,0.7731,0.9998,0.9322
mug_enamel,homeware,plain,42,diffusers,graded,0.75,full,square,diffusers-turbo,rembg,1.0,71.41,0.9873,26.66,0.0278,0.8553,0.4937,0.9822,0.9249
mug_enamel,homeware,plain,42,diffusers,graded,0.75,full,story,diffusers-turbo,rembg,1.0,71.41,0.9872,26.68,0.0291,0.8613,0.4938,0.9641,0.9294
mug_enamel,homeware,plain,42,diffusers,graded,0.75,full,banner,diffusers-turbo,rembg,1.0,71.41,0.99,26.84,0.02,0.8916,0.4936,0.9995,0.9325
mug_enamel,homeware,plain,42,diffusers,graded,1.0,full,square,diffusers-turbo,rembg,1.0,71.41,0.9852,24.57,0.0331,0.8453,0.4305,0.9814,0.9249
mug_enamel,homeware,plain,42,diffusers,graded,1.0,full,story,diffusers-turbo,rembg,1.0,71.41,0.9851,24.59,0.0342,0.8507,0.4303,0.9569,0.913
mug_enamel,homeware,plain,42,diffusers,graded,1.0,full,banner,diffusers-turbo,rembg,1.0,71.41,0.9879,24.67,0.0255,0.8829,0.4306,0.9992,0.9314
mug_enamel,homeware,plain,43,procedural,none,0.0,full,square,procedural,rembg,1.0,71.41,0.9848,32.02,0.042,0.8238,0.9995,0.7915,0.9783
mug_enamel,homeware,plain,43,procedural,none,0.0,full,story,procedural,rembg,1.0,71.41,0.986,32.53,0.0389,0.833,0.9995,0.422,0.9642
mug_enamel,homeware,plain,43,procedural,none,0.0,full,banner,procedural,rembg,1.0,71.41,0.9878,33.39,0.0332,0.846,0.9996,0.9251,0.9638
mug_enamel,homeware,plain,43,procedural,graded,0.25,full,square,procedural,rembg,1.0,71.41,0.9845,30.43,0.0436,0.8324,0.6791,0.8196,0.973
mug_enamel,homeware,plain,43,procedural,graded,0.25,full,story,procedural,rembg,1.0,71.41,0.9857,30.8,0.0402,0.8432,0.6786,0.3761,0.9655
mug_enamel,homeware,plain,43,procedural,graded,0.25,full,banner,procedural,rembg,1.0,71.41,0.9874,31.38,0.0347,0.8583,0.6776,0.9084,0.9639
mug_enamel,homeware,plain,43,procedural,graded,0.5,full,square,procedural,rembg,1.0,71.41,0.9834,27.37,0.0472,0.8426,0.5545,0.8421,0.9677
mug_enamel,homeware,plain,43,procedural,graded,0.5,full,story,procedural,rembg,1.0,71.41,0.9845,27.57,0.0437,0.852,0.5551,0.3344,0.9598
mug_enamel,homeware,plain,43,procedural,graded,0.5,full,banner,procedural,rembg,1.0,71.41,0.9861,27.85,0.0385,0.8676,0.5537,0.8898,0.9661
mug_enamel,homeware,plain,43,procedural,graded,0.75,full,square,procedural,rembg,1.0,71.41,0.9813,24.83,0.0528,0.8452,0.3516,0.8598,0.9634
mug_enamel,homeware,plain,43,procedural,graded,0.75,full,story,procedural,rembg,1.0,71.41,0.9823,24.94,0.049,0.854,0.3514,0.3011,0.9567
mug_enamel,homeware,plain,43,procedural,graded,0.75,full,banner,procedural,rembg,1.0,71.41,0.9838,25.1,0.044,0.8692,0.3496,0.8727,0.9614
mug_enamel,homeware,plain,43,procedural,graded,1.0,full,square,procedural,rembg,1.0,71.41,0.9779,23.09,0.0583,0.8473,0.2114,0.8744,0.96
mug_enamel,homeware,plain,43,procedural,graded,1.0,full,story,procedural,rembg,1.0,71.41,0.9789,23.17,0.0546,0.8581,0.2111,0.273,0.9575
mug_enamel,homeware,plain,43,procedural,graded,1.0,full,banner,procedural,rembg,1.0,71.41,0.9802,23.28,0.0502,0.8719,0.2093,0.855,0.9606
mug_enamel,homeware,plain,43,diffusers,none,0.0,full,square,diffusers-turbo,rembg,1.0,71.41,0.986,32.33,0.034,0.8327,0.9995,0.3441,0.9468
mug_enamel,homeware,plain,43,diffusers,none,0.0,full,story,diffusers-turbo,rembg,1.0,71.41,0.9854,31.83,0.037,0.8247,0.9995,0.5792,0.9401
mug_enamel,homeware,plain,43,diffusers,none,0.0,full,banner,diffusers-turbo,rembg,1.0,71.41,0.9869,32.69,0.0322,0.8427,0.9995,0.7798,0.9385
mug_enamel,homeware,plain,43,diffusers,graded,0.25,full,square,diffusers-turbo,rembg,1.0,71.41,0.9856,30.66,0.0354,0.8433,0.6802,0.3486,0.9518
mug_enamel,homeware,plain,43,diffusers,graded,0.25,full,story,diffusers-turbo,rembg,1.0,71.41,0.9851,30.3,0.0382,0.8315,0.6797,0.5586,0.9393
mug_enamel,homeware,plain,43,diffusers,graded,0.25,full,banner,diffusers-turbo,rembg,1.0,71.41,0.9866,30.91,0.0335,0.852,0.6804,0.7754,0.9401
mug_enamel,homeware,plain,43,diffusers,graded,0.5,full,square,diffusers-turbo,rembg,1.0,71.41,0.9845,27.5,0.0389,0.8518,0.5544,0.3526,0.9535
mug_enamel,homeware,plain,43,diffusers,graded,0.5,full,story,diffusers-turbo,rembg,1.0,71.41,0.9839,27.31,0.0417,0.8427,0.5543,0.5386,0.9362
mug_enamel,homeware,plain,43,diffusers,graded,0.5,full,banner,diffusers-turbo,rembg,1.0,71.41,0.9854,27.63,0.0369,0.8609,0.5542,0.7727,0.9422
mug_enamel,homeware,plain,43,diffusers,graded,0.75,full,square,diffusers-turbo,rembg,1.0,71.41,0.9823,24.9,0.044,0.8549,0.3511,0.3552,0.9513
mug_enamel,homeware,plain,43,diffusers,graded,0.75,full,story,diffusers-turbo,rembg,1.0,71.41,0.9818,24.8,0.0468,0.8476,0.3511,0.5227,0.9336
mug_enamel,homeware,plain,43,diffusers,graded,0.75,full,banner,diffusers-turbo,rembg,1.0,71.41,0.9832,24.98,0.0418,0.8618,0.3507,0.7698,0.9439
mug_enamel,homeware,plain,43,diffusers,graded,1.0,full,square,diffusers-turbo,rembg,1.0,71.41,0.9789,23.15,0.0499,0.8566,0.2107,0.3584,0.9522
mug_enamel,homeware,plain,43,diffusers,graded,1.0,full,story,diffusers-turbo,rembg,1.0,71.41,0.9783,23.07,0.0526,0.8495,0.211,0.5079,0.932
mug_enamel,homeware,plain,43,diffusers,graded,1.0,full,banner,diffusers-turbo,rembg,1.0,71.41,0.9798,23.2,0.0476,0.8639,0.2104,0.7672,0.9429
mug_enamel,homeware,plain,44,procedural,none,0.0,full,square,procedural,rembg,1.0,71.41,0.9846,31.77,0.0417,0.8277,0.9995,0.8767,0.9769
mug_enamel,homeware,plain,44,procedural,none,0.0,full,story,procedural,rembg,1.0,71.41,0.9856,32.23,0.0387,0.8402,0.9995,0.638,0.9655
mug_enamel,homeware,plain,44,procedural,none,0.0,full,banner,procedural,rembg,1.0,71.41,0.9873,33.13,0.0334,0.849,0.9996,0.9927,0.9629
mug_enamel,homeware,plain,44,procedural,graded,0.25,full,square,procedural,rembg,1.0,71.41,0.9843,31.24,0.0426,0.8369,0.7642,0.9074,0.9734
mug_enamel,homeware,plain,44,procedural,graded,0.25,full,story,procedural,rembg,1.0,71.41,0.9853,31.65,0.0396,0.8468,0.7648,0.8256,0.9642
mug_enamel,homeware,plain,44,procedural,graded,0.25,full,banner,procedural,rembg,1.0,71.41,0.987,32.44,0.0343,0.8592,0.7638,0.9986,0.9626
mug_enamel,homeware,plain,44,procedural,graded,0.5,full,square,procedural,rembg,1.0,71.41,0.9839,29.73,0.0442,0.8449,0.6682,0.9306,0.9705
mug_enamel,homeware,plain,44,procedural,graded,0.5,full,story,procedural,rembg,1.0,71.41,0.9848,30.04,0.0413,0.8528,0.6685,0.9467,0.9688
mug_enamel,homeware,plain,44,procedural,graded,0.5,full,banner,procedural,rembg,1.0,71.41,0.9864,30.58,0.0361,0.8649,0.6671,0.9998,0.9636
mug_enamel,homeware,plain,44,procedural,graded,0.75,full,square,procedural,rembg,1.0,71.41,0.9831,28.0,0.0467,0.8502,0.6125,0.9407,0.9678
mug_enamel,homeware,plain,44,procedural,graded,0.75,full,story,procedural,rembg,1.0,71.41,0.984,28.22,0.0437,0.8579,0.6126,0.9872,0.9639
mug_enamel,homeware,plain,44,procedural,graded,0.75,full,banner,procedural,rembg,1.0,71.41,0.9855,28.57,0.0387,0.8715,0.6117,0.997,0.9625
mug_enamel,homeware,plain,44,procedural,graded,1.0,full,square,procedural,rembg,1.0,71.41,0.9819,26.36,0.0503,0.8531,0.4706,0.9476,0.9649
mug_enamel,homeware,plain,44,procedural,graded,1.0,full,story,procedural,rembg,1.0,71.41,0.9828,26.51,0.0472,0.8589,0.471,0.9988,0.9595
mug_enamel,homeware,plain,44,procedural,graded,1.0,full,banner,procedural,rembg,1.0,71.41,0.9843,26.76,0.0423,0.8747,0.4694,0.9912,0.9568
mug_enamel,homeware,plain,44,diffusers,none,0.0,full,square,diffusers-turbo,rembg,1.0,71.41,0.9897,33.99,0.0233,0.8738,0.9996,0.9832,0.9189
mug_enamel,homeware,plain,44,diffusers,none,0.0,full,story,diffusers-turbo,rembg,1.0,71.41,0.9906,34.52,0.0222,0.8876,0.9996,0.8948,0.938
mug_enamel,homeware,plain,44,diffusers,none,0.0,full,banner,diffusers-turbo,rembg,1.0,71.41,0.9899,34.19,0.0185,0.8705,0.9997,0.9789,0.9101
mug_enamel,homeware,plain,44,diffusers,graded,0.25,full,square,diffusers-turbo,rembg,1.0,71.41,0.9894,33.21,0.0243,0.8785,0.7669,0.9888,0.9205
mug_enamel,homeware,plain,44,diffusers,graded,0.25,full,story,diffusers-turbo,rembg,1.0,71.41,0.9903,33.65,0.0233,0.8909,0.7647,0.8887,0.9398
mug_enamel,homeware,plain,44,diffusers,graded,0.25,full,banner,diffusers-turbo,rembg,1.0,71.41,0.9895,33.35,0.0195,0.8804,0.7654,0.9792,0.9118
mug_enamel,homeware,plain,44,diffusers,graded,0.5,full,square,diffusers-turbo,rembg,1.0,71.41,0.9888,31.1,0.0259,0.8828,0.6669,0.9913,0.9228
mug_enamel,homeware,plain,44,diffusers,graded,0.5,full,story,diffusers-turbo,rembg,1.0,71.41,0.9896,31.37,0.0249,0.8949,0.6662,0.8811,0.9422
mug_enamel,homeware,plain,44,diffusers,graded,0.5,full,banner,diffusers-turbo,rembg,1.0,71.41,0.989,31.17,0.0211,0.8872,0.6667,0.98,0.9129
mug_enamel,homeware,plain,44,diffusers,graded,0.75,full,square,diffusers-turbo,rembg,1.0,71.41,0.9879,28.92,0.0283,0.8874,0.6121,0.9931,0.9249
mug_enamel,homeware,plain,44,diffusers,graded,0.75,full,story,diffusers-turbo,rembg,1.0,71.41,0.9887,29.08,0.0275,0.8994,0.6111,0.8753,0.9441
mug_enamel,homeware,plain,44,diffusers,graded,0.75,full,banner,diffusers-turbo,rembg,1.0,71.41,0.9881,28.95,0.0235,0.893,0.6107,0.9804,0.9141
mug_enamel,homeware,plain,44,diffusers,graded,1.0,full,square,diffusers-turbo,rembg,1.0,71.41,0.9866,27.0,0.0319,0.8876,0.4689,0.9943,0.9254
mug_enamel,homeware,plain,44,diffusers,graded,1.0,full,story,diffusers-turbo,rembg,1.0,71.41,0.9873,27.1,0.0312,0.8998,0.4677,0.8697,0.9435
mug_enamel,homeware,plain,44,diffusers,graded,1.0,full,banner,diffusers-turbo,rembg,1.0,71.41,0.9868,27.01,0.027,0.8941,0.468,0.9811,0.9147
camera_mirrorless,electronics,plain,42,diffusers,none,0.0,full,square,diffusers-turbo,rembg,1.0,119.32,0.9748,32.48,0.0571,0.9722,0.9973,0.9161,0.8819
camera_mirrorless,electronics,plain,42,diffusers,none,0.0,full,story,diffusers-turbo,rembg,1.0,119.32,0.9711,31.34,0.0661,0.9662,0.9967,0.6182,0.8714
camera_mirrorless,electronics,plain,42,diffusers,none,0.0,full,banner,diffusers-turbo,rembg,1.0,119.32,0.9787,33.53,0.0526,0.9725,0.9984,0.2267,0.8676
camera_mirrorless,electronics,plain,42,diffusers,graded,0.25,full,square,diffusers-turbo,rembg,1.0,119.32,0.9773,32.51,0.0571,0.9696,0.9975,0.9193,0.8809
camera_mirrorless,electronics,plain,42,diffusers,graded,0.25,full,story,diffusers-turbo,rembg,1.0,119.32,0.975,31.45,0.0659,0.9657,0.998,0.6691,0.8712
camera_mirrorless,electronics,plain,42,diffusers,graded,0.25,full,banner,diffusers-turbo,rembg,1.0,119.32,0.9794,33.49,0.0524,0.9714,0.9974,0.249,0.8668
camera_mirrorless,electronics,plain,42,diffusers,graded,0.5,full,square,diffusers-turbo,rembg,1.0,119.32,0.9769,32.13,0.057,0.9685,0.9952,0.9227,0.88
camera_mirrorless,electronics,plain,42,diffusers,graded,0.5,full,story,diffusers-turbo,rembg,1.0,119.32,0.9746,31.2,0.0657,0.9656,0.9958,0.7278,0.8706
camera_mirrorless,electronics,plain,42,diffusers,graded,0.5,full,banner,diffusers-turbo,rembg,1.0,119.32,0.979,33.0,0.0523,0.9708,0.9948,0.2724,0.8665
camera_mirrorless,electronics,plain,42,diffusers,graded,0.75,full,square,diffusers-turbo,rembg,1.0,119.32,0.9761,31.53,0.0571,0.9676,0.9918,0.9251,0.8796
camera_mirrorless,electronics,plain,42,diffusers,graded,0.75,full,story,diffusers-turbo,rembg,1.0,119.32,0.9739,30.75,0.0658,0.9659,0.9924,0.8004,0.8705
camera_mirrorless,electronics,plain,42,diffusers,graded,0.75,full,banner,diffusers-turbo,rembg,1.0,119.32,0.9781,32.25,0.0524,0.9703,0.9915,0.2973,0.8662
camera_mirrorless,electronics,plain,42,diffusers,graded,1.0,full,square,diffusers-turbo,rembg,1.0,119.32,0.9748,30.77,0.0576,0.9666,0.9872,0.9284,0.8792
camera_mirrorless,electronics,plain,42,diffusers,graded,1.0,full,story,diffusers-turbo,rembg,1.0,119.32,0.9728,30.15,0.0662,0.9662,0.9876,0.8685,0.87
camera_mirrorless,electronics,plain,42,diffusers,graded,1.0,full,banner,diffusers-turbo,rembg,1.0,119.32,0.9769,31.34,0.0528,0.9693,0.9871,0.3238,0.8658
camera_mirrorless,electronics,plain,43,procedural,none,0.0,full,square,procedural,rembg,1.0,119.32,0.9912,36.99,0.0283,0.9832,0.9995,0.9985,0.8996
camera_mirrorless,electronics,plain,43,procedural,none,0.0,full,story,procedural,rembg,1.0,119.32,0.9917,37.23,0.0271,0.984,0.9995,0.0002,0.9082
camera_mirrorless,electronics,plain,43,procedural,none,0.0,full,banner,procedural,rembg,1.0,119.32,0.9823,23.77,0.0429,0.9735,0.9987,0.6675,0.9083
camera_mirrorless,electronics,plain,43,procedural,graded,0.25,full,square,procedural,rembg,1.0,119.32,0.9913,37.1,0.0276,0.9838,0.9994,0.9982,0.8989
camera_mirrorless,electronics,plain,43,procedural,graded,0.25,full,story,procedural,rembg,1.0,119.32,0.9918,37.33,0.0264,0.9847,0.9994,0.0003,0.908
camera_mirrorless,electronics,plain,43,procedural,graded,0.25,full,banner,procedural,rembg,1.0,119.32,0.9824,23.78,0.0424,0.9741,0.9986,0.6622,0.9076
camera_mirrorless,electronics,plain,43,procedural,graded,0.5,full,square,procedural,rembg,1.0,119.32,0.9911,36.07,0.0266,0.9839,0.9977,0.9982,0.8978
camera_mirrorless,electronics,plain,43,procedural,graded,0.5,full,story,procedural,rembg,1.0,119.32,0.9915,36.24,0.0253,0.9846,0.9977,0.0003,0.908
camera_mirrorless,electronics,plain,43,procedural,graded,0.5,full,banner,procedural,rembg,1.0,119.32,0.9822,23.72,0.0414,0.9741,0.997,0.6541,0.909
camera_mirrorless,electronics,plain,43,procedural,graded,0.75,full,square,procedural,rembg,1.0,119.32,0.9904,34.37,0.0256,0.9845,0.9954,0.9981,0.8983
camera_mirrorless,electronics,plain,43,procedural,graded,0.75,full,story,procedural,rembg,1.0,119.32,0.9908,34.47,0.0244,0.9851,0.9954,0.0003,0.9065
camera_mirrorless,electronics,plain,43,procedural,graded,0.75,full,banner,procedural,rembg,1.0,119.32,0.9815,23.61,0.0407,0.9748,0.9949,0.6474,0.9115
camera_mirrorless,electronics,plain,43,procedural,graded,1.0,full,square,procedural,rembg,1.0,119.32,0.9893,32.6,0.0247,0.9843,0.9927,0.998,0.9013
camera_mirrorless,electronics,plain,43,procedural,graded,1.0,full,story,procedural,rembg,1.0,119.32,0.9897,32.66,0.0235,0.9849,0.9926,0.0003,0.9065
camera_mirrorless,electronics,plain,43,procedural,graded,1.0,full,banner,procedural,rembg,1.0,119.32,0.9804,23.43,0.0399,0.9744,0.9922,0.6427,0.9109
camera_mirrorless,electronics,plain,43,diffusers,none,0.0,full,square,diffusers-turbo,rembg,1.0,119.32,0.9687,29.56,0.0795,0.9667,0.9967,0.0013,0.8206
camera_mirrorless,electronics,plain,43,diffusers,none,0.0,full,story,diffusers-turbo,rembg,1.0,119.32,0.9686,29.4,0.0843,0.9671,0.9964,0.9652,0.8042
camera_mirrorless,electronics,plain,43,diffusers,none,0.0,full,banner,diffusers-turbo,rembg,1.0,119.32,0.9633,28.48,0.0865,0.9586,0.9969,0.2217,0.8047
camera_mirrorless,electronics,plain,43,diffusers,graded,0.25,full,square,diffusers-turbo,rembg,1.0,119.32,0.9681,29.32,0.0799,0.9665,0.9955,0.001,0.8207
camera_mirrorless,electronics,plain,43,diffusers,graded,0.25,full,story,diffusers-turbo,rembg,1.0,119.32,0.968,29.16,0.0848,0.9671,0.995,0.9478,0.8043
camera_mirrorless,electronics,plain,43,diffusers,graded,0.25,full,banner,diffusers-turbo,rembg,1.0,119.32,0.9628,28.31,0.0869,0.9585,0.9958,0.2252,0.8049
camera_mirrorless,electronics,plain,43,diffusers,graded,0.5,full,square,diffusers-turbo,rembg,1.0,119.32,0.967,28.79,0.0807,0.9664,0.9925,0.0005,0.8211
camera_mirrorless,electronics,plain,43,diffusers,graded,0.5,full,story,diffusers-turbo,rembg,1.0,119.32,0.9668,28.64,0.0855,0.9669,0.9921,0.9191,0.8034
camera_mirrorless,electronics,plain,43,diffusers,graded,0.5,full,banner,diffusers-turbo,rembg,1.0,119.32,0.9616,27.92,0.0877,0.9592,0.9934,0.2283,0.8051
camera_mirrorless,electronics,plain,43,diffusers,graded,0.75,full,square,diffusers-turbo,rembg,1.0,119.32,0.9653,28.12,0.0817,0.9664,0.9909,0.0003,0.8215
camera_mirrorless,electronics,plain,43,diffusers,graded,0.75,full,story,diffusers-turbo,rembg,1.0,119.32,0.9651,27.99,0.0864,0.9668,0.9905,0.8892,0.8039
camera_mirrorless,electronics,plain,43,diffusers,graded,0.75,full,banner,diffusers-turbo,rembg,1.0,119.32,0.9599,27.39,0.0886,0.9603,0.992,0.2318,0.8047
camera_mirrorless,electronics,plain,43,diffusers,graded,1.0,full,square,diffusers-turbo,rembg,1.0,119.32,0.9631,27.38,0.0826,0.9659,0.987,0.0002,0.8219
camera_mirrorless,electronics,plain,43,diffusers,graded,1.0,full,story,diffusers-turbo,rembg,1.0,119.32,0.9629,27.26,0.0873,0.9665,0.9868,0.8648,0.8035
camera_mirrorless,electronics,plain,43,diffusers,graded,1.0,full,banner,diffusers-turbo,rembg,1.0,119.32,0.9577,26.78,0.0896,0.9609,0.9883,0.2341,0.8051
camera_mirrorless,electronics,plain,44,procedural,none,0.0,full,square,procedural,rembg,1.0,119.32,0.9907,37.03,0.0261,0.9832,0.9995,0.98,0.9062
camera_mirrorless,electronics,plain,44,procedural,none,0.0,full,story,procedural,rembg,1.0,119.32,0.9912,37.26,0.0251,0.9842,0.9996,0.0413,0.905
camera_mirrorless,electronics,plain,44,procedural,none,0.0,full,banner,procedural,rembg,1.0,119.32,0.9911,37.18,0.0255,0.9839,0.9995,0.1086,0.9115
camera_mirrorless,electronics,plain,44,procedural,graded,0.25,full,square,procedural,rembg,1.0,119.32,0.9908,37.16,0.0257,0.9839,0.9995,0.9777,0.9047
camera_mirrorless,electronics,plain,44,procedural,graded,0.25,full,story,procedural,rembg,1.0,119.32,0.9913,37.38,0.0247,0.985,0.9996,0.0381,0.905
camera_mirrorless,electronics,plain,44,procedural,graded,0.25,full,banner,procedural,rembg,1.0,119.32,0.9912,37.31,0.0251,0.9846,0.9996,0.1136,0.911
camera_mirrorless,electronics,plain,44,procedural,graded,0.5,full,square,procedural,rembg,1.0,119.32,0.9909,37.01,0.0254,0.9841,0.9995,0.9756,0.904
camera_mirrorless,electronics,plain,44,procedural,graded,0.5,full,story,procedural,rembg,1.0,119.32,0.9914,37.21,0.0243,0.9851,0.9995,0.0357,0.9051
camera_mirrorless,electronics,plain,44,procedural,graded,0.5,full,banner,procedural,rembg,1.0,119.32,0.9912,37.14,0.0248,0.9849,0.9995,0.1173,0.9102
camera_mirrorless,electronics,plain,44,procedural,graded,0.75,full,square,procedural,rembg,1.0,119.32,0.9908,36.43,0.0248,0.9842,0.998,0.9738,0.9039
camera_mirrorless,electronics,plain,44,procedural,graded,0.75,full,story,procedural,rembg,1.0,119.32,0.9913,36.59,0.0237,0.985,0.9981,0.0333,0.9066
camera_mirrorless,electronics,plain,44,procedural,graded,0.75,full,banner,procedural,rembg,1.0,119.32,0.9911,36.54,0.0241,0.9847,0.998,0.1215,0.9123
camera_mirrorless,electronics,plain,44,procedural,graded,1.0,full,square,procedural,rembg,1.0,119.32,0.9906,35.57,0.0246,0.9844,0.9973,0.9719,0.9038
camera_mirrorless,electronics,plain,44,procedural,graded,1.0,full,story,procedural,rembg,1.0,119.32,0.991,35.69,0.0235,0.9853,0.9973,0.0314,0.9059
camera_mirrorless,electronics,plain,44,procedural,graded,1.0,full,banner,procedural,rembg,1.0,119.32,0.9909,35.65,0.0239,0.9853,0.9973,0.1245,0.913
camera_mirrorless,electronics,plain,44,diffusers,none,0.0,full,square,diffusers-turbo,rembg,1.0,119.32,0.9727,31.97,0.0623,0.968,0.9967,0.6784,0.8845
camera_mirrorless,electronics,plain,44,diffusers,none,0.0,full,story,diffusers-turbo,rembg,1.0,119.32,0.9717,31.58,0.0637,0.9687,0.9967,0.7443,0.8846
camera_mirrorless,electronics,plain,44,diffusers,none,0.0,full,banner,diffusers-turbo,rembg,1.0,119.32,0.97,30.57,0.0697,0.9657,0.9969,0.8235,0.8404
camera_mirrorless,electronics,plain,44,diffusers,graded,0.25,full,square,diffusers-turbo,rembg,1.0,119.32,0.9725,31.87,0.0627,0.9685,0.9967,0.6844,0.8847
camera_mirrorless,electronics,plain,44,diffusers,graded,0.25,full,story,diffusers-turbo,rembg,1.0,119.32,0.9715,31.48,0.0639,0.9691,0.9969,0.8678,0.8839
camera_mirrorless,electronics,plain,44,diffusers,graded,0.25,full,banner,diffusers-turbo,rembg,1.0,119.32,0.9698,30.46,0.0699,0.9658,0.997,0.8302,0.8403
camera_mirrorless,electronics,plain,44,diffusers,graded,0.5,full,square,diffusers-turbo,rembg,1.0,119.32,0.9718,31.56,0.0632,0.9686,0.9962,0.6828,0.8856
camera_mirrorless,electronics,plain,44,diffusers,graded,0.5,full,story,diffusers-turbo,rembg,1.0,119.32,0.9709,31.18,0.0643,0.9694,0.9963,0.9542,0.8838
camera_mirrorless,electronics,plain,44,diffusers,graded,0.5,full,banner,diffusers-turbo,rembg,1.0,119.32,0.9693,30.19,0.0703,0.966,0.9964,0.8356,0.8404
camera_mirrorless,electronics,plain,44,diffusers,graded,0.75,full,square,diffusers-turbo,rembg,1.0,119.32,0.9711,31.14,0.0637,0.9696,0.9935,0.6819,0.8869
camera_mirrorless,electronics,plain,44,diffusers,graded,0.75,full,story,diffusers-turbo,rembg,1.0,119.32,0.9702,30.78,0.0648,0.9701,0.9936,0.9909,0.8839
camera_mirrorless,electronics,plain,44,diffusers,graded,0.75,full,banner,diffusers-turbo,rembg,1.0,119.32,0.9686,29.84,0.0707,0.9666,0.9936,0.841,0.8406
camera_mirrorless,electronics,plain,44,diffusers,graded,1.0,full,square,diffusers-turbo,rembg,1.0,119.32,0.9702,30.65,0.0644,0.9697,0.9926,0.6754,0.8878
camera_mirrorless,electronics,plain,44,diffusers,graded,1.0,full,story,diffusers-turbo,rembg,1.0,119.32,0.9693,30.31,0.0654,0.9707,0.9925,0.9999,0.8841
camera_mirrorless,electronics,plain,44,diffusers,graded,1.0,full,banner,diffusers-turbo,rembg,1.0,119.32,0.9677,29.44,0.0714,0.967,0.9927,0.8451,0.8407
perfume_fire,fragrance,scene,42,diffusers,none,0.0,full,square,diffusers-turbo,rembg,0.1448,10.61,0.9911,32.97,0.0168,0.9007,0.997,0.1936,0.9283
perfume_fire,fragrance,scene,42,diffusers,none,0.0,full,story,diffusers-turbo,rembg,0.1448,10.61,0.9891,31.29,0.0209,0.8928,0.996,0.2056,0.9174
perfume_fire,fragrance,scene,42,diffusers,none,0.0,full,banner,diffusers-turbo,rembg,0.1448,10.61,0.9918,33.38,0.0161,0.91,0.9982,0.5166,0.9225
perfume_fire,fragrance,scene,42,diffusers,graded,0.25,full,square,diffusers-turbo,rembg,0.1448,10.61,0.991,32.78,0.0167,0.8971,0.9944,0.2667,0.9288
perfume_fire,fragrance,scene,42,diffusers,graded,0.25,full,story,diffusers-turbo,rembg,0.1448,10.61,0.989,31.29,0.0209,0.8895,0.9941,0.1832,0.9181
perfume_fire,fragrance,scene,42,diffusers,graded,0.25,full,banner,diffusers-turbo,rembg,0.1448,10.61,0.9917,33.11,0.016,0.9059,0.9907,0.5933,0.9216
perfume_fire,fragrance,scene,42,diffusers,graded,0.5,full,square,diffusers-turbo,rembg,0.1448,10.61,0.9907,31.77,0.017,0.8941,0.9839,0.3299,0.9292
perfume_fire,fragrance,scene,42,diffusers,graded,0.5,full,story,diffusers-turbo,rembg,0.1448,10.61,0.9887,30.64,0.0211,0.8855,0.9834,0.1394,0.9185
perfume_fire,fragrance,scene,42,diffusers,graded,0.5,full,banner,diffusers-turbo,rembg,0.1448,10.61,0.9914,31.98,0.0162,0.9035,0.9799,0.6714,0.9219
perfume_fire,fragrance,scene,42,diffusers,graded,0.75,full,square,diffusers-turbo,rembg,0.1448,10.61,0.9902,30.42,0.0175,0.8899,0.9725,0.3796,0.9297
perfume_fire,fragrance,scene,42,diffusers,graded,0.75,full,story,diffusers-turbo,rembg,0.1448,10.61,0.9881,29.65,0.0216,0.8821,0.9728,0.0887,0.9192
perfume_fire,fragrance,scene,42,diffusers,graded,0.75,full,banner,diffusers-turbo,rembg,0.1448,10.61,0.9908,30.55,0.0166,0.9011,0.9693,0.7339,0.9223
perfume_fire,fragrance,scene,42,diffusers,graded,1.0,full,square,diffusers-turbo,rembg,0.1448,10.61,0.9894,29.02,0.0181,0.8865,0.9512,0.4186,0.9302
perfume_fire,fragrance,scene,42,diffusers,graded,1.0,full,story,diffusers-turbo,rembg,0.1448,10.61,0.9873,28.5,0.0222,0.8788,0.9538,0.0302,0.9193
perfume_fire,fragrance,scene,42,diffusers,graded,1.0,full,banner,diffusers-turbo,rembg,0.1448,10.61,0.99,29.09,0.0172,0.8978,0.9489,0.7858,0.923
perfume_fire,fragrance,scene,43,procedural,none,0.0,full,square,procedural,rembg,0.1448,10.61,0.9968,32.7,0.0118,1.0,0.9993,0.5064,0.9211
perfume_fire,fragrance,scene,43,procedural,none,0.0,full,story,procedural,rembg,0.1448,10.61,0.9972,33.69,0.01,1.0,0.9994,0.1842,0.9459
perfume_fire,fragrance,scene,43,procedural,none,0.0,full,banner,procedural,rembg,0.1448,10.61,0.982,19.59,0.0402,0.9323,0.9896,0.0,0.9447
perfume_fire,fragrance,scene,43,procedural,graded,0.25,full,square,procedural,rembg,0.1448,10.61,0.9968,32.85,0.0114,1.0,0.9929,0.4829,0.9252
perfume_fire,fragrance,scene,43,procedural,graded,0.25,full,story,procedural,rembg,0.1448,10.61,0.9973,33.77,0.0096,1.0,0.9929,0.1614,0.9441
perfume_fire,fragrance,scene,43,procedural,graded,0.25,full,banner,procedural,rembg,0.1448,10.61,0.9821,19.61,0.0395,0.9324,0.9866,0.0,0.944
perfume_fire,fragrance,scene,43,procedural,graded,0.5,full,square,procedural,rembg,0.1448,10.61,0.9967,31.8,0.0111,1.0,0.9732,0.4589,0.9369
perfume_fire,fragrance,scene,43,procedural,graded,0.5,full,story,procedural,rembg,0.1448,10.61,0.9971,32.41,0.0094,1.0,0.9731,0.1407,0.9435
perfume_fire,fragrance,scene,43,procedural,graded,0.5,full,banner,procedural,rembg,0.1448,10.61,0.9821,19.56,0.0387,0.9322,0.9706,0.0,0.944
perfume_fire,fragrance,scene,43,procedural,graded,0.75,full,square,procedural,rembg,0.1448,10.61,0.9963,30.07,0.011,1.0,0.9448,0.4366,0.9442
perfume_fire,fragrance,scene,43,procedural,graded,0.75,full,story,procedural,rembg,0.1448,10.61,0.9967,30.42,0.0093,1.0,0.9447,0.1214,0.9422
perfume_fire,fragrance,scene,43,procedural,graded,0.75,full,banner,procedural,rembg,0.1448,10.61,0.9819,19.46,0.0382,0.9321,0.9426,0.0,0.9453
perfume_fire,fragrance,scene,43,procedural,graded,1.0,full,square,procedural,rembg,0.1448,10.61,0.9957,28.27,0.0111,1.0,0.9017,0.414,0.9424
perfume_fire,fragrance,scene,43,procedural,graded,1.0,full,story,procedural,rembg,0.1448,10.61,0.9961,28.46,0.0094,1.0,0.9017,0.1062,0.9419
perfume_fire,fragrance,scene,43,procedural,graded,1.0,full,banner,procedural,rembg,0.1448,10.61,0.9814,19.29,0.0379,0.9319,0.8999,0.0,0.9441
perfume_fire,fragrance,scene,43,diffusers,none,0.0,full,square,diffusers-turbo,rembg,0.1448,10.61,0.9884,29.33,0.0297,0.8735,0.9954,0.0248,0.8901
perfume_fire,fragrance,scene,43,diffusers,none,0.0,full,story,diffusers-turbo,rembg,0.1448,10.61,0.9883,29.05,0.0313,0.8746,0.9953,0.7189,0.8849
perfume_fire,fragrance,scene,43,diffusers,none,0.0,full,banner,diffusers-turbo,rembg,0.1448,10.61,0.9764,21.12,0.047,0.8093,0.9872,0.0242,0.8818
perfume_fire,fragrance,scene,43,diffusers,graded,0.25,full,square,diffusers-turbo,rembg,0.1448,10.61,0.9882,28.78,0.03,0.8762,0.9809,0.0209,0.8901
perfume_fire,fragrance,scene,43,diffusers,graded,0.25,full,story,diffusers-turbo,rembg,0.1448,10.61,0.9881,28.53,0.0315,0.8776,0.9808,0.7344,0.8859
perfume_fire,fragrance,scene,43,diffusers,graded,0.25,full,banner,diffusers-turbo,rembg,0.1448,10.61,0.9762,21.05,0.0474,0.8132,0.9746,0.0248,0.8814
perfume_fire,fragrance,scene,43,diffusers,graded,0.5,full,square,diffusers-turbo,rembg,0.1448,10.61,0.9878,27.72,0.0306,0.8806,0.9524,0.0169,0.8899
perfume_fire,fragrance,scene,43,diffusers,graded,0.5,full,story,diffusers-turbo,rembg,0.1448,10.61,0.9877,27.52,0.0322,0.8815,0.9527,0.7537,0.887
perfume_fire,fragrance,scene,43,diffusers,graded,0.5,full,banner,diffusers-turbo,rembg,0.1448,10.61,0.9757,20.88,0.0482,0.8177,0.9466,0.0257,0.8806
perfume_fire,fragrance,scene,43,diffusers,graded,0.75,full,square,diffusers-turbo,rembg,0.1448,10.61,0.987,26.51,0.0316,0.8873,0.9084,0.0121,0.8905
perfume_fire,fragrance,scene,43,diffusers,graded,0.75,full,story,diffusers-turbo,rembg,0.1448,10.61,0.987,26.35,0.033,0.887,0.9086,0.7734,0.8883
perfume_fire,fragrance,scene,43,diffusers,graded,0.75,full,banner,diffusers-turbo,rembg,0.1448,10.61,0.9749,20.62,0.0491,0.8261,0.9038,0.0271,0.8789
perfume_fire,fragrance,scene,43,diffusers,graded,1.0,full,square,diffusers-turbo,rembg,0.1448,10.61,0.9861,25.28,0.0326,0.8946,0.8631,0.0067,0.8913
perfume_fire,fragrance,scene,43,diffusers,graded,1.0,full,story,diffusers-turbo,rembg,0.1448,10.61,0.986,25.15,0.0341,0.8925,0.8628,0.7937,0.8908
perfume_fire,fragrance,scene,43,diffusers,graded,1.0,full,banner,diffusers-turbo,rembg,0.1448,10.61,0.974,20.31,0.0503,0.833,0.8599,0.0281,0.8787
perfume_fire,fragrance,scene,44,procedural,none,0.0,full,square,procedural,rembg,0.1448,10.61,0.9967,32.78,0.0116,0.9996,0.9993,0.2946,0.9432
perfume_fire,fragrance,scene,44,procedural,none,0.0,full,story,procedural,rembg,0.1448,10.61,0.9972,33.78,0.0096,0.9996,0.9993,0.0073,0.9402
perfume_fire,fragrance,scene,44,procedural,none,0.0,full,banner,procedural,rembg,0.1448,10.61,0.9971,33.6,0.01,0.9996,0.9993,0.2028,0.9463
perfume_fire,fragrance,scene,44,procedural,graded,0.25,full,square,procedural,rembg,0.1448,10.61,0.9967,32.95,0.0116,0.9996,0.9987,0.3264,0.9419
perfume_fire,fragrance,scene,44,procedural,graded,0.25,full,story,procedural,rembg,0.1448,10.61,0.9972,33.95,0.0095,0.9996,0.9986,0.0021,0.9386
perfume_fire,fragrance,scene,44,procedural,graded,0.25,full,banner,procedural,rembg,0.1448,10.61,0.9971,33.76,0.01,0.9996,0.9986,0.2268,0.9456
perfume_fire,fragrance,scene,44,procedural,graded,0.5,full,square,procedural,rembg,0.1448,10.61,0.9967,32.71,0.0114,0.9996,0.993,0.3579,0.9411
perfume_fire,fragrance,scene,44,procedural,graded,0.5,full,story,procedural,rembg,0.1448,10.61,0.9972,33.58,0.0093,0.9996,0.993,0.0001,0.9371
perfume_fire,fragrance,scene,44,procedural,graded,0.5,full,banner,procedural,rembg,0.1448,10.61,0.9971,33.42,0.0098,0.9996,0.993,0.2484,0.9452
perfume_fire,fragrance,scene,44,procedural,graded,0.75,full,square,procedural,rembg,0.1448,10.61,0.9966,31.98,0.0113,0.9999,0.9794,0.3822,0.9381
perfume_fire,fragrance,scene,44,procedural,graded,0.75,full,story,procedural,rembg,0.1448,10.61,0.9971,32.65,0.0093,0.9997,0.9796,0.0003,0.9354
perfume_fire,fragrance,scene,44,procedural,graded,0.75,full,banner,procedural,rembg,0.1448,10.61,0.997,32.54,0.0097,0.9996,0.9796,0.2651,0.9444
perfume_fire,fragrance,scene,44,procedural,graded,1.0,full,square,procedural,rembg,0.1448,10.61,0.9964,30.97,0.0113,1.0,0.9699,0.405,0.9376
perfume_fire,fragrance,scene,44,procedural,graded,1.0,full,story,procedural,rembg,0.1448,10.61,0.9969,31.45,0.0093,0.9999,0.9701,0.0017,0.9349
perfume_fire,fragrance,scene,44,procedural,graded,1.0,full,banner,procedural,rembg,0.1448,10.61,0.9968,31.38,0.0097,0.9999,0.9701,0.2808,0.9431
perfume_fire,fragrance,scene,44,diffusers,none,0.0,full,square,diffusers-turbo,rembg,0.1448,10.61,0.9903,31.86,0.0204,0.8977,0.9956,0.0101,0.9327
perfume_fire,fragrance,scene,44,diffusers,none,0.0,full,story,diffusers-turbo,rembg,0.1448,10.61,0.9896,31.41,0.0226,0.8918,0.9959,0.0205,0.9473
perfume_fire,fragrance,scene,44,diffusers,none,0.0,full,banner,diffusers-turbo,rembg,0.1448,10.61,0.9887,30.49,0.0237,0.8752,0.9959,0.3919,0.8974
perfume_fire,fragrance,scene,44,diffusers,graded,0.25,full,square,diffusers-turbo,rembg,0.1448,10.61,0.9902,31.57,0.0206,0.9025,0.9952,0.005,0.9327
perfume_fire,fragrance,scene,44,diffusers,graded,0.25,full,story,diffusers-turbo,rembg,0.1448,10.61,0.9895,31.14,0.0228,0.8965,0.9953,0.0329,0.9471
perfume_fire,fragrance,scene,44,diffusers,graded,0.25,full,banner,diffusers-turbo,rembg,0.1448,10.61,0.9887,30.23,0.0239,0.879,0.995,0.5497,0.8973
perfume_fire,fragrance,scene,44,diffusers,graded,0.5,full,square,diffusers-turbo,rembg,0.1448,10.61,0.9899,30.81,0.0211,0.9075,0.985,0.0009,0.9322
perfume_fire,fragrance,scene,44,diffusers,graded,0.5,full,story,diffusers-turbo,rembg,0.1448,10.61,0.9893,30.42,0.0232,0.9012,0.9848,0.0568,0.9466
perfume_fire,fragrance,scene,44,diffusers,graded,0.5,full,banner,diffusers-turbo,rembg,0.1448,10.61,0.9884,29.61,0.0244,0.8836,0.985,0.6457,0.8977
perfume_fire,fragrance,scene,44,diffusers,graded,0.75,full,square,diffusers-turbo,rembg,0.1448,10.61,0.9895,29.87,0.0217,0.9106,0.9742,0.0002,0.9322
perfume_fire,fragrance,scene,44,diffusers,graded,0.75,full,story,diffusers-turbo,rembg,0.1448,10.61,0.9889,29.54,0.0239,0.9062,0.9743,0.0893,0.9461
perfume_fire,fragrance,scene,44,diffusers,graded,0.75,full,banner,diffusers-turbo,rembg,0.1448,10.61,0.9881,28.83,0.025,0.8884,0.9747,0.7029,0.8981
perfume_fire,fragrance,scene,44,diffusers,graded,1.0,full,square,diffusers-turbo,rembg,0.1448,10.61,0.9891,28.86,0.0223,0.9119,0.9621,0.0052,0.9322
perfume_fire,fragrance,scene,44,diffusers,graded,1.0,full,story,diffusers-turbo,rembg,0.1448,10.61,0.9884,28.58,0.0245,0.9103,0.9608,0.1332,0.9457
perfume_fire,fragrance,scene,44,diffusers,graded,1.0,full,banner,diffusers-turbo,rembg,0.1448,10.61,0.9876,27.98,0.0256,0.8925,0.9608,0.7345,0.8985
perfume_dark,fragrance,scene,42,diffusers,none,0.0,full,square,diffusers-turbo,rembg,1.0,21.25,0.9842,29.03,0.025,0.9984,0.9849,0.8045,0.879
perfume_dark,fragrance,scene,42,diffusers,none,0.0,full,story,diffusers-turbo,rembg,1.0,21.25,0.9824,27.6,0.0279,0.9981,0.9834,0.9091,0.8409
perfume_dark,fragrance,scene,42,diffusers,none,0.0,full,banner,diffusers-turbo,rembg,1.0,21.25,0.9848,29.39,0.0234,0.9985,0.9867,1.0,0.875
perfume_dark,fragrance,scene,42,diffusers,graded,0.25,full,square,diffusers-turbo,rembg,1.0,21.25,0.984,28.96,0.0249,0.9984,0.9916,0.8046,0.8763
perfume_dark,fragrance,scene,42,diffusers,graded,0.25,full,story,diffusers-turbo,rembg,1.0,21.25,0.9822,27.59,0.0278,0.9978,0.9901,0.909,0.8404
perfume_dark,fragrance,scene,42,diffusers,graded,0.25,full,banner,diffusers-turbo,rembg,1.0,21.25,0.9847,29.3,0.0233,0.9983,0.9923,1.0,0.871
perfume_dark,fragrance,scene,42,diffusers,graded,0.5,full,square,diffusers-turbo,rembg,1.0,21.25,0.9834,28.51,0.0252,0.9981,0.99,0.8054,0.8731
perfume_dark,fragrance,scene,42,diffusers,graded,0.5,full,story,diffusers-turbo,rembg,1.0,21.25,0.9816,27.27,0.0281,0.9973,0.9884,0.9094,0.8397
perfume_dark,fragrance,scene,42,diffusers,graded,0.5,full,banner,diffusers-turbo,rembg,1.0,21.25,0.984,28.8,0.0236,0.9981,0.9904,1.0,0.8676
perfume_dark,fragrance,scene,42,diffusers,graded,0.75,full,square,diffusers-turbo,rembg,1.0,21.25,0.9825,27.86,0.0255,0.9979,0.9878,0.8069,0.8698
perfume_dark,fragrance,scene,42,diffusers,graded,0.75,full,story,diffusers-turbo,rembg,1.0,21.25,0.9808,26.79,0.0284,0.9969,0.9869,0.9098,0.8391
perfume_dark,fragrance,scene,42,diffusers,graded,0.75,full,banner,diffusers-turbo,rembg,1.0,21.25,0.9831,28.1,0.0239,0.9978,0.9876,1.0,0.8643
perfume_dark,fragrance,scene,42,diffusers,graded,1.0,full,square,diffusers-turbo,rembg,1.0,21.25,0.9813,27.08,0.026,0.9974,0.9834,0.8073,0.8665
perfume_dark,fragrance,scene,42,diffusers,graded,1.0,full,story,diffusers-turbo,rembg,1.0,21.25,0.9796,26.19,0.0289,0.9966,0.9845,0.9099,0.8385
perfume_dark,fragrance,scene,42,diffusers,graded,1.0,full,banner,diffusers-turbo,rembg,1.0,21.25,0.9819,27.28,0.0244,0.9974,0.9818,1.0,0.861
perfume_dark,fragrance,scene,43,procedural,none,0.0,full,square,procedural,rembg,1.0,21.25,0.9981,43.06,0.0035,1.0,0.9995,0.133,0.9432
perfume_dark,fragrance,scene,43,procedural,none,0.0,full,story,procedural,rembg,1.0,21.25,0.9974,42.97,0.0044,1.0,0.9993,0.1217,0.9556
perfume_dark,fragrance,scene,43,procedural,none,0.0,full,banner,procedural,rembg,1.0,21.25,0.9978,43.4,0.0036,1.0,0.9994,0.5684,0.953
perfume_dark,fragrance,scene,43,procedural,graded,0.25,full,square,procedural,rembg,1.0,21.25,0.998,40.81,0.0035,1.0,0.9986,0.1329,0.9431
perfume_dark,fragrance,scene,43,procedural,graded,0.25,full,story,procedural,rembg,1.0,21.25,0.9973,40.63,0.0044,1.0,0.9983,0.1217,0.9535
perfume_dark,fragrance,scene,43,procedural,graded,0.25,full,banner,procedural,rembg,1.0,21.25,0.9977,40.93,0.0037,1.0,0.9986,0.568,0.9532
perfume_dark,fragrance,scene,43,procedural,graded,0.5,full,square,procedural,rembg,1.0,21.25,0.9973,35.87,0.0038,1.0,0.9948,0.1322,0.9433
perfume_dark,fragrance,scene,43,procedural,graded,0.5,full,story,procedural,rembg,1.0,21.25,0.9966,35.76,0.0048,1.0,0.9944,0.121,0.9519
perfume_dark,fragrance,scene,43,procedural,graded,0.5,full,banner,procedural,rembg,1.0,21.25,0.997,35.87,0.004,1.0,0.9947,0.5664,0.9533
perfume_dark,fragrance,scene,43,procedural,graded,0.75,full,square,procedural,rembg,1.0,21.25,0.9962,32.42,0.0045,1.0,0.988,0.1318,0.9437
perfume_dark,fragrance,scene,43,procedural,graded,0.75,full,story,procedural,rembg,1.0,21.25,0.9954,32.34,0.0055,1.0,0.9875,0.1204,0.9517
perfume_dark,fragrance,scene,43,procedural,graded,0.75,full,banner,procedural,rembg,1.0,21.25,0.9959,32.4,0.0047,1.0,0.9879,0.5654,0.9528
perfume_dark,fragrance,scene,43,procedural,graded,1.0,full,square,procedural,rembg,1.0,21.25,0.9945,29.92,0.0055,1.0,0.9775,0.1316,0.9434
perfume_dark,fragrance,scene,43,procedural,graded,1.0,full,story,procedural,rembg,1.0,21.25,0.9938,29.86,0.0065,1.0,0.9773,0.1201,0.9536
perfume_dark,fragrance,scene,43,procedural,graded,1.0,full,banner,procedural,rembg,1.0,21.25,0.9942,29.9,0.0057,1.0,0.9776,0.5646,0.9521
perfume_dark,fragrance,scene,43,diffusers,none,0.0,full,square,diffusers-turbo,rembg,1.0,21.25,0.9817,26.68,0.0313,0.9974,0.9809,0.5881,0.8803
perfume_dark,fragrance,scene,43,diffusers,none,0.0,full,story,diffusers-turbo,rembg,1.0,21.25,0.9815,26.41,0.0343,0.9971,0.9807,0.8406,0.8885
perfume_dark,fragrance,scene,43,diffusers,none,0.0,full,banner,diffusers-turbo,rembg,1.0,21.25,0.9823,27.05,0.0299,0.9978,0.9827,0.9969,0.878
perfume_dark,fragrance,scene,43,diffusers,graded,0.25,full,square,diffusers-turbo,rembg,1.0,21.25,0.9816,26.51,0.0313,0.9975,0.9794,0.5923,0.8817
perfume_dark,fragrance,scene,43,diffusers,graded,0.25,full,story,diffusers-turbo,rembg,1.0,21.25,0.9814,26.25,0.0342,0.9975,0.979,0.8358,0.8899
perfume_dark,fragrance,scene,43,diffusers,graded,0.25,full,banner,diffusers-turbo,rembg,1.0,21.25,0.9822,26.88,0.0298,0.998,0.981,0.997,0.8783
perfume_dark,fragrance,scene,43,diffusers,graded,0.5,full,square,diffusers-turbo,rembg,1.0,21.25,0.9809,26.02,0.0315,0.9977,0.9666,0.5996,0.8831
perfume_dark,fragrance,scene,43,diffusers,graded,0.5,full,story,diffusers-turbo,rembg,1.0,21.25,0.9806,25.78,0.0344,0.9976,0.9662,0.8276,0.8898
perfume_dark,fragrance,scene,43,diffusers,graded,0.5,full,banner,diffusers-turbo,rembg,1.0,21.25,0.9814,26.36,0.03,0.9981,0.969,0.9975,0.8792
perfume_dark,fragrance,scene,43,diffusers,graded,0.75,full,square,diffusers-turbo,rembg,1.0,21.25,0.9797,25.37,0.032,0.9978,0.9513,0.6057,0.8845
perfume_dark,fragrance,scene,43,diffusers,graded,0.75,full,story,diffusers-turbo,rembg,1.0,21.25,0.9794,25.16,0.0348,0.9977,0.9507,0.8208,0.8917
perfume_dark,fragrance,scene,43,diffusers,graded,0.75,full,banner,diffusers-turbo,rembg,1.0,21.25,0.9802,25.67,0.0305,0.9983,0.9543,0.9977,0.8802
perfume_dark,fragrance,scene,43,diffusers,graded,1.0,full,square,diffusers-turbo,rembg,1.0,21.25,0.978,24.64,0.0328,0.9979,0.9338,0.6109,0.8859
perfume_dark,fragrance,scene,43,diffusers,graded,1.0,full,story,diffusers-turbo,rembg,1.0,21.25,0.9778,24.45,0.0357,0.9978,0.9332,0.8146,0.8928
perfume_dark,fragrance,scene,43,diffusers,graded,1.0,full,banner,diffusers-turbo,rembg,1.0,21.25,0.9786,24.9,0.0314,0.9985,0.9367,0.9979,0.8808
perfume_dark,fragrance,scene,44,procedural,none,0.0,full,square,procedural,rembg,1.0,21.25,0.9985,43.79,0.0028,1.0,0.9996,0.7247,0.9459
perfume_dark,fragrance,scene,44,procedural,none,0.0,full,story,procedural,rembg,1.0,21.25,0.9978,43.74,0.0039,1.0,0.9994,0.0257,0.9493
perfume_dark,fragrance,scene,44,procedural,none,0.0,full,banner,procedural,rembg,1.0,21.25,0.9982,44.05,0.0033,1.0,0.9995,0.0381,0.9528
perfume_dark,fragrance,scene,44,procedural,graded,0.25,full,square,procedural,rembg,1.0,21.25,0.9985,43.4,0.0028,1.0,0.9994,0.7245,0.9455
perfume_dark,fragrance,scene,44,procedural,graded,0.25,full,story,procedural,rembg,1.0,21.25,0.9978,43.25,0.004,1.0,0.9991,0.0256,0.9491
perfume_dark,fragrance,scene,44,procedural,graded,0.25,full,banner,procedural,rembg,1.0,21.25,0.9982,43.56,0.0033,1.0,0.9992,0.0379,0.9521
perfume_dark,fragrance,scene,44,procedural,graded,0.5,full,square,procedural,rembg,1.0,21.25,0.9984,40.15,0.0029,1.0,0.9988,0.724,0.9459
perfume_dark,fragrance,scene,44,procedural,graded,0.5,full,story,procedural,rembg,1.0,21.25,0.9976,39.98,0.0041,1.0,0.9986,0.0253,0.95
perfume_dark,fragrance,scene,44,procedural,graded,0.5,full,banner,procedural,rembg,1.0,21.25,0.998,40.16,0.0034,1.0,0.9987,0.0375,0.9516
perfume_dark,fragrance,scene,44,procedural,graded,0.75,full,square,procedural,rembg,1.0,21.25,0.9979,37.0,0.0032,1.0,0.997,0.7232,0.946
perfume_dark,fragrance,scene,44,procedural,graded,0.75,full,story,procedural,rembg,1.0,21.25,0.9972,36.88,0.0044,1.0,0.9967,0.0249,0.9493
perfume_dark,fragrance,scene,44,procedural,graded,0.75,full,banner,procedural,rembg,1.0,21.25,0.9976,36.98,0.0037,1.0,0.9968,0.037,0.9521
perfume_dark,fragrance,scene,44,procedural,graded,1.0,full,square,procedural,rembg,1.0,21.25,0.9974,34.54,0.0036,1.0,0.9935,0.7222,0.9456
perfume_dark,fragrance,scene,44,procedural,graded,1.0,full,story,procedural,rembg,1.0,21.25,0.9967,34.44,0.0047,1.0,0.9929,0.0246,0.9489
perfume_dark,fragrance,scene,44,procedural,graded,1.0,full,banner,procedural,rembg,1.0,21.25,0.9971,34.51,0.004,1.0,0.9932,0.0365,0.9519
perfume_dark,fragrance,scene,44,diffusers,none,0.0,full,square,diffusers-turbo,rembg,1.0,21.25,0.9836,28.27,0.0271,0.9982,0.9838,0.7354,0.8434
perfume_dark,fragrance,scene,44,diffusers,none,0.0,full,story,diffusers-turbo,rembg,1.0,21.25,0.983,27.94,0.0276,0.9979,0.9833,0.9523,0.8573
perfume_dark,fragrance,scene,44,diffusers,none,0.0,full,banner,diffusers-turbo,rembg,1.0,21.25,0.9818,26.89,0.0305,0.9977,0.9826,0.9903,0.8443
perfume_dark,fragrance,scene,44,diffusers,graded,0.25,full,square,diffusers-turbo,rembg,1.0,21.25,0.9836,28.2,0.0272,0.9983,0.9843,0.741,0.8434
perfume_dark,fragrance,scene,44,diffusers,graded,0.25,full,story,diffusers-turbo,rembg,1.0,21.25,0.983,27.88,0.0276,0.9981,0.9837,0.9541,0.8572
perfume_dark,fragrance,scene,44,diffusers,graded,0.25,full,banner,diffusers-turbo,rembg,1.0,21.25,0.9817,26.84,0.0305,0.9979,0.9829,0.9902,0.8444
perfume_dark,fragrance,scene,44,diffusers,graded,0.5,full,square,diffusers-turbo,rembg,1.0,21.25,0.9834,27.94,0.0272,0.9983,0.9821,0.7499,0.8432
perfume_dark,fragrance,scene,44,diffusers,graded,0.5,full,story,diffusers-turbo,rembg,1.0,21.25,0.9827,27.63,0.0277,0.9982,0.9813,0.957,0.8571
perfume_dark,fragrance,scene,44,diffusers,graded,0.5,full,banner,diffusers-turbo,rembg,1.0,21.25,0.9815,26.63,0.0306,0.9981,0.9806,0.9901,0.8446
perfume_dark,fragrance,scene,44,diffusers,graded,0.75,full,square,diffusers-turbo,rembg,1.0,21.25,0.9829,27.57,0.0274,0.9984,0.9762,0.7598,0.8429
perfume_dark,fragrance,scene,44,diffusers,graded,0.75,full,story,diffusers-turbo,rembg,1.0,21.25,0.9823,27.27,0.028,0.9983,0.9755,0.96,0.8573
perfume_dark,fragrance,scene,44,diffusers,graded,0.75,full,banner,diffusers-turbo,rembg,1.0,21.25,0.9811,26.34,0.0308,0.9982,0.9747,0.9901,0.845
perfume_dark,fragrance,scene,44,diffusers,graded,1.0,full,square,diffusers-turbo,rembg,1.0,21.25,0.9823,27.11,0.0278,0.9986,0.9676,0.768,0.8427
perfume_dark,fragrance,scene,44,diffusers,graded,1.0,full,story,diffusers-turbo,rembg,1.0,21.25,0.9817,26.83,0.0283,0.9983,0.9667,0.9625,0.8575
perfume_dark,fragrance,scene,44,diffusers,graded,1.0,full,banner,diffusers-turbo,rembg,1.0,21.25,0.9805,25.97,0.0311,0.9984,0.9655,0.99,0.8452
earbuds_black,electronics,scene,42,diffusers,none,0.0,full,square,diffusers-turbo,rembg,1.0,60.02,0.9763,28.62,0.0496,0.9745,0.9745,0.9857,0.9052
earbuds_black,electronics,scene,42,diffusers,none,0.0,full,story,diffusers-turbo,rembg,1.0,60.02,0.9745,27.54,0.0536,0.9719,0.9651,0.8845,0.8752
earbuds_black,electronics,scene,42,diffusers,none,0.0,full,banner,diffusers-turbo,rembg,1.0,60.02,0.9771,28.75,0.0489,0.9764,0.9748,0.7543,0.88
earbuds_black,electronics,scene,42,diffusers,graded,0.25,full,square,diffusers-turbo,rembg,1.0,60.02,0.9765,28.68,0.0493,0.9736,0.9948,0.9878,0.906
earbuds_black,electronics,scene,42,diffusers,graded,0.25,full,story,diffusers-turbo,rembg,1.0,60.02,0.9748,27.63,0.0534,0.9709,0.9939,0.8906,0.8761
earbuds_black,electronics,scene,42,diffusers,graded,0.25,full,banner,diffusers-turbo,rembg,1.0,60.02,0.9773,28.81,0.0487,0.9754,0.9944,0.7643,0.8804
earbuds_black,electronics,scene,42,diffusers,graded,0.5,full,square,diffusers-turbo,rembg,1.0,60.02,0.976,28.46,0.0496,0.9729,0.9919,0.9903,0.9064
earbuds_black,electronics,scene,42,diffusers,graded,0.5,full,story,diffusers-turbo,rembg,1.0,60.02,0.9744,27.47,0.0535,0.9704,0.993,0.8975,0.8765
earbuds_black,electronics,scene,42,diffusers,graded,0.5,full,banner,diffusers-turbo,rembg,1.0,60.02,0.9768,28.57,0.049,0.9744,0.9912,0.7764,0.8809
earbuds_black,electronics,scene,42,diffusers,graded,0.75,full,square,diffusers-turbo,rembg,1.0,60.02,0.9754,28.12,0.0498,0.9717,0.9891,0.9924,0.9071
earbuds_black,electronics,scene,42,diffusers,graded,0.75,full,story,diffusers-turbo,rembg,1.0,60.02,0.9739,27.21,0.0537,0.9694,0.9943,0.904,0.8764
earbuds_black,electronics,scene,42,diffusers,graded,0.75,full,banner,diffusers-turbo,rembg,1.0,60.02,0.9761,28.21,0.0492,0.9735,0.9881,0.7877,0.8813
earbuds_black,electronics,scene,42,diffusers,graded,1.0,full,square,diffusers-turbo,rembg,1.0,60.02,0.9747,27.68,0.0501,0.9708,0.9838,0.9941,0.9074
earbuds_black,electronics,scene,42,diffusers,graded,1.0,full,story,diffusers-turbo,rembg,1.0,60.02,0.9732,26.87,0.0539,0.9688,0.99,0.9105,0.8768
earbuds_black,electronics,scene,42,diffusers,graded,1.0,full,banner,diffusers-turbo,rembg,1.0,60.02,0.9754,27.76,0.0494,0.9727,0.9827,0.7984,0.8814
earbuds_black,electronics,scene,43,procedural,none,0.0,full,square,procedural,rembg,1.0,60.02,0.9968,40.44,0.0064,0.9697,0.9998,0.9991,0.9052
earbuds_black,electronics,scene,43,procedural,none,0.0,full,story,procedural,rembg,1.0,60.02,0.9973,41.67,0.0063,0.9768,0.9997,0.8644,0.9465
earbuds_black,electronics,scene,43,procedural,none,0.0,full,banner,procedural,rembg,1.0,60.02,0.9974,41.54,0.0057,0.9765,0.9999,0.6846,0.9429
earbuds_black,electronics,scene,43,procedural,graded,0.25,full,square,procedural,rembg,1.0,60.02,0.9969,40.12,0.0062,0.9713,0.9994,0.9992,0.9056
earbuds_black,electronics,scene,43,procedural,graded,0.25,full,story,procedural,rembg,1.0,60.02,0.9973,40.99,0.0061,0.9786,0.9991,0.8653,0.947
earbuds_black,electronics,scene,43,procedural,graded,0.25,full,banner,procedural,rembg,1.0,60.02,0.9974,40.92,0.0055,0.978,0.9994,0.6858,0.9419
earbuds_black,electronics,scene,43,procedural,graded,0.5,full,square,procedural,rembg,1.0,60.02,0.9965,37.25,0.0063,0.9722,0.99,0.9993,0.9054
earbuds_black,electronics,scene,43,procedural,graded,0.5,full,story,procedural,rembg,1.0,60.02,0.9969,37.54,0.0063,0.9794,0.9923,0.8665,0.9504
earbuds_black,electronics,scene,43,procedural,graded,0.5,full,banner,procedural,rembg,1.0,60.02,0.9971,37.53,0.0057,0.9791,0.9915,0.6869,0.9415
earbuds_black,electronics,scene,43,procedural,graded,0.75,full,square,procedural,rembg,1.0,60.02,0.996,34.33,0.0062,0.9731,0.9816,0.9994,0.9126
earbuds_black,electronics,scene,43,procedural,graded,0.75,full,story,procedural,rembg,1.0,60.02,0.9964,34.41,0.0061,0.9802,0.9843,0.8681,0.9496
earbuds_black,electronics,scene,43,procedural,graded,0.75,full,banner,procedural,rembg,1.0,60.02,0.9965,34.43,0.0056,0.98,0.9829,0.6884,0.94
earbuds_black,electronics,scene,43,procedural,graded,1.0,full,square,procedural,rembg,1.0,60.02,0.995,31.91,0.0067,0.9736,0.9478,0.9995,0.9092
earbuds_black,electronics,scene,43,procedural,graded,1.0,full,story,procedural,rembg,1.0,60.02,0.9952,31.93,0.0066,0.981,0.9542,0.8692,0.9491
earbuds_black,electronics,scene,43,procedural,graded,1.0,full,banner,procedural,rembg,1.0,60.02,0.9954,31.94,0.0061,0.9805,0.952,0.6896,0.9401
earbuds_black,electronics,scene,43,diffusers,none,0.0,full,square,diffusers-turbo,rembg,1.0,60.02,0.9735,26.5,0.0565,0.9691,0.9657,0.9821,0.8627
earbuds_black,electronics,scene,43,diffusers,none,0.0,full,story,diffusers-turbo,rembg,1.0,60.02,0.9727,26.0,0.0617,0.9692,0.9659,0.5059,0.8459
earbuds_black,electronics,scene,43,diffusers,none,0.0,full,banner,diffusers-turbo,rembg,1.0,60.02,0.9747,27.3,0.0554,0.9702,0.9654,0.9909,0.8435
earbuds_black,electronics,scene,43,diffusers,graded,0.25,full,square,diffusers-turbo,rembg,1.0,60.02,0.9732,26.38,0.0567,0.9702,0.9652,0.982,0.8617
earbuds_black,electronics,scene,43,diffusers,graded,0.25,full,story,diffusers-turbo,rembg,1.0,60.02,0.9725,25.9,0.0619,0.9704,0.9654,0.5032,0.8464
earbuds_black,electronics,scene,43,diffusers,graded,0.25,full,banner,diffusers-turbo,rembg,1.0,60.02,0.9745,27.17,0.0556,0.9711,0.965,0.9911,0.8431
earbuds_black,electronics,scene,43,diffusers,graded,0.5,full,square,diffusers-turbo,rembg,1.0,60.02,0.9723,26.06,0.0575,0.9713,0.9235,0.9818,0.8634
earbuds_black,electronics,scene,43,diffusers,graded,0.5,full,story,diffusers-turbo,rembg,1.0,60.02,0.9715,25.6,0.0627,0.9714,0.9237,0.5005,0.8459
earbuds_black,electronics,scene,43,diffusers,graded,0.5,full,banner,diffusers-turbo,rembg,1.0,60.02,0.9735,26.79,0.0564,0.9726,0.9233,0.9913,0.8428
earbuds_black,electronics,scene,43,diffusers,graded,0.75,full,square,diffusers-turbo,rembg,1.0,60.02,0.971,25.59,0.0578,0.9726,0.8865,0.9815,0.862
earbuds_black,electronics,scene,43,diffusers,graded,0.75,full,story,diffusers-turbo,rembg,1.0,60.02,0.9703,25.18,0.063,0.9728,0.8867,0.4989,0.8458
earbuds_black,electronics,scene,43,diffusers,graded,0.75,full,banner,diffusers-turbo,rembg,1.0,60.02,0.9723,26.26,0.0567,0.9732,0.8862,0.9916,0.842
earbuds_black,electronics,scene,43,diffusers,graded,1.0,full,square,diffusers-turbo,rembg,1.0,60.02,0.9694,25.04,0.0589,0.9737,0.8395,0.9813,0.8609
earbuds_black,electronics,scene,43,diffusers,graded,1.0,full,story,diffusers-turbo,rembg,1.0,60.02,0.9686,24.67,0.064,0.9736,0.8397,0.4968,0.8457
earbuds_black,electronics,scene,43,diffusers,graded,1.0,full,banner,diffusers-turbo,rembg,1.0,60.02,0.9706,25.63,0.0578,0.9746,0.8394,0.9918,0.8413
earbuds_black,electronics,scene,44,procedural,none,0.0,full,square,procedural,rembg,1.0,60.02,0.9966,40.23,0.0071,0.9738,0.9998,0.9702,0.9012
earbuds_black,electronics,scene,44,procedural,none,0.0,full,story,procedural,rembg,1.0,60.02,0.9971,41.42,0.0074,0.9821,0.9997,0.494,0.9585
earbuds_black,electronics,scene,44,procedural,none,0.0,full,banner,procedural,rembg,1.0,60.02,0.9972,41.0,0.0064,0.9788,0.9999,0.3963,0.9353
earbuds_black,electronics,scene,44,procedural,graded,0.25,full,square,procedural,rembg,1.0,60.02,0.9967,40.45,0.007,0.9751,0.9998,0.9692,0.9028
earbuds_black,electronics,scene,44,procedural,graded,0.25,full,story,procedural,rembg,1.0,60.02,0.9972,41.56,0.0073,0.9833,0.9997,0.4965,0.9587
earbuds_black,electronics,scene,44,procedural,graded,0.25,full,banner,procedural,rembg,1.0,60.02,0.9973,41.18,0.0063,0.9803,0.9999,0.3939,0.9337
earbuds_black,electronics,scene,44,procedural,graded,0.5,full,square,procedural,rembg,1.0,60.02,0.9967,39.62,0.007,0.9762,0.9992,0.9681,0.9091
earbuds_black,electronics,scene,44,procedural,graded,0.5,full,story,procedural,rembg,1.0,60.02,0.9972,40.38,0.0074,0.9841,0.999,0.4998,0.9578
earbuds_black,electronics,scene,44,procedural,graded,0.5,full,banner,procedural,rembg,1.0,60.02,0.9972,40.15,0.0064,0.9819,0.9993,0.3908,0.9318
earbuds_black,electronics,scene,44,procedural,graded,0.75,full,square,procedural,rembg,1.0,60.02,0.9965,37.96,0.0073,0.9769,0.9951,0.967,0.9112
earbuds_black,electronics,scene,44,procedural,graded,0.75,full,story,procedural,rembg,1.0,60.02,0.9969,38.38,0.0076,0.985,0.9963,0.5027,0.9573
earbuds_black,electronics,scene,44,procedural,graded,0.75,full,banner,procedural,rembg,1.0,60.02,0.997,38.26,0.0066,0.9818,0.9956,0.3881,0.9316
earbuds_black,electronics,scene,44,procedural,graded,1.0,full,square,procedural,rembg,1.0,60.02,0.9962,36.18,0.0072,0.9777,0.9862,0.9659,0.915
earbuds_black,electronics,scene,44,procedural,graded,1.0,full,story,procedural,rembg,1.0,60.02,0.9966,36.41,0.0075,0.9853,0.9888,0.5057,0.9563
earbuds_black,electronics,scene,44,procedural,graded,1.0,full,banner,procedural,rembg,1.0,60.02,0.9967,36.35,0.0066,0.9828,0.9872,0.3853,0.9304
earbuds_black,electronics,scene,44,diffusers,none,0.0,full,square,diffusers-turbo,rembg,1.0,60.02,0.9752,27.77,0.0539,0.9718,0.9648,0.8809,0.907
earbuds_black,electronics,scene,44,diffusers,none,0.0,full,story,diffusers-turbo,rembg,1.0,60.02,0.9748,27.64,0.0543,0.9716,0.9654,0.8467,0.9093
earbuds_black,electronics,scene,44,diffusers,none,0.0,full,banner,diffusers-turbo,rembg,1.0,60.02,0.9742,27.28,0.0573,0.9692,0.9653,0.7992,0.854
earbuds_black,electronics,scene,44,diffusers,graded,0.25,full,square,diffusers-turbo,rembg,1.0,60.02,0.9751,27.72,0.054,0.9729,0.9648,0.8842,0.9069
earbuds_black,electronics,scene,44,diffusers,graded,0.25,full,story,diffusers-turbo,rembg,1.0,60.02,0.9747,27.59,0.0544,0.9727,0.9653,0.8508,0.9092
earbuds_black,electronics,scene,44,diffusers,graded,0.25,full,banner,diffusers-turbo,rembg,1.0,60.02,0.974,27.23,0.0574,0.9701,0.9652,0.8027,0.8538
earbuds_black,electronics,scene,44,diffusers,graded,0.5,full,square,diffusers-turbo,rembg,1.0,60.02,0.9747,27.57,0.0544,0.9738,0.9652,0.8882,0.9067
earbuds_black,electronics,scene,44,diffusers,graded,0.5,full,story,diffusers-turbo,rembg,1.0,60.02,0.9743,27.45,0.0548,0.9738,0.9657,0.8558,0.9093
earbuds_black,electronics,scene,44,diffusers,graded,0.5,full,banner,diffusers-turbo,rembg,1.0,60.02,0.9737,27.08,0.0577,0.971,0.9655,0.8073,0.8545
earbuds_black,electronics,scene,44,diffusers,graded,0.75,full,square,diffusers-turbo,rembg,1.0,60.02,0.9741,27.34,0.0549,0.9752,0.946,0.8919,0.9066
earbuds_black,electronics,scene,44,diffusers,graded,0.75,full,story,diffusers-turbo,rembg,1.0,60.02,0.9737,27.22,0.0553,0.9749,0.9466,0.8601,0.9088
earbuds_black,electronics,scene,44,diffusers,graded,0.75,full,banner,diffusers-turbo,rembg,1.0,60.02,0.973,26.86,0.0582,0.9717,0.9461,0.8111,0.8536
earbuds_black,electronics,scene,44,diffusers,graded,1.0,full,square,diffusers-turbo,rembg,1.0,60.02,0.9734,27.05,0.0552,0.9762,0.904,0.8954,0.9062
earbuds_black,electronics,scene,44,diffusers,graded,1.0,full,story,diffusers-turbo,rembg,1.0,60.02,0.973,26.93,0.0556,0.976,0.9047,0.8644,0.9084
earbuds_black,electronics,scene,44,diffusers,graded,1.0,full,banner,diffusers-turbo,rembg,1.0,60.02,0.9724,26.59,0.0585,0.9731,0.9041,0.8153,0.853
flask_green,drinkware,scene,42,diffusers,none,0.0,full,square,diffusers-turbo,rembg,1.0,28.28,0.9697,28.51,0.0567,0.9663,0.9805,0.1024,0.9015
flask_green,drinkware,scene,42,diffusers,none,0.0,full,story,diffusers-turbo,rembg,1.0,28.28,0.967,27.37,0.0648,0.9634,0.9772,0.131,0.9154
flask_green,drinkware,scene,42,diffusers,none,0.0,full,banner,diffusers-turbo,rembg,1.0,28.28,0.9721,29.56,0.0472,0.9704,0.9828,0.0969,0.9005
flask_green,drinkware,scene,42,diffusers,graded,0.25,full,square,diffusers-turbo,rembg,1.0,28.28,0.9695,28.52,0.057,0.965,0.9821,0.1083,0.903
flask_green,drinkware,scene,42,diffusers,graded,0.25,full,story,diffusers-turbo,rembg,1.0,28.28,0.9669,27.41,0.0652,0.9625,0.9797,0.1339,0.9151
flask_green,drinkware,scene,42,diffusers,graded,0.25,full,banner,diffusers-turbo,rembg,1.0,28.28,0.9719,29.52,0.0473,0.9689,0.984,0.1011,0.9002
flask_green,drinkware,scene,42,diffusers,graded,0.5,full,square,diffusers-turbo,rembg,1.0,28.28,0.9686,28.19,0.0573,0.9633,0.9717,0.1146,0.9049
flask_green,drinkware,scene,42,diffusers,graded,0.5,full,story,diffusers-turbo,rembg,1.0,28.28,0.966,27.18,0.0656,0.9617,0.9694,0.1364,0.9152
flask_green,drinkware,scene,42,diffusers,graded,0.5,full,banner,diffusers-turbo,rembg,1.0,28.28,0.9711,29.09,0.0476,0.9675,0.9737,0.1057,0.9003
flask_green,drinkware,scene,42,diffusers,graded,0.75,full,square,diffusers-turbo,rembg,1.0,28.28,0.9674,27.67,0.058,0.9619,0.9569,0.122,0.9075
flask_green,drinkware,scene,42,diffusers,graded,0.75,full,story,diffusers-turbo,rembg,1.0,28.28,0.9648,26.78,0.0663,0.9608,0.9555,0.1394,0.9152
flask_green,drinkware,scene,42,diffusers,graded,0.75,full,banner,diffusers-turbo,rembg,1.0,28.28,0.9698,28.44,0.0482,0.9664,0.9587,0.1113,0.9008
flask_green,drinkware,scene,42,diffusers,graded,1.0,full,square,diffusers-turbo,rembg,1.0,28.28,0.9655,27.02,0.0588,0.961,0.9379,0.1304,0.9093
flask_green,drinkware,scene,42,diffusers,graded,1.0,full,story,diffusers-turbo,rembg,1.0,28.28,0.963,26.26,0.0672,0.9594,0.9371,0.1426,0.9151
flask_green,drinkware,scene,42,diffusers,graded,1.0,full,banner,diffusers-turbo,rembg,1.0,28.28,0.9679,27.66,0.0491,0.965,0.9396,0.1173,0.9007
flask_green,drinkware,scene,43,procedural,none,0.0,full,square,procedural,rembg,1.0,28.28,0.9963,44.23,0.0049,0.9983,0.9994,0.9977,0.9187
flask_green,drinkware,scene,43,procedural,none,0.0,full,story,procedural,rembg,1.0,28.28,0.9954,44.14,0.0061,0.9979,0.9984,0.5588,0.9188
flask_green,drinkware,scene,43,procedural,none,0.0,full,banner,procedural,rembg,1.0,28.28,0.996,44.24,0.0053,0.9986,0.9989,0.2509,0.9194
flask_green,drinkware,scene,43,procedural,graded,0.25,full,square,procedural,rembg,1.0,28.28,0.9961,41.63,0.005,0.9987,0.9959,0.9979,0.9176
flask_green,drinkware,scene,43,procedural,graded,0.25,full,story,procedural,rembg,1.0,28.28,0.9952,41.53,0.0062,0.9982,0.9949,0.561,0.9203
flask_green,drinkware,scene,43,procedural,graded,0.25,full,banner,procedural,rembg,1.0,28.28,0.9958,41.63,0.0054,0.9987,0.9954,0.2525,0.9209
flask_green,drinkware,scene,43,procedural,graded,0.5,full,square,procedural,rembg,1.0,28.28,0.9955,36.71,0.005,0.9989,0.9852,0.9981,0.9161
flask_green,drinkware,scene,43,procedural,graded,0.5,full,story,procedural,rembg,1.0,28.28,0.9945,36.64,0.0064,0.9988,0.9839,0.5634,0.9214
flask_green,drinkware,scene,43,procedural,graded,0.5,full,banner,procedural,rembg,1.0,28.28,0.9951,36.71,0.0055,0.999,0.9847,0.2542,0.9205
flask_green,drinkware,scene,43,procedural,graded,0.75,full,square,procedural,rembg,1.0,28.28,0.9942,33.22,0.0056,0.9997,0.9699,0.9983,0.9177
flask_green,drinkware,scene,43,procedural,graded,0.75,full,story,procedural,rembg,1.0,28.28,0.9931,33.16,0.0071,0.9993,0.9683,0.5669,0.9235
flask_green,drinkware,scene,43,procedural,graded,0.75,full,banner,procedural,rembg,1.0,28.28,0.9938,33.22,0.0062,0.9996,0.9691,0.2568,0.9215
flask_green,drinkware,scene,43,procedural,graded,1.0,full,square,procedural,rembg,1.0,28.28,0.9924,30.68,0.0063,0.9998,0.9508,0.9985,0.9209
flask_green,drinkware,scene,43,procedural,graded,1.0,full,story,procedural,rembg,1.0,28.28,0.9912,30.64,0.0079,0.9997,0.9486,0.5689,0.9233
flask_green,drinkware,scene,43,procedural,graded,1.0,full,banner,procedural,rembg,1.0,28.28,0.9919,30.68,0.007,0.9998,0.9499,0.2592,0.9225
flask_green,drinkware,scene,43,diffusers,none,0.0,full,square,diffusers-turbo,rembg,1.0,28.28,0.9642,25.83,0.082,0.9618,0.9754,0.4107,0.847
flask_green,drinkware,scene,43,diffusers,none,0.0,full,story,diffusers-turbo,rembg,1.0,28.28,0.9634,25.52,0.0862,0.9626,0.9747,0.06,0.8301
flask_green,drinkware,scene,43,diffusers,none,0.0,full,banner,diffusers-turbo,rembg,1.0,28.28,0.9665,26.69,0.072,0.9618,0.9772,0.3261,0.8357
flask_green,drinkware,scene,43,diffusers,graded,0.25,full,square,diffusers-turbo,rembg,1.0,28.28,0.964,25.72,0.0818,0.9623,0.9731,0.4157,0.8489
flask_green,drinkware,scene,43,diffusers,graded,0.25,full,story,diffusers-turbo,rembg,1.0,28.28,0.9632,25.42,0.086,0.9633,0.9722,0.0567,0.8305
flask_green,drinkware,scene,43,diffusers,graded,0.25,full,banner,diffusers-turbo,rembg,1.0,28.28,0.9663,26.57,0.0719,0.9635,0.9748,0.3307,0.8357
flask_green,drinkware,scene,43,diffusers,graded,0.5,full,square,diffusers-turbo,rembg,1.0,28.28,0.9632,25.38,0.0817,0.9629,0.9528,0.4224,0.8702
flask_green,drinkware,scene,43,diffusers,graded,0.5,full,story,diffusers-turbo,rembg,1.0,28.28,0.9624,25.09,0.0858,0.9635,0.9515,0.0522,0.8315
flask_green,drinkware,scene,43,diffusers,graded,0.5,full,banner,diffusers-turbo,rembg,1.0,28.28,0.9655,26.17,0.0719,0.9652,0.9549,0.3371,0.8356
flask_green,drinkware,scene,43,diffusers,graded,0.75,full,square,diffusers-turbo,rembg,1.0,28.28,0.9618,24.89,0.0822,0.964,0.9327,0.4287,0.821
flask_green,drinkware,scene,43,diffusers,graded,0.75,full,story,diffusers-turbo,rembg,1.0,28.28,0.9611,24.63,0.0862,0.964,0.9313,0.0484,0.832
flask_green,drinkware,scene,43,diffusers,graded,0.75,full,banner,diffusers-turbo,rembg,1.0,28.28,0.9641,25.6,0.0724,0.9666,0.9351,0.3431,0.8358
flask_green,drinkware,scene,43,diffusers,graded,1.0,full,square,diffusers-turbo,rembg,1.0,28.28,0.96,24.31,0.0826,0.9644,0.9094,0.4343,0.8172
flask_green,drinkware,scene,43,diffusers,graded,1.0,full,story,diffusers-turbo,rembg,1.0,28.28,0.9592,24.09,0.0866,0.9653,0.9081,0.0449,0.8329
flask_green,drinkware,scene,43,diffusers,graded,1.0,full,banner,diffusers-turbo,rembg,1.0,28.28,0.9622,24.95,0.0728,0.9692,0.9118,0.3484,0.8357
flask_green,drinkware,scene,44,procedural,none,0.0,full,square,procedural,rembg,1.0,28.28,0.9962,43.8,0.0054,0.9974,0.9992,0.8353,0.9116
flask_green,drinkware,scene,44,procedural,none,0.0,full,story,procedural,rembg,1.0,28.28,0.9953,43.77,0.0066,0.9969,0.9981,0.3183,0.9217
flask_green,drinkware,scene,44,procedural,none,0.0,full,banner,procedural,rembg,1.0,28.28,0.9964,43.88,0.0052,0.9982,0.9991,0.369,0.9175
flask_green,drinkware,scene,44,procedural,graded,0.25,full,square,procedural,rembg,1.0,28.28,0.9961,43.24,0.0055,0.998,0.9985,0.8437,0.9122
flask_green,drinkware,scene,44,procedural,graded,0.25,full,story,procedural,rembg,1.0,28.28,0.9952,43.2,0.0066,0.9976,0.9974,0.3294,0.9224
flask_green,drinkware,scene,44,procedural,graded,0.25,full,banner,procedural,rembg,1.0,28.28,0.9963,43.34,0.0053,0.9984,0.9984,0.3808,0.917
flask_green,drinkware,scene,44,procedural,graded,0.5,full,square,procedural,rembg,1.0,28.28,0.9958,40.72,0.0056,0.9984,0.9959,0.8518,0.9122
flask_green,drinkware,scene,44,procedural,graded,0.5,full,story,procedural,rembg,1.0,28.28,0.9949,40.65,0.0067,0.9978,0.9948,0.3404,0.9228
flask_green,drinkware,scene,44,procedural,graded,0.5,full,banner,procedural,rembg,1.0,28.28,0.996,40.82,0.0054,0.9985,0.996,0.3924,0.9162
flask_green,drinkware,scene,44,procedural,graded,0.75,full,square,procedural,rembg,1.0,28.28,0.9953,37.97,0.0057,0.9987,0.9916,0.8614,0.9125
flask_green,drinkware,scene,44,procedural,graded,0.75,full,story,procedural,rembg,1.0,28.28,0.9944,37.9,0.007,0.9984,0.9901,0.3532,0.9237
flask_green,drinkware,scene,44,procedural,graded,0.75,full,banner,procedural,rembg,1.0,28.28,0.9955,38.04,0.0056,0.9988,0.9918,0.4055,0.9192
flask_green,drinkware,scene,44,procedural,graded,1.0,full,square,procedural,rembg,1.0,28.28,0.9947,35.66,0.0061,0.9988,0.9843,0.8694,0.9116
flask_green,drinkware,scene,44,procedural,graded,1.0,full,story,procedural,rembg,1.0,28.28,0.9937,35.6,0.0073,0.9985,0.9826,0.3652,0.9252
flask_green,drinkware,scene,44,procedural,graded,1.0,full,banner,procedural,rembg,1.0,28.28,0.9948,35.7,0.0059,0.9988,0.9848,0.418,0.9208
flask_green,drinkware,scene,44,diffusers,none,0.0,full,square,diffusers-turbo,rembg,1.0,28.28,0.9676,27.39,0.0645,0.9636,0.9774,0.1374,0.8988
flask_green,drinkware,scene,44,diffusers,none,0.0,full,story,diffusers-turbo,rembg,1.0,28.28,0.9669,27.16,0.0717,0.9622,0.9769,0.1993,0.9321
flask_green,drinkware,scene,44,diffusers,none,0.0,full,banner,diffusers-turbo,rembg,1.0,28.28,0.9671,27.16,0.067,0.9617,0.9773,0.1841,0.8619
flask_green,drinkware,scene,44,diffusers,graded,0.25,full,square,diffusers-turbo,rembg,1.0,28.28,0.9676,27.36,0.0646,0.9644,0.9775,0.1408,0.8954
flask_green,drinkware,scene,44,diffusers,graded,0.25,full,story,diffusers-turbo,rembg,1.0,28.28,0.9668,27.13,0.0717,0.9633,0.977,0.2043,0.9318
flask_green,drinkware,scene,44,diffusers,graded,0.25,full,banner,diffusers-turbo,rembg,1.0,28.28,0.9671,27.13,0.0671,0.9621,0.9772,0.1906,0.862
flask_green,drinkware,scene,44,diffusers,graded,0.5,full,square,diffusers-turbo,rembg,1.0,28.28,0.9673,27.21,0.0646,0.9653,0.9709,0.1451,0.8919
flask_green,drinkware,scene,44,diffusers,graded,0.5,full,story,diffusers-turbo,rembg,1.0,28.28,0.9665,26.99,0.0716,0.9641,0.9705,0.2101,0.932
flask_green,drinkware,scene,44,diffusers,graded,0.5,full,banner,diffusers-turbo,rembg,1.0,28.28,0.9668,26.98,0.0671,0.9628,0.9705,0.1976,0.8619
flask_green,drinkware,scene,44,diffusers,graded,0.75,full,square,diffusers-turbo,rembg,1.0,28.28,0.9668,26.98,0.0649,0.9678,0.9635,0.1494,0.8879
flask_green,drinkware,scene,44,diffusers,graded,0.75,full,story,diffusers-turbo,rembg,1.0,28.28,0.966,26.76,0.072,0.9655,0.9632,0.2164,0.9321
flask_green,drinkware,scene,44,diffusers,graded,0.75,full,banner,diffusers-turbo,rembg,1.0,28.28,0.9663,26.75,0.0674,0.9638,0.963,0.2055,0.8618
flask_green,drinkware,scene,44,diffusers,graded,1.0,full,square,diffusers-turbo,rembg,1.0,28.28,0.9661,26.67,0.0651,0.969,0.9513,0.154,0.8848
flask_green,drinkware,scene,44,diffusers,graded,1.0,full,story,diffusers-turbo,rembg,1.0,28.28,0.9653,26.47,0.0721,0.9677,0.9513,0.2228,0.9321
flask_green,drinkware,scene,44,diffusers,graded,1.0,full,banner,diffusers-turbo,rembg,1.0,28.28,0.9656,26.45,0.0676,0.9647,0.9507,0.213,0.8625
flask_northland,drinkware,scene,42,diffusers,none,0.0,full,square,diffusers-turbo,rembg,1.0,26.41,0.99,37.85,0.0197,0.8448,0.9999,0.1752,0.9268
flask_northland,drinkware,scene,42,diffusers,none,0.0,full,story,diffusers-turbo,rembg,1.0,26.41,0.9895,37.39,0.0208,0.8446,0.9999,0.6419,0.9073
flask_northland,drinkware,scene,42,diffusers,none,0.0,full,banner,diffusers-turbo,rembg,1.0,26.41,0.9953,41.61,0.0092,0.9193,0.9999,0.0355,0.9315
flask_northland,drinkware,scene,42,diffusers,graded,0.25,full,square,diffusers-turbo,rembg,1.0,26.41,0.989,34.89,0.0203,0.8298,0.9622,0.2131,0.9267
flask_northland,drinkware,scene,42,diffusers,graded,0.25,full,story,diffusers-turbo,rembg,1.0,26.41,0.9885,34.71,0.0214,0.8314,0.9623,0.6464,0.9071
flask_northland,drinkware,scene,42,diffusers,graded,0.25,full,banner,diffusers-turbo,rembg,1.0,26.41,0.9944,36.09,0.0099,0.9093,0.9622,0.1003,0.9321
flask_northland,drinkware,scene,42,diffusers,graded,0.5,full,square,diffusers-turbo,rembg,1.0,26.41,0.9874,31.26,0.0217,0.8146,0.8399,0.2809,0.9272
flask_northland,drinkware,scene,42,diffusers,graded,0.5,full,story,diffusers-turbo,rembg,1.0,26.41,0.9869,31.21,0.0228,0.8194,0.8397,0.6506,0.9071
flask_northland,drinkware,scene,42,diffusers,graded,0.5,full,banner,diffusers-turbo,rembg,1.0,26.41,0.9929,31.66,0.0116,0.8991,0.839,0.9511,0.9348
flask_northland,drinkware,scene,42,diffusers,graded,0.75,full,square,diffusers-turbo,rembg,1.0,26.41,0.9849,28.44,0.0245,0.8,0.6946,0.4196,0.9197
flask_northland,drinkware,scene,42,diffusers,graded,0.75,full,story,diffusers-turbo,rembg,1.0,26.41,0.9844,28.43,0.0256,0.8053,0.6942,0.6574,0.9072
flask_northland,drinkware,scene,42,diffusers,graded,0.75,full,banner,diffusers-turbo,rembg,1.0,26.41,0.9906,28.6,0.0146,0.8883,0.6928,0.9999,0.9183
flask_northland,drinkware,scene,42,diffusers,graded,1.0,full,square,diffusers-turbo,rembg,1.0,26.41,0.9817,26.24,0.0289,0.7863,0.5416,0.6809,0.9153
flask_northland,drinkware,scene,42,diffusers,graded,1.0,full,story,diffusers-turbo,rembg,1.0,26.41,0.9812,26.24,0.0301,0.7907,0.5407,0.6673,0.907
flask_northland,drinkware,scene,42,diffusers,graded,1.0,full,banner,diffusers-turbo,rembg,1.0,26.41,0.9875,26.31,0.0193,0.8785,0.5389,0.9989,0.9179
flask_northland,drinkware,scene,43,procedural,none,0.0,full,square,procedural,rembg,1.0,26.41,0.9979,45.51,0.0045,0.9533,1.0,0.9958,0.9652
flask_northland,drinkware,scene,43,procedural,none,0.0,full,story,procedural,rembg,1.0,26.41,0.9974,44.9,0.0072,0.9392,0.9999,0.8275,0.9547
flask_northland,drinkware,scene,43,procedural,none,0.0,full,banner,procedural,rembg,1.0,26.41,0.9985,46.89,0.0039,0.9606,1.0,0.8259,0.9588
flask_northland,drinkware,scene,43,procedural,graded,0.25,full,square,procedural,rembg,1.0,26.41,0.9972,37.57,0.0057,0.9611,0.9244,0.9973,0.9656
flask_northland,drinkware,scene,43,procedural,graded,0.25,full,story,procedural,rembg,1.0,26.41,0.9968,37.38,0.0086,0.9475,0.9246,0.8506,0.9563
flask_northland,drinkware,scene,43,procedural,graded,0.25,full,banner,procedural,rembg,1.0,26.41,0.9978,37.82,0.005,0.9673,0.9245,0.816,0.9609
flask_northland,drinkware,scene,43,procedural,graded,0.5,full,square,procedural,rembg,1.0,26.41,0.9959,31.4,0.0082,0.9686,0.7628,0.9984,0.9669
flask_northland,drinkware,scene,43,procedural,graded,0.5,full,story,procedural,rembg,1.0,26.41,0.9954,31.33,0.0114,0.9554,0.7629,0.868,0.9557
flask_northland,drinkware,scene,43,procedural,graded,0.5,full,banner,procedural,rembg,1.0,26.41,0.9965,31.48,0.0075,0.9724,0.7627,0.8103,0.9594
flask_northland,drinkware,scene,43,procedural,graded,0.75,full,square,procedural,rembg,1.0,26.41,0.9939,27.76,0.0126,0.9744,0.6442,0.9991,0.967
flask_northland,drinkware,scene,43,procedural,graded,0.75,full,story,procedural,rembg,1.0,26.41,0.9933,27.72,0.016,0.962,0.6441,0.8821,0.953
flask_northland,drinkware,scene,43,procedural,graded,0.75,full,banner,procedural,rembg,1.0,26.41,0.9945,27.8,0.0118,0.9764,0.644,0.8047,0.9575
flask_northland,drinkware,scene,43,procedural,graded,1.0,full,square,procedural,rembg,1.0,26.41,0.9911,25.2,0.0184,0.979,0.4734,0.9996,0.9648
flask_northland,drinkware,scene,43,procedural,graded,1.0,full,story,procedural,rembg,1.0,26.41,0.9905,25.17,0.022,0.9673,0.4736,0.8927,0.95
flask_northland,drinkware,scene,43,procedural,graded,1.0,full,banner,procedural,rembg,1.0,26.41,0.9918,25.22,0.0175,0.9804,0.473,0.7981,0.9548
flask_northland,drinkware,scene,43,diffusers,none,0.0,full,square,diffusers-turbo,rembg,1.0,26.41,0.9839,34.91,0.0346,0.7649,0.9998,0.209,0.9108
flask_northland,drinkware,scene,43,diffusers,none,0.0,full,story,diffusers-turbo,rembg,1.0,26.41,0.9825,34.46,0.0384,0.7452,0.9998,0.9606,0.9101
flask_northland,drinkware,scene,43,diffusers,none,0.0,full,banner,diffusers-turbo,rembg,1.0,26.41,0.986,35.54,0.0313,0.7803,0.9999,0.2889,0.9081
flask_northland,drinkware,scene,43,diffusers,graded,0.25,full,square,diffusers-turbo,rembg,1.0,26.41,0.9838,32.98,0.0353,0.7742,0.924,0.2762,0.9114
flask_northland,drinkware,scene,43,diffusers,graded,0.25,full,story,diffusers-turbo,rembg,1.0,26.41,0.9825,32.67,0.0391,0.7573,0.9238,0.9794,0.91
flask_northland,drinkware,scene,43,diffusers,graded,0.25,full,banner,diffusers-turbo,rembg,1.0,26.41,0.9858,33.41,0.0318,0.7994,0.9245,0.3497,0.9089
flask_northland,drinkware,scene,43,diffusers,graded,0.5,full,square,diffusers-turbo,rembg,1.0,26.41,0.983,29.62,0.037,0.7867,0.7641,0.3425,0.9124
flask_northland,drinkware,scene,43,diffusers,graded,0.5,full,story,diffusers-turbo,rembg,1.0,26.41,0.9817,29.45,0.0407,0.7744,0.7643,0.9968,0.9093
flask_northland,drinkware,scene,43,diffusers,graded,0.5,full,banner,diffusers-turbo,rembg,1.0,26.41,0.9849,29.83,0.0337,0.8174,0.7632,0.4099,0.9095
flask_northland,drinkware,scene,43,diffusers,graded,0.75,full,square,diffusers-turbo,rembg,1.0,26.41,0.9813,26.81,0.0403,0.8057,0.6463,0.4041,0.913
flask_northland,drinkware,scene,43,diffusers,graded,0.75,full,story,diffusers-turbo,rembg,1.0,26.41,0.9801,26.72,0.0441,0.7956,0.6464,0.9956,0.9082
flask_northland,drinkware,scene,43,diffusers,graded,0.75,full,banner,diffusers-turbo,rembg,1.0,26.41,0.9832,26.93,0.0373,0.8353,0.6445,0.4735,0.9106
flask_northland,drinkware,scene,43,diffusers,graded,1.0,full,square,diffusers-turbo,rembg,1.0,26.41,0.9789,24.6,0.0449,0.8272,0.4776,0.4609,0.9091
flask_northland,drinkware,scene,43,diffusers,graded,1.0,full,story,diffusers-turbo,rembg,1.0,26.41,0.9777,24.53,0.0489,0.814,0.4779,0.9546,0.9106
flask_northland,drinkware,scene,43,diffusers,graded,1.0,full,banner,diffusers-turbo,rembg,1.0,26.41,0.9808,24.67,0.0421,0.8508,0.4761,0.5344,0.9128
flask_northland,drinkware,scene,44,procedural,none,0.0,full,square,procedural,rembg,1.0,26.41,0.9979,45.45,0.0044,0.9554,1.0,0.9508,0.9649
flask_northland,drinkware,scene,44,procedural,none,0.0,full,story,procedural,rembg,1.0,26.41,0.9974,44.72,0.0067,0.9424,0.9999,0.4922,0.9548
flask_northland,drinkware,scene,44,procedural,none,0.0,full,banner,procedural,rembg,1.0,26.41,0.9986,47.12,0.0031,0.9688,1.0,0.8635,0.9596
flask_northland,drinkware,scene,44,procedural,graded,0.25,full,square,procedural,rembg,1.0,26.41,0.9974,41.37,0.005,0.9604,0.9834,0.978,0.9675
flask_northland,drinkware,scene,44,procedural,graded,0.25,full,story,procedural,rembg,1.0,26.41,0.997,41.02,0.0073,0.9472,0.9835,0.6434,0.9563
flask_northland,drinkware,scene,44,procedural,graded,0.25,full,banner,procedural,rembg,1.0,26.41,0.9982,42.09,0.0038,0.971,0.9834,0.9023,0.9606
flask_northland,drinkware,scene,44,procedural,graded,0.5,full,square,procedural,rembg,1.0,26.41,0.9967,36.01,0.0063,0.9643,0.8857,0.9937,0.9662
flask_northland,drinkware,scene,44,procedural,graded,0.5,full,story,procedural,rembg,1.0,26.41,0.9963,35.88,0.0087,0.9508,0.8859,0.7845,0.9573
flask_northland,drinkware,scene,44,procedural,graded,0.5,full,banner,procedural,rembg,1.0,26.41,0.9975,36.27,0.0051,0.973,0.8856,0.9262,0.9622
flask_northland,drinkware,scene,44,procedural,graded,0.75,full,square,procedural,rembg,1.0,26.41,0.9957,32.55,0.0086,0.9675,0.8123,0.9998,0.9652
flask_northland,drinkware,scene,44,procedural,graded,0.75,full,story,procedural,rembg,1.0,26.41,0.9953,32.47,0.0109,0.9546,0.8124,0.8812,0.9564
flask_northland,drinkware,scene,44,procedural,graded,0.75,full,banner,procedural,rembg,1.0,26.41,0.9965,32.68,0.0073,0.9757,0.8121,0.9428,0.961
flask_northland,drinkware,scene,44,procedural,graded,1.0,full,square,procedural,rembg,1.0,26.41,0.9944,29.98,0.0119,0.9698,0.7415,0.9987,0.9666
flask_northland,drinkware,scene,44,procedural,graded,1.0,full,story,procedural,rembg,1.0,26.41,0.994,29.93,0.0142,0.9575,0.7417,0.9353,0.9553
flask_northland,drinkware,scene,44,procedural,graded,1.0,full,banner,procedural,rembg,1.0,26.41,0.9952,30.07,0.0105,0.9778,0.7412,0.9533,0.9598
flask_northland,drinkware,scene,44,diffusers,none,0.0,full,square,diffusers-turbo,rembg,1.0,26.41,0.9899,37.56,0.0204,0.8376,0.9999,0.1042,0.9291
flask_northland,drinkware,scene,44,diffusers,none,0.0,full,story,diffusers-turbo,rembg,1.0,26.41,0.9894,37.49,0.0242,0.8323,0.9998,0.099,0.9363
flask_northland,drinkware,scene,44,diffusers,none,0.0,full,banner,diffusers-turbo,rembg,1.0,26.41,0.9887,37.11,0.0205,0.8194,0.9999,0.1154,0.9105
flask_northland,drinkware,scene,44,diffusers,graded,0.25,full,square,diffusers-turbo,rembg,1.0,26.41,0.9897,36.43,0.0208,0.8465,0.9838,0.1165,0.9303
flask_northland,drinkware,scene,44,diffusers,graded,0.25,full,story,diffusers-turbo,rembg,1.0,26.41,0.9892,36.36,0.0244,0.8407,0.9836,0.1055,0.9357
flask_northland,drinkware,scene,44,diffusers,graded,0.25,full,banner,diffusers-turbo,rembg,1.0,26.41,0.9885,36.03,0.0209,0.8308,0.9829,0.1689,0.9101
flask_northland,drinkware,scene,44,diffusers,graded,0.5,full,square,diffusers-turbo,rembg,1.0,26.41,0.9892,33.79,0.0218,0.8583,0.8884,0.1336,0.9317
flask_northland,drinkware,scene,44,diffusers,graded,0.5,full,story,diffusers-turbo,rembg,1.0,26.41,0.9887,33.74,0.0252,0.8526,0.8878,0.1153,0.9345
flask_northland,drinkware,scene,44,diffusers,graded,0.5,full,banner,diffusers-turbo,rembg,1.0,26.41,0.9881,33.54,0.0218,0.8452,0.8855,0.2419,0.9091
flask_northland,drinkware,scene,44,diffusers,graded,0.75,full,square,diffusers-turbo,rembg,1.0,26.41,0.9884,31.33,0.0234,0.869,0.8155,0.1559,0.9326
flask_northland,drinkware,scene,44,diffusers,graded,0.75,full,story,diffusers-turbo,rembg,1.0,26.41,0.9879,31.29,0.0266,0.8638,0.8152,0.1277,0.9336
flask_northland,drinkware,scene,44,diffusers,graded,0.75,full,banner,diffusers-turbo,rembg,1.0,26.41,0.9873,31.17,0.0233,0.8582,0.8126,0.3289,0.9079
flask_northland,drinkware,scene,44,diffusers,graded,1.0,full,square,diffusers-turbo,rembg,1.0,26.41,0.9872,29.22,0.0259,0.8801,0.7446,0.1909,0.9313
flask_northland,drinkware,scene,44,diffusers,graded,1.0,full,story,diffusers-turbo,rembg,1.0,26.41,0.9867,29.19,0.0292,0.8744,0.7447,0.1554,0.9331
flask_northland,drinkware,scene,44,diffusers,graded,1.0,full,banner,diffusers-turbo,rembg,1.0,26.41,0.9861,29.11,0.0259,0.8687,0.7422,0.4165,0.9073
candle_pink,homeware,scene,42,diffusers,none,0.0,full,square,diffusers-turbo,rembg,1.0,20.44,0.982,34.84,0.0389,0.8988,0.9995,0.6439,0.9185
candle_pink,homeware,scene,42,diffusers,none,0.0,full,story,diffusers-turbo,rembg,1.0,20.44,0.9822,34.59,0.0405,0.9142,0.9994,0.001,0.9433
candle_pink,homeware,scene,42,diffusers,none,0.0,full,banner,diffusers-turbo,rembg,1.0,20.44,0.9869,37.25,0.0304,0.9002,0.9996,0.8898,0.9577
candle_pink,homeware,scene,42,diffusers,graded,0.25,full,square,diffusers-turbo,rembg,1.0,20.44,0.9811,33.36,0.0394,0.8975,0.9727,0.6522,0.9185
candle_pink,homeware,scene,42,diffusers,graded,0.25,full,story,diffusers-turbo,rembg,1.0,20.44,0.9813,33.19,0.041,0.9136,0.9728,0.0002,0.9497
candle_pink,homeware,scene,42,diffusers,graded,0.25,full,banner,diffusers-turbo,rembg,1.0,20.44,0.986,34.83,0.0307,0.899,0.9717,0.8957,0.9579
candle_pink,homeware,scene,42,diffusers,graded,0.5,full,square,diffusers-turbo,rembg,1.0,20.44,0.9799,30.87,0.0403,0.8976,0.93,0.6607,0.9164
candle_pink,homeware,scene,42,diffusers,graded,0.5,full,story,diffusers-turbo,rembg,1.0,20.44,0.9802,30.78,0.042,0.9133,0.9301,0.0001,0.9522
candle_pink,homeware,scene,42,diffusers,graded,0.5,full,banner,diffusers-turbo,rembg,1.0,20.44,0.9849,31.6,0.0315,0.8971,0.9285,0.902,0.9581
candle_pink,homeware,scene,42,diffusers,graded,0.75,full,square,diffusers-turbo,rembg,1.0,20.44,0.9782,28.51,0.0417,0.8972,0.89,0.669,0.9132
candle_pink,homeware,scene,42,diffusers,graded,0.75,full,story,diffusers-turbo,rembg,1.0,20.44,0.9785,28.46,0.0433,0.9136,0.8903,0.0007,0.955
candle_pink,homeware,scene,42,diffusers,graded,0.75,full,banner,diffusers-turbo,rembg,1.0,20.44,0.9832,28.9,0.0328,0.8958,0.8882,0.9075,0.958
candle_pink,homeware,scene,42,diffusers,graded,1.0,full,square,diffusers-turbo,rembg,1.0,20.44,0.9761,26.54,0.0434,0.8971,0.8401,0.6768,0.912
candle_pink,homeware,scene,42,diffusers,graded,1.0,full,story,diffusers-turbo,rembg,1.0,20.44,0.9763,26.51,0.0452,0.9135,0.8405,0.002,0.9579
candle_pink,homeware,scene,42,diffusers,graded,1.0,full,banner,diffusers-turbo,rembg,1.0,20.44,0.981,26.77,0.0345,0.8952,0.8382,0.9128,0.9577
candle_pink,homeware,scene,43,procedural,none,0.0,full,square,procedural,rembg,1.0,20.44,0.9878,37.83,0.0255,0.9086,0.9995,0.7978,0.9272
candle_pink,homeware,scene,43,procedural,none,0.0,full,story,procedural,rembg,1.0,20.44,0.987,37.45,0.0291,0.8995,0.9995,0.6279,0.9523
candle_pink,homeware,scene,43,procedural,none,0.0,full,banner,procedural,rembg,1.0,20.44,0.9883,38.42,0.0246,0.9016,0.9996,0.8605,0.95
candle_pink,homeware,scene,43,procedural,graded,0.25,full,square,procedural,rembg,1.0,20.44,0.9874,34.78,0.026,0.911,0.9719,0.7968,0.9282
candle_pink,homeware,scene,43,procedural,graded,0.25,full,story,procedural,rembg,1.0,20.44,0.9866,34.56,0.0296,0.9025,0.9721,0.6329,0.9521
candle_pink,homeware,scene,43,procedural,graded,0.25,full,banner,procedural,rembg,1.0,20.44,0.9879,35.06,0.025,0.905,0.9724,0.8622,0.9501
candle_pink,homeware,scene,43,procedural,graded,0.5,full,square,procedural,rembg,1.0,20.44,0.9861,30.44,0.0279,0.9137,0.894,0.7968,0.9359
candle_pink,homeware,scene,43,procedural,graded,0.5,full,story,procedural,rembg,1.0,20.44,0.9853,30.34,0.0315,0.9055,0.8943,0.6376,0.9531
candle_pink,homeware,scene,43,procedural,graded,0.5,full,banner,procedural,rembg,1.0,20.44,0.9866,30.54,0.027,0.9088,0.8946,0.8641,0.9503
candle_pink,homeware,scene,43,procedural,graded,0.75,full,square,procedural,rembg,1.0,20.44,0.9837,27.29,0.0316,0.9165,0.8166,0.796,0.9386
candle_pink,homeware,scene,43,procedural,graded,0.75,full,story,procedural,rembg,1.0,20.44,0.9829,27.24,0.0353,0.9082,0.817,0.6416,0.9532
candle_pink,homeware,scene,43,procedural,graded,0.75,full,banner,procedural,rembg,1.0,20.44,0.9841,27.34,0.0307,0.9121,0.8173,0.8655,0.95
candle_pink,homeware,scene,43,procedural,graded,1.0,full,square,procedural,rembg,1.0,20.44,0.98,24.95,0.0372,0.9201,0.7358,0.7956,0.9395
candle_pink,homeware,scene,43,procedural,graded,1.0,full,story,procedural,rembg,1.0,20.44,0.9792,24.91,0.0409,0.9102,0.7362,0.6458,0.9537
candle_pink,homeware,scene,43,procedural,graded,1.0,full,banner,procedural,rembg,1.0,20.44,0.9804,24.97,0.0364,0.9164,0.7365,0.867,0.9498
candle_pink,homeware,scene,43,diffusers,none,0.0,full,square,diffusers-turbo,rembg,1.0,20.44,0.9799,33.39,0.0502,0.9022,0.9994,0.0188,0.9102
candle_pink,homeware,scene,43,diffusers,none,0.0,full,story,diffusers-turbo,rembg,1.0,20.44,0.9782,32.69,0.0541,0.9044,0.9991,0.9414,0.9421
candle_pink,homeware,scene,43,diffusers,none,0.0,full,banner,diffusers-turbo,rembg,1.0,20.44,0.9812,33.85,0.0472,0.9078,0.9994,0.7043,0.9535
candle_pink,homeware,scene,43,diffusers,graded,0.25,full,square,diffusers-turbo,rembg,1.0,20.44,0.9797,31.92,0.0499,0.9026,0.9719,0.0174,0.9114
candle_pink,homeware,scene,43,diffusers,graded,0.25,full,story,diffusers-turbo,rembg,1.0,20.44,0.9781,31.4,0.0538,0.9056,0.9718,0.9378,0.9383
candle_pink,homeware,scene,43,diffusers,graded,0.25,full,banner,diffusers-turbo,rembg,1.0,20.44,0.9809,32.27,0.0472,0.9088,0.9717,0.7114,0.9538
candle_pink,homeware,scene,43,diffusers,graded,0.5,full,square,diffusers-turbo,rembg,1.0,20.44,0.9786,29.09,0.051,0.9026,0.8946,0.016,0.912
candle_pink,homeware,scene,43,diffusers,graded,0.5,full,story,diffusers-turbo,rembg,1.0,20.44,0.977,28.8,0.0549,0.9061,0.8948,0.9339,0.9376
candle_pink,homeware,scene,43,diffusers,graded,0.5,full,banner,diffusers-turbo,rembg,1.0,20.44,0.9797,29.28,0.0486,0.9098,0.8936,0.7183,0.9545
candle_pink,homeware,scene,43,diffusers,graded,0.75,full,square,diffusers-turbo,rembg,1.0,20.44,0.9763,26.54,0.0536,0.9033,0.8178,0.0149,0.9126
candle_pink,homeware,scene,43,diffusers,graded,0.75,full,story,diffusers-turbo,rembg,1.0,20.44,0.9748,26.37,0.0574,0.9066,0.8181,0.9305,0.9338
candle_pink,homeware,scene,43,diffusers,graded,0.75,full,banner,diffusers-turbo,rembg,1.0,20.44,0.9774,26.65,0.0515,0.911,0.8166,0.7242,0.9548
candle_pink,homeware,scene,43,diffusers,graded,1.0,full,square,diffusers-turbo,rembg,1.0,20.44,0.9729,24.47,0.0583,0.9052,0.7374,0.0137,0.9133
candle_pink,homeware,scene,43,diffusers,graded,1.0,full,story,diffusers-turbo,rembg,1.0,20.44,0.9714,24.36,0.0619,0.9055,0.738,0.9268,0.9267
candle_pink,homeware,scene,43,diffusers,graded,1.0,full,banner,diffusers-turbo,rembg,1.0,20.44,0.9739,24.54,0.0564,0.9122,0.7363,0.7303,0.9549
candle_pink,homeware,scene,44,procedural,none,0.0,full,square,procedural,rembg,1.0,20.44,0.9876,37.85,0.0246,0.906,0.9996,0.8584,0.9333
candle_pink,homeware,scene,44,procedural,none,0.0,full,story,procedural,rembg,1.0,20.44,0.9866,37.39,0.0283,0.9002,0.9996,0.8084,0.9529
candle_pink,homeware,scene,44,procedural,none,0.0,full,banner,procedural,rembg,1.0,20.44,0.9902,39.75,0.0198,0.9122,0.9997,0.8978,0.9566
candle_pink,homeware,scene,44,procedural,graded,0.25,full,square,procedural,rembg,1.0,20.44,0.9874,36.62,0.0249,0.9079,0.9909,0.8586,0.9563
candle_pink,homeware,scene,44,procedural,graded,0.25,full,story,procedural,rembg,1.0,20.44,0.9864,36.26,0.0286,0.9029,0.9909,0.8132,0.9528
candle_pink,homeware,scene,44,procedural,graded,0.25,full,banner,procedural,rembg,1.0,20.44,0.99,38.03,0.0201,0.9153,0.9912,0.8996,0.9568
candle_pink,homeware,scene,44,procedural,graded,0.5,full,square,procedural,rembg,1.0,20.44,0.9869,33.74,0.0257,0.9107,0.9549,0.8588,0.9582
candle_pink,homeware,scene,44,procedural,graded,0.5,full,story,procedural,rembg,1.0,20.44,0.9859,33.54,0.0294,0.9051,0.9551,0.8185,0.9525
candle_pink,homeware,scene,44,procedural,graded,0.5,full,banner,procedural,rembg,1.0,20.44,0.9895,34.45,0.0209,0.919,0.9558,0.9015,0.957
candle_pink,homeware,scene,44,procedural,graded,0.75,full,square,procedural,rembg,1.0,20.44,0.986,31.11,0.0272,0.914,0.9044,0.8595,0.9618
candle_pink,homeware,scene,44,procedural,graded,0.75,full,story,procedural,rembg,1.0,20.44,0.985,30.99,0.0308,0.9067,0.9046,0.8236,0.9525
candle_pink,homeware,scene,44,procedural,graded,0.75,full,banner,procedural,rembg,1.0,20.44,0.9886,31.5,0.0224,0.9217,0.9055,0.9037,0.9572
candle_pink,homeware,scene,44,procedural,graded,1.0,full,square,procedural,rembg,1.0,20.44,0.9846,28.97,0.0296,0.916,0.8628,0.8599,0.9598
candle_pink,homeware,scene,44,procedural,graded,1.0,full,story,procedural,rembg,1.0,20.44,0.9837,28.9,0.0332,0.9084,0.8632,0.8278,0.9527
candle_pink,homeware,scene,44,procedural,graded,1.0,full,banner,procedural,rembg,1.0,20.44,0.9872,29.22,0.0247,0.9244,0.8641,0.9051,0.9576
candle_pink,homeware,scene,44,diffusers,none,0.0,full,square,diffusers-turbo,rembg,1.0,20.44,0.9827,35.08,0.0384,0.9066,0.9995,0.5844,0.9223
candle_pink,homeware,scene,44,diffusers,none,0.0,full,story,diffusers-turbo,rembg,1.0,20.44,0.9819,34.8,0.0379,0.9027,0.9994,0.5715,0.9377
candle_pink,homeware,scene,44,diffusers,none,0.0,full,banner,diffusers-turbo,rembg,1.0,20.44,0.9818,34.47,0.0407,0.9059,0.9995,0.9745,0.9473
candle_pink,homeware,scene,44,diffusers,graded,0.25,full,square,diffusers-turbo,rembg,1.0,20.44,0.9826,34.36,0.0385,0.908,0.9907,0.5989,0.921
candle_pink,homeware,scene,44,diffusers,graded,0.25,full,story,diffusers-turbo,rembg,1.0,20.44,0.9817,34.11,0.0381,0.9051,0.9907,0.5833,0.9378
candle_pink,homeware,scene,44,diffusers,graded,0.25,full,banner,diffusers-turbo,rembg,1.0,20.44,0.9816,33.82,0.0408,0.9083,0.9908,0.973,0.9451
candle_pink,homeware,scene,44,diffusers,graded,0.5,full,square,diffusers-turbo,rembg,1.0,20.44,0.9821,32.39,0.0392,0.9107,0.9548,0.6151,0.9204
candle_pink,homeware,scene,44,diffusers,graded,0.5,full,story,diffusers-turbo,rembg,1.0,20.44,0.9813,32.23,0.0387,0.9074,0.9548,0.5969,0.9375
candle_pink,homeware,scene,44,diffusers,graded,0.5,full,banner,diffusers-turbo,rembg,1.0,20.44,0.9812,32.02,0.0414,0.91,0.9551,0.9712,0.9554
candle_pink,homeware,scene,44,diffusers,graded,0.75,full,square,diffusers-turbo,rembg,1.0,20.44,0.9813,30.3,0.0404,0.9127,0.9045,0.6298,0.9187
candle_pink,homeware,scene,44,diffusers,graded,0.75,full,story,diffusers-turbo,rembg,1.0,20.44,0.9805,30.19,0.04,0.9091,0.9044,0.6087,0.9373
candle_pink,homeware,scene,44,diffusers,graded,0.75,full,banner,diffusers-turbo,rembg,1.0,20.44,0.9803,30.06,0.0426,0.9125,0.9048,0.9695,0.9554
candle_pink,homeware,scene,44,diffusers,graded,1.0,full,square,diffusers-turbo,rembg,1.0,20.44,0.98,28.44,0.0425,0.9143,0.863,0.6441,0.9182
candle_pink,homeware,scene,44,diffusers,graded,1.0,full,story,diffusers-turbo,rembg,1.0,20.44,0.9791,28.37,0.0421,0.9112,0.8629,0.6202,0.9369
candle_pink,homeware,scene,44,diffusers,graded,1.0,full,banner,diffusers-turbo,rembg,1.0,20.44,0.979,28.28,0.0446,0.9145,0.8634,0.968,0.9553
pouch_kraft,packaging,plain,42,diffusers,none,0.0,full,square,diffusers-turbo,rembg,0.6989,16.39,0.9943,38.43,0.0174,0.9081,0.9999,0.9573,0.9507
pouch_kraft,packaging,plain,42,diffusers,none,0.0,full,story,diffusers-turbo,rembg,0.6989,16.39,0.9938,37.8,0.0191,0.9061,0.9999,0.836,0.9441
pouch_kraft,packaging,plain,42,diffusers,none,0.0,full,banner,diffusers-turbo,rembg,0.6989,16.39,0.9956,39.12,0.0161,0.928,1.0,0.9124,0.9603
pouch_kraft,packaging,plain,42,diffusers,graded,0.25,full,square,diffusers-turbo,rembg,0.6989,16.39,0.9933,34.5,0.0202,0.8987,0.9455,0.9573,0.9515
pouch_kraft,packaging,plain,42,diffusers,graded,0.25,full,story,diffusers-turbo,rembg,0.6989,16.39,0.9928,34.26,0.022,0.8992,0.9456,0.8364,0.9439
pouch_kraft,packaging,plain,42,diffusers,graded,0.25,full,banner,diffusers-turbo,rembg,0.6989,16.39,0.9946,34.7,0.0188,0.9227,0.9454,0.9168,0.9593
pouch_kraft,packaging,plain,42,diffusers,graded,0.5,full,square,diffusers-turbo,rembg,0.6989,16.39,0.9919,30.46,0.0237,0.89,0.8483,0.9572,0.9526
pouch_kraft,packaging,plain,42,diffusers,graded,0.5,full,story,diffusers-turbo,rembg,0.6989,16.39,0.9913,30.37,0.0255,0.8915,0.8485,0.8369,0.9436
pouch_kraft,packaging,plain,42,diffusers,graded,0.5,full,banner,diffusers-turbo,rembg,0.6989,16.39,0.9933,30.52,0.0222,0.9175,0.8482,0.9199,0.9602
pouch_kraft,packaging,plain,42,diffusers,graded,0.75,full,square,diffusers-turbo,rembg,0.6989,16.39,0.9897,27.48,0.0297,0.882,0.7166,0.9572,0.949
pouch_kraft,packaging,plain,42,diffusers,graded,0.75,full,story,diffusers-turbo,rembg,0.6989,16.39,0.9892,27.44,0.0315,0.8826,0.7167,0.8368,0.9427
pouch_kraft,packaging,plain,42,diffusers,graded,0.75,full,banner,diffusers-turbo,rembg,0.6989,16.39,0.9912,27.5,0.028,0.9117,0.7165,0.9233,0.9612
pouch_kraft,packaging,plain,42,diffusers,graded,1.0,full,square,diffusers-turbo,rembg,0.6989,16.39,0.9869,25.21,0.0381,0.8719,0.5735,0.9572,0.9465
pouch_kraft,packaging,plain,42,diffusers,graded,1.0,full,story,diffusers-turbo,rembg,0.6989,16.39,0.9864,25.19,0.0399,0.8738,0.5736,0.8368,0.9416
pouch_kraft,packaging,plain,42,diffusers,graded,1.0,full,banner,diffusers-turbo,rembg,0.6989,16.39,0.9885,25.22,0.0362,0.9054,0.5734,0.926,0.9577
pouch_kraft,packaging,plain,43,procedural,none,0.0,full,square,procedural,rembg,0.6989,16.39,0.9984,43.45,0.0039,0.9901,0.9999,0.9171,0.9521
pouch_kraft,packaging,plain,43,procedural,none,0.0,full,story,procedural,rembg,0.6989,16.39,0.9987,45.56,0.0034,0.983,1.0,0.8965,0.9416
pouch_kraft,packaging,plain,43,procedural,none,0.0,full,banner,procedural,rembg,0.6989,16.39,0.9987,45.05,0.0033,0.9883,1.0,0.9216,0.94
pouch_kraft,packaging,plain,43,procedural,graded,0.25,full,square,procedural,rembg,0.6989,16.39,0.9976,35.77,0.0058,0.992,0.9461,0.9176,0.9562
pouch_kraft,packaging,plain,43,procedural,graded,0.25,full,story,procedural,rembg,0.6989,16.39,0.9979,35.85,0.0055,0.9851,0.9444,0.8986,0.9386
pouch_kraft,packaging,plain,43,procedural,graded,0.25,full,banner,procedural,rembg,0.6989,16.39,0.9979,35.86,0.0052,0.9901,0.9454,0.9231,0.939
pouch_kraft,packaging,plain,43,procedural,graded,0.5,full,square,procedural,rembg,0.6989,16.39,0.9962,29.67,0.0099,0.9934,0.7832,0.9177,0.9557
pouch_kraft,packaging,plain,43,procedural,graded,0.5,full,story,procedural,rembg,0.6989,16.39,0.9965,29.63,0.0098,0.9875,0.7812,0.9003,0.9418
pouch_kraft,packaging,plain,43,procedural,graded,0.5,full,banner,procedural,rembg,0.6989,16.39,0.9965,29.65,0.0095,0.9915,0.7826,0.9241,0.9417
pouch_kraft,packaging,plain,43,procedural,graded,0.75,full,square,procedural,rembg,0.6989,16.39,0.9944,26.04,0.0162,0.9942,0.5799,0.918,0.9523
pouch_kraft,packaging,plain,43,procedural,graded,0.75,full,story,procedural,rembg,0.6989,16.39,0.9946,25.99,0.0164,0.9889,0.5781,0.902,0.9417
pouch_kraft,packaging,plain,43,procedural,graded,0.75,full,banner,procedural,rembg,0.6989,16.39,0.9946,26.01,0.016,0.9925,0.5794,0.9252,0.9396
pouch_kraft,packaging,plain,43,procedural,graded,1.0,full,square,procedural,rembg,0.6989,16.39,0.9915,23.48,0.0252,0.995,0.3847,0.9183,0.9461
pouch_kraft,packaging,plain,43,procedural,graded,1.0,full,story,procedural,rembg,0.6989,16.39,0.9917,23.44,0.0258,0.9903,0.3837,0.9037,0.9386
pouch_kraft,packaging,plain,43,procedural,graded,1.0,full,banner,procedural,rembg,0.6989,16.39,0.9917,23.45,0.0254,0.9936,0.3846,0.9263,0.9364
pouch_kraft,packaging,plain,43,diffusers,none,0.0,full,square,diffusers-turbo,rembg,0.6989,16.39,0.9903,35.56,0.033,0.8481,0.9999,0.3606,0.9589
pouch_kraft,packaging,plain,43,diffusers,none,0.0,full,story,diffusers-turbo,rembg,0.6989,16.39,0.9897,35.24,0.036,0.8432,0.9999,0.7401,0.9606
pouch_kraft,packaging,plain,43,diffusers,none,0.0,full,banner,diffusers-turbo,rembg,0.6989,16.39,0.992,36.22,0.0299,0.8795,0.9999,0.8801,0.9674
pouch_kraft,packaging,plain,43,diffusers,graded,0.25,full,square,diffusers-turbo,rembg,0.6989,16.39,0.9899,32.64,0.0357,0.8593,0.9441,0.3668,0.9565
pouch_kraft,packaging,plain,43,diffusers,graded,0.25,full,story,diffusers-turbo,rembg,0.6989,16.39,0.9893,32.47,0.0383,0.8551,0.9441,0.7314,0.9609
pouch_kraft,packaging,plain,43,diffusers,graded,0.25,full,banner,diffusers-turbo,rembg,0.6989,16.39,0.9915,33.02,0.0327,0.8881,0.944,0.8899,0.965
pouch_kraft,packaging,plain,43,diffusers,graded,0.5,full,square,diffusers-turbo,rembg,0.6989,16.39,0.9887,28.48,0.0409,0.8727,0.7818,0.372,0.957
pouch_kraft,packaging,plain,43,diffusers,graded,0.5,full,story,diffusers-turbo,rembg,0.6989,16.39,0.9882,28.41,0.0433,0.8656,0.7818,0.7236,0.9603
pouch_kraft,packaging,plain,43,diffusers,graded,0.5,full,banner,diffusers-turbo,rembg,0.6989,16.39,0.9903,28.65,0.0381,0.8977,0.7814,0.8981,0.9646
pouch_kraft,packaging,plain,43,diffusers,graded,0.75,full,square,diffusers-turbo,rembg,0.6989,16.39,0.987,25.38,0.0482,0.8844,0.5797,0.3774,0.9559
pouch_kraft,packaging,plain,43,diffusers,graded,0.75,full,story,diffusers-turbo,rembg,0.6989,16.39,0.9864,25.35,0.0503,0.8761,0.5796,0.7157,0.9602
pouch_kraft,packaging,plain,43,diffusers,graded,0.75,full,banner,diffusers-turbo,rembg,0.6989,16.39,0.9884,25.48,0.0456,0.9069,0.579,0.906,0.9642
pouch_kraft,packaging,plain,43,diffusers,graded,1.0,full,square,diffusers-turbo,rembg,0.6989,16.39,0.9841,23.04,0.0586,0.8949,0.3863,0.3825,0.9537
pouch_kraft,packaging,plain,43,diffusers,graded,1.0,full,story,diffusers-turbo,rembg,0.6989,16.39,0.9836,23.02,0.0609,0.886,0.3863,0.7085,0.9591
pouch_kraft,packaging,plain,43,diffusers,graded,1.0,full,banner,diffusers-turbo,rembg,0.6989,16.39,0.9854,23.1,0.056,0.913,0.3852,0.9131,0.9635
pouch_kraft,packaging,plain,44,procedural,none,0.0,full,square,procedural,rembg,0.6989,16.39,0.9988,45.17,0.0028,0.9912,1.0,0.9801,0.9515
pouch_kraft,packaging,plain,44,procedural,none,0.0,full,story,procedural,rembg,0.6989,16.39,0.999,47.09,0.0028,0.9804,1.0,0.9872,0.9388
pouch_kraft,packaging,plain,44,procedural,none,0.0,full,banner,procedural,rembg,0.6989,16.39,0.9985,43.67,0.0034,0.9952,0.9999,0.9756,0.9347
pouch_kraft,packaging,plain,44,procedural,graded,0.25,full,square,procedural,rembg,0.6989,16.39,0.9984,40.21,0.004,0.9916,0.984,0.98,0.9551
pouch_kraft,packaging,plain,44,procedural,graded,0.25,full,story,procedural,rembg,0.6989,16.39,0.9986,40.53,0.0041,0.981,0.983,0.9876,0.9372
pouch_kraft,packaging,plain,44,procedural,graded,0.25,full,banner,procedural,rembg,0.6989,16.39,0.9981,39.91,0.0045,0.9954,0.9844,0.9756,0.933
pouch_kraft,packaging,plain,44,procedural,graded,0.5,full,square,procedural,rembg,0.6989,16.39,0.9976,34.3,0.0065,0.9924,0.9218,0.9799,0.9557
pouch_kraft,packaging,plain,44,procedural,graded,0.5,full,story,procedural,rembg,0.6989,16.39,0.9979,34.29,0.0066,0.9818,0.9202,0.9882,0.9372
pouch_kraft,packaging,plain,44,procedural,graded,0.5,full,banner,procedural,rembg,0.6989,16.39,0.9974,34.3,0.0067,0.9958,0.9224,0.9758,0.9343
pouch_kraft,packaging,plain,44,procedural,graded,0.75,full,square,procedural,rembg,0.6989,16.39,0.9967,30.64,0.01,0.9932,0.829,0.9798,0.9545
pouch_kraft,packaging,plain,44,procedural,graded,0.75,full,story,procedural,rembg,0.6989,16.39,0.9969,30.59,0.0102,0.9826,0.8269,0.9886,0.9389
pouch_kraft,packaging,plain,44,procedural,graded,0.75,full,banner,procedural,rembg,0.6989,16.39,0.9964,30.68,0.0102,0.9959,0.8295,0.9758,0.9359
pouch_kraft,packaging,plain,44,procedural,graded,1.0,full,square,procedural,rembg,0.6989,16.39,0.9955,28.03,0.0145,0.9934,0.7144,0.9798,0.9511
pouch_kraft,packaging,plain,44,procedural,graded,1.0,full,story,procedural,rembg,0.6989,16.39,0.9957,27.97,0.0149,0.9834,0.7124,0.989,0.9394
pouch_kraft,packaging,plain,44,procedural,graded,1.0,full,banner,procedural,rembg,0.6989,16.39,0.9952,28.08,0.0146,0.9961,0.7146,0.9759,0.9359
pouch_kraft,packaging,plain,44,diffusers,none,0.0,full,square,diffusers-turbo,rembg,0.6989,16.39,0.9942,37.91,0.0202,0.905,0.9999,0.9793,0.9614
pouch_kraft,packaging,plain,44,diffusers,none,0.0,full,story,diffusers-turbo,rembg,0.6989,16.39,0.9936,37.83,0.0197,0.9012,0.9999,0.93,0.942
pouch_kraft,packaging,plain,44,diffusers,none,0.0,full,banner,diffusers-turbo,rembg,0.6989,16.39,0.9933,37.26,0.0212,0.8891,0.9999,0.9955,0.9618
pouch_kraft,packaging,plain,44,diffusers,graded,0.25,full,square,diffusers-turbo,rembg,0.6989,16.39,0.9939,36.19,0.0216,0.9093,0.9828,0.9822,0.9592
pouch_kraft,packaging,plain,44,diffusers,graded,0.25,full,story,diffusers-turbo,rembg,0.6989,16.39,0.9933,36.1,0.0211,0.9062,0.9828,0.9347,0.9449
pouch_kraft,packaging,plain,44,diffusers,graded,0.25,full,banner,diffusers-turbo,rembg,0.6989,16.39,0.9931,35.68,0.0225,0.8974,0.9828,0.9956,0.962
pouch_kraft,packaging,plain,44,diffusers,graded,0.5,full,square,diffusers-turbo,rembg,0.6989,16.39,0.9933,32.69,0.0246,0.9136,0.9201,0.9848,0.9667
pouch_kraft,packaging,plain,44,diffusers,graded,0.5,full,story,diffusers-turbo,rembg,0.6989,16.39,0.9927,32.64,0.0244,0.9103,0.9201,0.9396,0.9483
pouch_kraft,packaging,plain,44,diffusers,graded,0.5,full,banner,diffusers-turbo,rembg,0.6989,16.39,0.9924,32.43,0.0257,0.9041,0.9202,0.9959,0.9623
pouch_kraft,packaging,plain,44,diffusers,graded,0.75,full,square,diffusers-turbo,rembg,0.6989,16.39,0.9923,29.78,0.0283,0.9171,0.8269,0.9868,0.9631
pouch_kraft,packaging,plain,44,diffusers,graded,0.75,full,story,diffusers-turbo,rembg,0.6989,16.39,0.9917,29.74,0.0282,0.9151,0.827,0.9434,0.9492
pouch_kraft,packaging,plain,44,diffusers,graded,0.75,full,banner,diffusers-turbo,rembg,0.6989,16.39,0.9915,29.62,0.0296,0.9102,0.8271,0.9961,0.9626
pouch_kraft,packaging,plain,44,diffusers,graded,1.0,full,square,diffusers-turbo,rembg,0.6989,16.39,0.9911,27.48,0.0336,0.9215,0.7129,0.9884,0.9588
pouch_kraft,packaging,plain,44,diffusers,graded,1.0,full,story,diffusers-turbo,rembg,0.6989,16.39,0.9905,27.45,0.0336,0.9194,0.713,0.9471,0.9473
pouch_kraft,packaging,plain,44,diffusers,graded,1.0,full,banner,diffusers-turbo,rembg,0.6989,16.39,0.9903,27.37,0.0351,0.9153,0.7131,0.9962,0.9628
sunglasses_black,eyewear,white,42,procedural,none,0.0,no_shadow,square,procedural,rembg,1.0,104.12,0.9958,39.99,0.0078,0.9891,0.9999,0.9833,0.8537
sunglasses_black,eyewear,white,42,procedural,none,0.0,no_shadow,story,procedural,rembg,1.0,104.12,0.9958,39.95,0.0078,0.9899,0.9999,0.9345,0.8569
sunglasses_black,eyewear,white,42,procedural,none,0.0,no_shadow,banner,procedural,rembg,1.0,104.12,0.9932,37.36,0.0122,0.9558,0.9999,0.9884,0.8498
sunglasses_black,eyewear,white,42,procedural,none,0.0,no_rim,square,procedural,rembg,1.0,104.12,0.9958,39.99,0.008,0.9911,0.9999,0.9689,0.854
sunglasses_black,eyewear,white,42,procedural,none,0.0,no_rim,story,procedural,rembg,1.0,104.12,0.9958,39.95,0.008,0.992,0.9999,0.9017,0.8571
sunglasses_black,eyewear,white,42,procedural,none,0.0,no_rim,banner,procedural,rembg,1.0,104.12,0.9934,37.35,0.0123,0.9528,0.9999,0.9726,0.8497
sunglasses_black,eyewear,white,42,procedural,none,0.0,no_brand,square,procedural,rembg,1.0,104.12,0.9936,37.27,0.0049,0.9465,0.9997,0.1513,0.9441
sunglasses_black,eyewear,white,42,procedural,none,0.0,no_brand,story,procedural,rembg,1.0,104.12,0.9936,37.24,0.005,0.9468,0.9997,0.0978,0.9414
sunglasses_black,eyewear,white,42,procedural,none,0.0,no_brand,banner,procedural,rembg,1.0,104.12,0.9942,37.96,0.0041,0.9509,0.9998,0.5792,0.9371
sunglasses_black,eyewear,white,42,procedural,none,0.0,no_coord,square,procedural,rembg,1.0,104.12,0.9957,39.86,0.0078,0.9912,0.9999,0.9762,0.8547
sunglasses_black,eyewear,white,42,procedural,none,0.0,no_coord,story,procedural,rembg,1.0,104.12,0.9958,39.98,0.0076,0.992,0.9999,0.9765,0.8571
sunglasses_black,eyewear,white,42,procedural,none,0.0,no_coord,banner,procedural,rembg,1.0,104.12,0.9953,39.23,0.0087,0.988,0.9999,0.9849,0.8549
sunglasses_black,eyewear,white,42,procedural,none,0.0,naive,square,procedural,rembg,1.0,104.12,0.994,37.16,0.0053,0.9431,0.9997,0.9478,0.9404
sunglasses_black,eyewear,white,42,procedural,none,0.0,naive,story,procedural,rembg,1.0,104.12,0.994,37.13,0.0054,0.943,0.9997,0.0056,0.9396
sunglasses_black,eyewear,white,42,procedural,none,0.0,naive,banner,procedural,rembg,1.0,104.12,0.9945,37.83,0.0043,0.9451,0.9998,0.7757,0.9339
sunglasses_black,eyewear,white,42,diffusers,none,0.0,no_shadow,square,diffusers-turbo,rembg,1.0,104.12,0.9895,32.97,0.0107,0.9383,0.9887,0.9993,0.8353
sunglasses_black,eyewear,white,42,diffusers,none,0.0,no_shadow,story,diffusers-turbo,rembg,1.0,104.12,0.9875,31.42,0.0149,0.9399,0.9852,0.9953,0.7629
sunglasses_black,eyewear,white,42,diffusers,none,0.0,no_shadow,banner,diffusers-turbo,rembg,1.0,104.12,0.99,33.41,0.0096,0.9377,0.9911,0.9444,0.7724
sunglasses_black,eyewear,white,42,diffusers,none,0.0,no_rim,square,diffusers-turbo,rembg,1.0,104.12,0.9905,33.06,0.0135,0.9431,0.9887,0.718,0.8359
sunglasses_black,eyewear,white,42,diffusers,none,0.0,no_rim,story,diffusers-turbo,rembg,1.0,104.12,0.9887,31.5,0.0186,0.9465,0.9852,0.0058,0.763
sunglasses_black,eyewear,white,42,diffusers,none,0.0,no_rim,banner,diffusers-turbo,rembg,1.0,104.12,0.991,33.51,0.0115,0.942,0.9911,0.521,0.7738
sunglasses_black,eyewear,white,42,diffusers,none,0.0,no_brand,square,diffusers-turbo,rembg,1.0,104.12,0.9879,31.79,0.0145,0.9391,0.9854,0.9764,0.7995
sunglasses_black,eyewear,white,42,diffusers,none,0.0,no_brand,story,diffusers-turbo,rembg,1.0,104.12,0.9886,32.42,0.013,0.9391,0.9859,0.0044,0.8162
sunglasses_black,eyewear,white,42,diffusers,none,0.0,no_brand,banner,diffusers-turbo,rembg,1.0,104.12,0.9893,32.88,0.0113,0.9383,0.9859,0.8489,0.78
sunglasses_black,eyewear,white,42,diffusers,none,0.0,no_coord,square,diffusers-turbo,rembg,1.0,104.12,0.9853,29.86,0.0206,0.9449,0.9848,0.7875,0.6835
sunglasses_black,eyewear,white,42,diffusers,none,0.0,no_coord,story,diffusers-turbo,rembg,1.0,104.12,0.9853,29.9,0.0206,0.9443,0.9848,0.4048,0.6656
sunglasses_black,eyewear,white,42,diffusers,none,0.0,no_coord,banner,diffusers-turbo,rembg,1.0,104.12,0.9864,30.67,0.0173,0.9419,0.9849,0.8141,0.6531
sunglasses_black,eyewear,white,42,diffusers,none,0.0,naive,square,diffusers-turbo,rembg,1.0,104.12,0.9865,29.59,0.0277,0.9556,0.9847,0.8568,0.6742
sunglasses_black,eyewear,white,42,diffusers,none,0.0,naive,story,diffusers-turbo,rembg,1.0,104.12,0.9868,29.88,0.0262,0.9531,0.9849,0.9854,0.6548
sunglasses_black,eyewear,white,42,diffusers,none,0.0,naive,banner,diffusers-turbo,rembg,1.0,104.12,0.9874,30.33,0.0235,0.9505,0.9848,0.7827,0.6431
sunglasses_blue,eyewear,white,42,procedural,none,0.0,no_shadow,square,procedural,rembg,1.0,145.12,0.9908,35.71,0.0118,0.9183,0.9996,0.9884,0.9626
sunglasses_blue,eyewear,white,42,procedural,none,0.0,no_shadow,story,procedural,rembg,1.0,145.12,0.9912,36.07,0.0112,0.9211,0.9996,0.8516,0.9509
sunglasses_blue,eyewear,white,42,procedural,none,0.0,no_shadow,banner,procedural,rembg,1.0,145.12,0.9926,37.73,0.0084,0.9274,0.9997,0.9194,0.9514
sunglasses_blue,eyewear,white,42,procedural,none,0.0,no_rim,square,procedural,rembg,1.0,145.12,0.9922,35.8,0.0131,0.9174,0.9996,0.8558,0.9602
sunglasses_blue,eyewear,white,42,procedural,none,0.0,no_rim,story,procedural,rembg,1.0,145.12,0.9925,36.17,0.0122,0.9203,0.9996,0.5276,0.9519
sunglasses_blue,eyewear,white,42,procedural,none,0.0,no_rim,banner,procedural,rembg,1.0,145.12,0.9936,37.83,0.0091,0.9252,0.9997,0.725,0.9498
sunglasses_blue,eyewear,white,42,procedural,none,0.0,no_brand,square,procedural,rembg,1.0,145.12,0.9939,38.9,0.0063,0.9337,0.9997,0.1056,0.9507
sunglasses_blue,eyewear,white,42,procedural,none,0.0,no_brand,story,procedural,rembg,1.0,145.12,0.9938,38.87,0.0063,0.9339,0.9997,0.0458,0.9204
sunglasses_blue,eyewear,white,42,procedural,none,0.0,no_brand,banner,procedural,rembg,1.0,145.12,0.9944,39.68,0.0054,0.9362,0.9998,0.4858,0.9226
sunglasses_blue,eyewear,white,42,procedural,none,0.0,no_coord,square,procedural,rembg,1.0,145.12,0.9907,35.87,0.0116,0.9174,0.9996,0.9964,0.9623
sunglasses_blue,eyewear,white,42,procedural,none,0.0,no_coord,story,procedural,rembg,1.0,145.12,0.9911,36.24,0.0109,0.92,0.9996,0.5054,0.9539
sunglasses_blue,eyewear,white,42,procedural,none,0.0,no_coord,banner,procedural,rembg,1.0,145.12,0.9918,37.13,0.0094,0.9216,0.9997,0.8999,0.9488
sunglasses_blue,eyewear,white,42,procedural,none,0.0,naive,square,procedural,rembg,1.0,145.12,0.9946,38.8,0.0069,0.9277,0.9997,0.9707,0.9486
sunglasses_blue,eyewear,white,42,procedural,none,0.0,naive,story,procedural,rembg,1.0,145.12,0.9946,38.77,0.0069,0.9279,0.9997,0.0002,0.9207
sunglasses_blue,eyewear,white,42,procedural,none,0.0,naive,banner,procedural,rembg,1.0,145.12,0.9951,39.58,0.0059,0.93,0.9998,0.7508,0.9222
sunglasses_blue,eyewear,white,42,diffusers,none,0.0,no_shadow,square,diffusers-turbo,rembg,1.0,145.12,0.9906,34.47,0.0122,0.9109,0.9997,0.9977,0.8838
sunglasses_blue,eyewear,white,42,diffusers,none,0.0,no_shadow,story,diffusers-turbo,rembg,1.0,145.12,0.9899,33.82,0.014,0.9127,0.9995,0.6948,0.8871
sunglasses_blue,eyewear,white,42,diffusers,none,0.0,no_shadow,banner,diffusers-turbo,rembg,1.0,145.12,0.9915,35.24,0.0106,0.919,0.9997,0.9978,0.88
sunglasses_blue,eyewear,white,42,diffusers,none,0.0,no_rim,square,diffusers-turbo,rembg,1.0,145.12,0.9922,34.56,0.0143,0.9138,0.9997,0.7432,0.8836
sunglasses_blue,eyewear,white,42,diffusers,none,0.0,no_rim,story,diffusers-turbo,rembg,1.0,145.12,0.9915,33.89,0.0163,0.9151,0.9996,0.033,0.8875
sunglasses_blue,eyewear,white,42,diffusers,none,0.0,no_rim,banner,diffusers-turbo,rembg,1.0,145.12,0.9929,35.33,0.0119,0.9181,0.9997,0.3656,0.8787
sunglasses_blue,eyewear,white,42,diffusers,none,0.0,no_brand,square,diffusers-turbo,rembg,1.0,145.12,0.9892,33.3,0.0153,0.9067,0.9996,0.9465,0.8851
sunglasses_blue,eyewear,white,42,diffusers,none,0.0,no_brand,story,diffusers-turbo,rembg,1.0,145.12,0.9899,33.88,0.0138,0.9119,0.9996,0.0009,0.873
sunglasses_blue,eyewear,white,42,diffusers,none,0.0,no_brand,banner,diffusers-turbo,rembg,1.0,145.12,0.9903,34.34,0.0127,0.9106,0.9996,0.7949,0.8738
sunglasses_blue,eyewear,white,42,diffusers,none,0.0,no_coord,square,diffusers-turbo,rembg,1.0,145.12,0.9873,31.66,0.0202,0.9079,0.9995,0.7163,0.8989
sunglasses_blue,eyewear,white,42,diffusers,none,0.0,no_coord,story,diffusers-turbo,rembg,1.0,145.12,0.9874,31.57,0.0204,0.909,0.9995,0.1542,0.9038
sunglasses_blue,eyewear,white,42,diffusers,none,0.0,no_coord,banner,diffusers-turbo,rembg,1.0,145.12,0.9882,32.43,0.0176,0.9079,0.9995,0.3976,0.8847
sunglasses_blue,eyewear,white,42,diffusers,none,0.0,naive,square,diffusers-turbo,rembg,1.0,145.12,0.9892,31.13,0.0255,0.9207,0.9995,0.838,0.9036
sunglasses_blue,eyewear,white,42,diffusers,none,0.0,naive,story,diffusers-turbo,rembg,1.0,145.12,0.9895,31.39,0.0245,0.9198,0.9995,0.9786,0.9045
sunglasses_blue,eyewear,white,42,diffusers,none,0.0,naive,banner,diffusers-turbo,rembg,1.0,145.12,0.9899,31.86,0.0229,0.9173,0.9995,0.7993,0.8807
headphones_black,electronics,white,42,procedural,none,0.0,no_shadow,square,procedural,rembg,1.0,116.89,0.9907,35.73,0.0374,0.9266,0.9966,0.0482,0.9092
headphones_black,electronics,white,42,procedural,none,0.0,no_shadow,story,procedural,rembg,1.0,116.89,0.991,36.12,0.0372,0.9312,0.9966,0.1403,0.9015
headphones_black,electronics,white,42,procedural,none,0.0,no_shadow,banner,procedural,rembg,1.0,116.89,0.9911,36.12,0.0365,0.9306,0.9968,0.152,0.9017
headphones_black,electronics,white,42,procedural,none,0.0,no_rim,square,procedural,rembg,1.0,116.89,0.9908,35.73,0.0469,0.925,0.9966,0.0408,0.911
headphones_black,electronics,white,42,procedural,none,0.0,no_rim,story,procedural,rembg,1.0,116.89,0.9909,36.12,0.0457,0.9304,0.9966,0.1205,0.904
headphones_black,electronics,white,42,procedural,none,0.0,no_rim,banner,procedural,rembg,1.0,116.89,0.9911,36.12,0.0459,0.9298,0.9968,0.1403,0.902
headphones_black,electronics,white,42,procedural,none,0.0,no_brand,square,procedural,rembg,1.0,116.89,0.9724,28.48,0.0553,0.9613,0.9783,1.0,0.947
headphones_black,electronics,white,42,procedural,none,0.0,no_brand,story,procedural,rembg,1.0,116.89,0.9718,28.42,0.0567,0.9609,0.9776,0.4678,0.9429
headphones_black,electronics,white,42,procedural,none,0.0,no_brand,banner,procedural,rembg,1.0,116.89,0.9744,28.74,0.055,0.9623,0.9771,0.551,0.9481
headphones_black,electronics,white,42,procedural,none,0.0,no_coord,square,procedural,rembg,1.0,116.89,0.9897,35.53,0.0378,0.9267,0.9938,0.0016,0.9168
headphones_black,electronics,white,42,procedural,none,0.0,no_coord,story,procedural,rembg,1.0,116.89,0.991,36.29,0.0343,0.932,0.9949,0.0016,0.9008
headphones_black,electronics,white,42,procedural,none,0.0,no_coord,banner,procedural,rembg,1.0,116.89,0.991,36.23,0.0343,0.9312,0.9949,0.0323,0.9052
headphones_black,electronics,white,42,procedural,none,0.0,naive,square,procedural,rembg,1.0,116.89,0.9755,28.48,0.0705,0.9499,0.9783,0.9881,0.9507
headphones_black,electronics,white,42,procedural,none,0.0,naive,story,procedural,rembg,1.0,116.89,0.975,28.42,0.0719,0.9495,0.9777,0.9679,0.9504
headphones_black,electronics,white,42,procedural,none,0.0,naive,banner,procedural,rembg,1.0,116.89,0.9776,28.73,0.0705,0.9514,0.9771,0.6698,0.9541
headphones_black,electronics,white,42,diffusers,none,0.0,no_shadow,square,diffusers-turbo,rembg,1.0,116.89,0.9625,25.12,0.0629,0.9283,0.9827,0.9995,0.9105
headphones_black,electronics,white,42,diffusers,none,0.0,no_shadow,story,diffusers-turbo,rembg,1.0,116.89,0.9595,24.32,0.0688,0.9277,0.9838,1.0,0.8672
headphones_black,electronics,white,42,diffusers,none,0.0,no_shadow,banner,diffusers-turbo,rembg,1.0,116.89,0.9648,25.88,0.0622,0.937,0.9812,0.7244,0.8898
headphones_black,electronics,white,42,diffusers,none,0.0,no_rim,square,diffusers-turbo,rembg,1.0,116.89,0.9682,25.12,0.084,0.925,0.9827,0.9986,0.9083
headphones_black,electronics,white,42,diffusers,none,0.0,no_rim,story,diffusers-turbo,rembg,1.0,116.89,0.9657,24.32,0.0916,0.9265,0.9838,0.9837,0.869
headphones_black,electronics,white,42,diffusers,none,0.0,no_rim,banner,diffusers-turbo,rembg,1.0,116.89,0.9699,25.88,0.0822,0.9321,0.9812,0.7146,0.8885
headphones_black,electronics,white,42,diffusers,none,0.0,no_brand,square,diffusers-turbo,rembg,1.0,116.89,0.9589,24.0,0.0662,0.9224,0.9842,0.999,0.8904
headphones_black,electronics,white,42,diffusers,none,0.0,no_brand,story,diffusers-turbo,rembg,1.0,116.89,0.9609,24.77,0.0672,0.929,0.9823,0.9038,0.8969
headphones_black,electronics,white,42,diffusers,none,0.0,no_brand,banner,diffusers-turbo,rembg,1.0,116.89,0.9614,24.94,0.0646,0.9267,0.9821,0.777,0.8761
headphones_black,electronics,white,42,diffusers,none,0.0,no_coord,square,diffusers-turbo,rembg,1.0,116.89,0.954,22.71,0.0759,0.9236,0.9858,0.7706,0.8399
headphones_black,electronics,white,42,diffusers,none,0.0,no_coord,story,diffusers-turbo,rembg,1.0,116.89,0.9549,23.02,0.0766,0.9244,0.9856,0.888,0.8204
headphones_black,electronics,white,42,diffusers,none,0.0,no_coord,banner,diffusers-turbo,rembg,1.0,116.89,0.9563,23.57,0.0732,0.9245,0.9845,0.546,0.8046
headphones_black,electronics,white,42,diffusers,none,0.0,naive,square,diffusers-turbo,rembg,1.0,116.89,0.9608,22.38,0.1058,0.9304,0.9865,0.9177,0.8281
headphones_black,electronics,white,42,diffusers,none,0.0,naive,story,diffusers-turbo,rembg,1.0,116.89,0.9619,22.87,0.1048,0.928,0.9857,0.9822,0.8033
headphones_black,electronics,white,42,diffusers,none,0.0,naive,banner,diffusers-turbo,rembg,1.0,116.89,0.9623,23.05,0.1021,0.9273,0.9853,0.8266,0.7747
headphones_grey,electronics,white,42,procedural,none,0.0,no_shadow,square,procedural,rembg,1.0,86.7,0.9869,30.27,0.0271,0.9352,0.9951,0.9883,0.9177
headphones_grey,electronics,white,42,procedural,none,0.0,no_shadow,story,procedural,rembg,1.0,86.7,0.987,30.28,0.0271,0.9352,0.9951,0.9976,0.926
headphones_grey,electronics,white,42,procedural,none,0.0,no_shadow,banner,procedural,rembg,1.0,86.7,0.9869,30.23,0.0275,0.9335,0.995,0.8101,0.9177
headphones_grey,electronics,white,42,procedural,none,0.0,no_rim,square,procedural,rembg,1.0,86.7,0.9881,30.27,0.0327,0.9343,0.9951,0.9351,0.917
headphones_grey,electronics,white,42,procedural,none,0.0,no_rim,story,procedural,rembg,1.0,86.7,0.9881,30.28,0.0325,0.9343,0.9951,0.7565,0.9182
headphones_grey,electronics,white,42,procedural,none,0.0,no_rim,banner,procedural,rembg,1.0,86.7,0.9881,30.23,0.0332,0.9328,0.995,0.5647,0.9172
headphones_grey,electronics,white,42,procedural,none,0.0,no_brand,square,procedural,rembg,1.0,86.7,0.9839,29.45,0.0263,0.9561,0.9871,0.9814,0.9665
headphones_grey,electronics,white,42,procedural,none,0.0,no_brand,story,procedural,rembg,1.0,86.7,0.9835,29.31,0.0269,0.9548,0.9863,0.8957,0.9638
headphones_grey,electronics,white,42,procedural,none,0.0,no_brand,banner,procedural,rembg,1.0,86.7,0.9845,29.7,0.0261,0.9589,0.9873,0.4276,0.9603
headphones_grey,electronics,white,42,procedural,none,0.0,no_coord,square,procedural,rembg,1.0,86.7,0.9869,30.24,0.0275,0.9338,0.9951,0.908,0.9196
headphones_grey,electronics,white,42,procedural,none,0.0,no_coord,story,procedural,rembg,1.0,86.7,0.9869,30.25,0.0275,0.9346,0.9951,0.6232,0.9269
headphones_grey,electronics,white,42,procedural,none,0.0,no_coord,banner,procedural,rembg,1.0,86.7,0.9868,30.22,0.0277,0.9332,0.995,0.2766,0.918
headphones_grey,electronics,white,42,procedural,none,0.0,naive,square,procedural,rembg,1.0,86.7,0.986,29.45,0.0341,0.9448,0.9871,0.9752,0.9658
headphones_grey,electronics,white,42,procedural,none,0.0,naive,story,procedural,rembg,1.0,86.7,0.9856,29.31,0.0346,0.9424,0.9862,0.9979,0.9635
headphones_grey,electronics,white,42,procedural,none,0.0,naive,banner,procedural,rembg,1.0,86.7,0.9865,29.7,0.0337,0.9474,0.9873,0.5549,0.9599
headphones_grey,electronics,white,42,diffusers,none,0.0,no_shadow,square,diffusers-turbo,rembg,1.0,86.7,0.9771,25.3,0.0361,0.9235,0.9818,0.9828,0.9184
headphones_grey,electronics,white,42,diffusers,none,0.0,no_shadow,story,diffusers-turbo,rembg,1.0,86.7,0.9751,24.51,0.0414,0.9233,0.9804,0.9615,0.9078
headphones_grey,electronics,white,42,diffusers,none,0.0,no_shadow,banner,diffusers-turbo,rembg,1.0,86.7,0.9786,26.18,0.0349,0.9272,0.9829,0.724,0.9132
headphones_grey,electronics,white,42,diffusers,none,0.0,no_rim,square,diffusers-turbo,rembg,1.0,86.7,0.9808,25.3,0.0474,0.9228,0.9818,0.9885,0.9175
headphones_grey,electronics,white,42,diffusers,none,0.0,no_rim,story,diffusers-turbo,rembg,1.0,86.7,0.9791,24.51,0.0532,0.9229,0.9804,1.0,0.9075
headphones_grey,electronics,white,42,diffusers,none,0.0,no_rim,banner,diffusers-turbo,rembg,1.0,86.7,0.9819,26.18,0.0449,0.9247,0.9829,0.7971,0.913
headphones_grey,electronics,white,42,diffusers,none,0.0,no_brand,square,diffusers-turbo,rembg,1.0,86.7,0.9749,24.18,0.0399,0.9211,0.9796,0.9878,0.9138
headphones_grey,electronics,white,42,diffusers,none,0.0,no_brand,story,diffusers-turbo,rembg,1.0,86.7,0.976,24.92,0.0396,0.9234,0.9809,0.9841,0.9216
headphones_grey,electronics,white,42,diffusers,none,0.0,no_brand,banner,diffusers-turbo,rembg,1.0,86.7,0.9765,25.13,0.0373,0.9221,0.9817,0.7791,0.9089
headphones_grey,electronics,white,42,diffusers,none,0.0,no_coord,square,diffusers-turbo,rembg,1.0,86.7,0.9715,22.59,0.0488,0.9227,0.9758,0.8644,0.8832
headphones_grey,electronics,white,42,diffusers,none,0.0,no_coord,story,diffusers-turbo,rembg,1.0,86.7,0.9721,22.97,0.0493,0.9247,0.9763,0.7383,0.8601
headphones_grey,electronics,white,42,diffusers,none,0.0,no_coord,banner,diffusers-turbo,rembg,1.0,86.7,0.973,23.53,0.0467,0.9239,0.9782,0.499,0.8456
headphones_grey,electronics,white,42,diffusers,none,0.0,naive,square,diffusers-turbo,rembg,1.0,86.7,0.9758,22.27,0.0654,0.9259,0.9747,0.7356,0.8738
headphones_grey,electronics,white,42,diffusers,none,0.0,naive,story,diffusers-turbo,rembg,1.0,86.7,0.9765,22.8,0.0639,0.9259,0.9759,0.9356,0.8486
headphones_grey,electronics,white,42,diffusers,none,0.0,naive,banner,diffusers-turbo,rembg,1.0,86.7,0.9768,22.96,0.0617,0.9255,0.9769,0.8346,0.8368
mug_white,homeware,white,42,procedural,none,0.0,no_shadow,square,procedural,rembg,0.4678,13.61,0.9982,42.09,0.0051,0.9916,1.0,0.8338,0.9428
mug_white,homeware,white,42,procedural,none,0.0,no_shadow,story,procedural,rembg,0.4678,13.61,0.9982,43.62,0.0047,0.9772,1.0,0.9592,0.9428
mug_white,homeware,white,42,procedural,none,0.0,no_shadow,banner,procedural,rembg,0.4678,13.61,0.9977,40.32,0.0083,0.9969,0.9999,0.9865,0.9436
mug_white,homeware,white,42,procedural,none,0.0,no_rim,square,procedural,rembg,0.4678,13.61,0.9981,42.06,0.0063,0.9775,1.0,0.8442,0.9441
mug_white,homeware,white,42,procedural,none,0.0,no_rim,story,procedural,rembg,0.4678,13.61,0.9983,43.68,0.0064,0.956,1.0,0.951,0.9421
mug_white,homeware,white,42,procedural,none,0.0,no_rim,banner,procedural,rembg,0.4678,13.61,0.9977,40.3,0.0084,0.9938,0.9999,0.9839,0.9452
mug_white,homeware,white,42,procedural,none,0.0,no_brand,square,procedural,rembg,0.4678,13.61,0.9979,44.92,0.0121,0.9424,1.0,0.0132,0.9627
mug_white,homeware,white,42,procedural,none,0.0,no_brand,story,procedural,rembg,0.4678,13.61,0.9976,44.2,0.0144,0.9365,0.9999,0.6351,0.9701
mug_white,homeware,white,42,procedural,none,0.0,no_brand,banner,procedural,rembg,0.4678,13.61,0.9982,45.41,0.01,0.9512,1.0,0.5988,0.9674
mug_white,homeware,white,42,procedural,none,0.0,no_coord,square,procedural,rembg,0.4678,13.61,0.998,41.56,0.006,0.9881,0.9998,0.998,0.9452
mug_white,homeware,white,42,procedural,none,0.0,no_coord,story,procedural,rembg,0.4678,13.61,0.9985,45.74,0.0055,0.9666,1.0,0.9973,0.9336
mug_white,homeware,white,42,procedural,none,0.0,no_coord,banner,procedural,rembg,0.4678,13.61,0.9984,44.7,0.0049,0.9745,1.0,0.9996,0.9406
mug_white,homeware,white,42,procedural,none,0.0,naive,square,procedural,rembg,0.4678,13.61,0.9978,44.79,0.0138,0.9276,1.0,0.0068,0.9746
mug_white,homeware,white,42,procedural,none,0.0,naive,story,procedural,rembg,0.4678,13.61,0.9976,44.03,0.0163,0.9215,0.9999,0.9899,0.9732
mug_white,homeware,white,42,procedural,none,0.0,naive,banner,procedural,rembg,0.4678,13.61,0.9982,45.24,0.0114,0.9375,1.0,0.7508,0.9703
mug_white,homeware,white,42,diffusers,none,0.0,no_shadow,square,diffusers-turbo,rembg,0.4678,13.61,0.9913,36.5,0.0368,0.8373,0.9999,0.418,0.9238
mug_white,homeware,white,42,diffusers,none,0.0,no_shadow,story,diffusers-turbo,rembg,0.4678,13.61,0.9921,37.01,0.0379,0.8529,0.9998,1.0,0.9287
mug_white,homeware,white,42,diffusers,none,0.0,no_shadow,banner,diffusers-turbo,rembg,0.4678,13.61,0.9948,38.28,0.0246,0.9003,0.9999,0.9785,0.9041
mug_white,homeware,white,42,diffusers,none,0.0,no_rim,square,diffusers-turbo,rembg,0.4678,13.61,0.9921,36.59,0.041,0.8161,0.9999,0.4351,0.908
mug_white,homeware,white,42,diffusers,none,0.0,no_rim,story,diffusers-turbo,rembg,0.4678,13.61,0.9925,37.12,0.0416,0.8285,0.9998,0.8417,0.9287
mug_white,homeware,white,42,diffusers,none,0.0,no_rim,banner,diffusers-turbo,rembg,0.4678,13.61,0.9951,38.38,0.0258,0.8807,0.9999,0.9339,0.905
mug_white,homeware,white,42,diffusers,none,0.0,no_brand,square,diffusers-turbo,rembg,0.4678,13.61,0.9913,36.78,0.0375,0.8321,0.9999,0.5622,0.9066
mug_white,homeware,white,42,diffusers,none,0.0,no_brand,story,diffusers-turbo,rembg,0.4678,13.61,0.9918,36.79,0.0391,0.8402,0.9998,0.9069,0.9266
mug_white,homeware,white,42,diffusers,none,0.0,no_brand,banner,diffusers-turbo,rembg,0.4678,13.61,0.9927,37.53,0.0327,0.8548,0.9999,0.9006,0.9149
mug_white,homeware,white,42,diffusers,none,0.0,no_coord,square,diffusers-turbo,rembg,0.4678,13.61,0.9869,34.05,0.0511,0.7797,0.9998,0.327,0.9237
mug_white,homeware,white,42,diffusers,none,0.0,no_coord,story,diffusers-turbo,rembg,0.4678,13.61,0.9872,34.04,0.0528,0.7872,0.9997,0.7654,0.9254
mug_white,homeware,white,42,diffusers,none,0.0,no_coord,banner,diffusers-turbo,rembg,0.4678,13.61,0.9904,35.14,0.0399,0.8292,0.9998,0.8586,0.9092
mug_white,homeware,white,42,diffusers,none,0.0,naive,square,diffusers-turbo,rembg,0.4678,13.61,0.9867,33.22,0.0658,0.7446,0.9997,0.2214,0.9429
mug_white,homeware,white,42,diffusers,none,0.0,naive,story,diffusers-turbo,rembg,0.4678,13.61,0.9872,33.41,0.0638,0.7522,0.9997,0.9832,0.9389
mug_white,homeware,white,42,diffusers,none,0.0,naive,banner,diffusers-turbo,rembg,0.4678,13.61,0.9882,33.91,0.0597,0.7611,0.9998,0.9399,0.9374
camera_dslr,electronics,white,42,procedural,none,0.0,no_shadow,square,procedural,rembg,1.0,143.52,0.9957,39.69,0.0083,0.9861,1.0,0.9917,0.9097
camera_dslr,electronics,white,42,procedural,none,0.0,no_shadow,story,procedural,rembg,1.0,143.52,0.996,40.11,0.0076,0.9876,1.0,0.8457,0.9281
camera_dslr,electronics,white,42,procedural,none,0.0,no_shadow,banner,procedural,rembg,1.0,143.52,0.9953,39.15,0.0092,0.9847,1.0,0.9597,0.9169
camera_dslr,electronics,white,42,procedural,none,0.0,no_rim,square,procedural,rembg,1.0,143.52,0.9959,39.7,0.0084,0.9823,1.0,0.9966,0.9102
camera_dslr,electronics,white,42,procedural,none,0.0,no_rim,story,procedural,rembg,1.0,143.52,0.9962,40.11,0.0076,0.9846,1.0,0.8074,0.9272
camera_dslr,electronics,white,42,procedural,none,0.0,no_rim,banner,procedural,rembg,1.0,143.52,0.9956,39.15,0.0092,0.9805,1.0,0.9252,0.9179
camera_dslr,electronics,white,42,procedural,none,0.0,no_brand,square,procedural,rembg,1.0,143.52,0.9958,40.55,0.0071,0.9966,0.9998,0.0006,0.9204
camera_dslr,electronics,white,42,procedural,none,0.0,no_brand,story,procedural,rembg,1.0,143.52,0.9956,40.06,0.0079,0.9967,0.9997,0.8533,0.9218
camera_dslr,electronics,white,42,procedural,none,0.0,no_brand,banner,procedural,rembg,1.0,143.52,0.9962,40.65,0.0065,0.9976,0.9999,0.5033,0.9295
camera_dslr,electronics,white,42,procedural,none,0.0,no_coord,square,procedural,rembg,1.0,143.52,0.9954,39.73,0.009,0.9838,0.9999,0.9926,0.914
camera_dslr,electronics,white,42,procedural,none,0.0,no_coord,story,procedural,rembg,1.0,143.52,0.996,40.39,0.0078,0.9862,1.0,0.9971,0.922
camera_dslr,electronics,white,42,procedural,none,0.0,no_coord,banner,procedural,rembg,1.0,143.52,0.9959,40.3,0.0078,0.9861,1.0,0.9974,0.9175
camera_dslr,electronics,white,42,procedural,none,0.0,naive,square,procedural,rembg,1.0,143.52,0.996,40.53,0.0072,0.9905,0.9998,0.0019,0.917
camera_dslr,electronics,white,42,procedural,none,0.0,naive,story,procedural,rembg,1.0,143.52,0.9958,40.03,0.008,0.9904,0.9997,0.9851,0.9184
camera_dslr,electronics,white,42,procedural,none,0.0,naive,banner,procedural,rembg,1.0,143.52,0.9964,40.62,0.0066,0.992,0.9999,0.6034,0.9192
camera_dslr,electronics,white,42,diffusers,none,0.0,no_shadow,square,diffusers-turbo,rembg,1.0,143.52,0.9938,37.24,0.0113,0.9924,0.9996,0.1353,0.9255
camera_dslr,electronics,white,42,diffusers,none,0.0,no_shadow,story,diffusers-turbo,rembg,1.0,143.52,0.9923,35.78,0.0141,0.9882,0.9992,0.9976,0.9013
camera_dslr,electronics,white,42,diffusers,none,0.0,no_shadow,banner,diffusers-turbo,rembg,1.0,143.52,0.9945,37.9,0.0097,0.9945,0.9997,0.7195,0.9016
camera_dslr,electronics,white,42,diffusers,none,0.0,no_rim,square,diffusers-turbo,rembg,1.0,143.52,0.9945,37.26,0.012,0.9873,0.9996,0.1417,0.9187
camera_dslr,electronics,white,42,diffusers,none,0.0,no_rim,story,diffusers-turbo,rembg,1.0,143.52,0.9933,35.8,0.0149,0.9852,0.9992,0.9868,0.9042
camera_dslr,electronics,white,42,diffusers,none,0.0,no_rim,banner,diffusers-turbo,rembg,1.0,143.52,0.995,37.93,0.0101,0.9884,0.9997,0.7312,0.9047
camera_dslr,electronics,white,42,diffusers,none,0.0,no_brand,square,diffusers-turbo,rembg,1.0,143.52,0.9916,35.33,0.0152,0.9857,0.9994,0.1611,0.9088
camera_dslr,electronics,white,42,diffusers,none,0.0,no_brand,story,diffusers-turbo,rembg,1.0,143.52,0.992,35.45,0.0151,0.9869,0.9993,0.9968,0.902
camera_dslr,electronics,white,42,diffusers,none,0.0,no_brand,banner,diffusers-turbo,rembg,1.0,143.52,0.9925,35.84,0.0137,0.9896,0.9994,0.7324,0.8902
camera_dslr,electronics,white,42,diffusers,none,0.0,no_coord,square,diffusers-turbo,rembg,1.0,143.52,0.9906,34.18,0.0175,0.9847,0.9992,0.1083,0.8907
camera_dslr,electronics,white,42,diffusers,none,0.0,no_coord,story,diffusers-turbo,rembg,1.0,143.52,0.9907,34.12,0.0175,0.9849,0.9991,0.7352,0.8647
camera_dslr,electronics,white,42,diffusers,none,0.0,no_coord,banner,diffusers-turbo,rembg,1.0,143.52,0.9919,35.3,0.015,0.9887,0.9994,0.5201,0.8837
camera_dslr,electronics,white,42,diffusers,none,0.0,naive,square,diffusers-turbo,rembg,1.0,143.52,0.9911,32.83,0.0224,0.9851,0.9991,0.1148,0.8535
camera_dslr,electronics,white,42,diffusers,none,0.0,naive,story,diffusers-turbo,rembg,1.0,143.52,0.9913,33.06,0.0214,0.9848,0.9991,0.9677,0.8327
camera_dslr,electronics,white,42,diffusers,none,0.0,naive,banner,diffusers-turbo,rembg,1.0,143.52,0.9916,33.36,0.0206,0.9844,0.9992,0.7857,0.8186
camera_lens,electronics,white,42,procedural,none,0.0,no_shadow,square,procedural,rembg,1.0,190.91,0.9962,40.96,0.0086,0.9689,1.0,0.2462,0.8785
camera_lens,electronics,white,42,procedural,none,0.0,no_shadow,story,procedural,rembg,1.0,190.91,0.9964,41.26,0.0082,0.9693,1.0,0.4038,0.8877
camera_lens,electronics,white,42,procedural,none,0.0,no_shadow,banner,procedural,rembg,1.0,190.91,0.9963,41.14,0.0084,0.9687,1.0,0.3473,0.8882
camera_lens,electronics,white,42,procedural,none,0.0,no_rim,square,procedural,rembg,1.0,190.91,0.9963,40.96,0.0093,0.9589,1.0,0.8073,0.8781
camera_lens,electronics,white,42,procedural,none,0.0,no_rim,story,procedural,rembg,1.0,190.91,0.9965,41.26,0.009,0.9592,1.0,0.7359,0.8877
camera_lens,electronics,white,42,procedural,none,0.0,no_rim,banner,procedural,rembg,1.0,190.91,0.9965,41.14,0.0092,0.9586,1.0,0.9708,0.8873
camera_lens,electronics,white,42,procedural,none,0.0,no_brand,square,procedural,rembg,1.0,190.91,0.9924,38.5,0.0146,0.9764,0.9971,0.2312,0.9692
camera_lens,electronics,white,42,procedural,none,0.0,no_brand,story,procedural,rembg,1.0,190.91,0.9919,38.17,0.0152,0.9755,0.9917,0.116,0.9524
camera_lens,electronics,white,42,procedural,none,0.0,no_brand,banner,procedural,rembg,1.0,190.91,0.9947,39.44,0.0126,0.9807,1.0,0.2262,0.9453
camera_lens,electronics,white,42,procedural,none,0.0,no_coord,square,procedural,rembg,1.0,190.91,0.9961,41.0,0.0089,0.9658,1.0,0.5992,0.8788
camera_lens,electronics,white,42,procedural,none,0.0,no_coord,story,procedural,rembg,1.0,190.91,0.9964,41.34,0.0085,0.9678,1.0,0.6918,0.8903
camera_lens,electronics,white,42,procedural,none,0.0,no_coord,banner,procedural,rembg,1.0,190.91,0.9963,41.21,0.0085,0.9674,1.0,0.5407,0.8877
camera_lens,electronics,white,42,procedural,none,0.0,naive,square,procedural,rembg,1.0,190.91,0.9928,38.5,0.016,0.9763,0.9971,0.2978,0.9722
camera_lens,electronics,white,42,procedural,none,0.0,naive,story,procedural,rembg,1.0,190.91,0.9924,38.17,0.0168,0.9755,0.9917,0.1537,0.9555
camera_lens,electronics,white,42,procedural,none,0.0,naive,banner,procedural,rembg,1.0,190.91,0.9951,39.44,0.0137,0.9801,1.0,0.475,0.9519
camera_lens,electronics,white,42,diffusers,none,0.0,no_shadow,square,diffusers-turbo,rembg,1.0,190.91,0.9899,35.24,0.0229,0.9718,0.993,0.1237,0.906
camera_lens,electronics,white,42,diffusers,none,0.0,no_shadow,story,diffusers-turbo,rembg,1.0,190.91,0.9886,33.74,0.0275,0.9723,0.9929,0.0787,0.7925
camera_lens,electronics,white,42,diffusers,none,0.0,no_shadow,banner,diffusers-turbo,rembg,1.0,190.91,0.9908,35.83,0.0211,0.9735,0.9939,0.2239,0.7776
camera_lens,electronics,white,42,diffusers,none,0.0,no_rim,square,diffusers-turbo,rembg,1.0,190.91,0.9906,35.25,0.0274,0.9781,0.993,0.7698,0.902
camera_lens,electronics,white,42,diffusers,none,0.0,no_rim,story,diffusers-turbo,rembg,1.0,190.91,0.9895,33.74,0.0339,0.9796,0.9929,0.0001,0.7975
camera_lens,electronics,white,42,diffusers,none,0.0,no_rim,banner,diffusers-turbo,rembg,1.0,190.91,0.9914,35.83,0.0245,0.9744,0.9939,0.6728,0.7919
camera_lens,electronics,white,42,diffusers,none,0.0,no_brand,square,diffusers-turbo,rembg,1.0,190.91,0.9888,34.05,0.0262,0.9722,0.9928,0.0774,0.875
camera_lens,electronics,white,42,diffusers,none,0.0,no_brand,story,diffusers-turbo,rembg,1.0,190.91,0.989,34.23,0.0261,0.972,0.9929,0.1104,0.8311
camera_lens,electronics,white,42,diffusers,none,0.0,no_brand,banner,diffusers-turbo,rembg,1.0,190.91,0.9899,35.44,0.0225,0.9735,0.9928,0.2226,0.808
camera_lens,electronics,white,42,diffusers,none,0.0,no_coord,square,diffusers-turbo,rembg,1.0,190.91,0.9876,32.37,0.0321,0.9755,0.9929,0.008,0.8325
camera_lens,electronics,white,42,diffusers,none,0.0,no_coord,story,diffusers-turbo,rembg,1.0,190.91,0.9876,32.31,0.0324,0.9752,0.9929,0.0475,0.72
camera_lens,electronics,white,42,diffusers,none,0.0,no_coord,banner,diffusers-turbo,rembg,1.0,190.91,0.9883,33.34,0.0292,0.9726,0.9929,0.1196,0.6909
camera_lens,electronics,white,42,diffusers,none,0.0,naive,square,diffusers-turbo,rembg,1.0,190.91,0.9885,32.15,0.0411,0.9825,0.9929,0.8894,0.8387
camera_lens,electronics,white,42,diffusers,none,0.0,naive,story,diffusers-turbo,rembg,1.0,190.91,0.9886,32.33,0.0403,0.9825,0.9929,0.0087,0.6759
camera_lens,electronics,white,42,diffusers,none,0.0,naive,banner,diffusers-turbo,rembg,1.0,190.91,0.9891,33.04,0.0374,0.9802,0.9929,0.7172,0.6613
backpack_black,bags,white,42,procedural,none,0.0,no_shadow,square,procedural,rembg,1.0,82.06,0.9919,33.84,0.0141,0.9852,0.9997,0.0443,0.9416
backpack_black,bags,white,42,procedural,none,0.0,no_shadow,story,procedural,rembg,1.0,82.06,0.9928,34.5,0.0121,0.9879,0.9997,0.0245,0.946
backpack_black,bags,white,42,procedural,none,0.0,no_shadow,banner,procedural,rembg,1.0,82.06,0.9922,33.99,0.0134,0.9864,0.9997,0.0718,0.9407
backpack_black,bags,white,42,procedural,none,0.0,no_rim,square,procedural,rembg,1.0,82.06,0.9921,33.84,0.0143,0.9858,0.9997,0.2853,0.9394
backpack_black,bags,white,42,procedural,none,0.0,no_rim,story,procedural,rembg,1.0,82.06,0.9929,34.5,0.0122,0.9886,0.9997,0.0149,0.9462
backpack_black,bags,white,42,procedural,none,0.0,no_rim,banner,procedural,rembg,1.0,82.06,0.9924,33.99,0.0137,0.987,0.9997,0.1123,0.9505
backpack_black,bags,white,42,procedural,none,0.0,no_brand,square,procedural,rembg,1.0,82.06,0.9949,41.99,0.0045,0.9825,0.9999,0.8031,0.9649
backpack_black,bags,white,42,procedural,none,0.0,no_brand,story,procedural,rembg,1.0,82.06,0.9943,41.31,0.005,0.9805,0.9998,0.5806,0.9556
backpack_black,bags,white,42,procedural,none,0.0,no_brand,banner,procedural,rembg,1.0,82.06,0.9961,42.52,0.0041,0.9863,0.9999,0.1146,0.9605
backpack_black,bags,white,42,procedural,none,0.0,no_coord,square,procedural,rembg,1.0,82.06,0.9921,34.22,0.0139,0.9845,0.9997,0.1886,0.9349
backpack_black,bags,white,42,procedural,none,0.0,no_coord,story,procedural,rembg,1.0,82.06,0.993,34.94,0.0119,0.9877,0.9997,0.002,0.9453
backpack_black,bags,white,42,procedural,none,0.0,no_coord,banner,procedural,rembg,1.0,82.06,0.9925,34.37,0.0131,0.9861,0.9997,0.0612,0.9349
backpack_black,bags,white,42,procedural,none,0.0,naive,square,procedural,rembg,1.0,82.06,0.9949,41.99,0.0059,0.9664,0.9999,0.9997,0.9617
backpack_black,bags,white,42,procedural,none,0.0,naive,story,procedural,rembg,1.0,82.06,0.9943,41.3,0.0066,0.9642,0.9998,0.9587,0.9666
backpack_black,bags,white,42,procedural,none,0.0,naive,banner,procedural,rembg,1.0,82.06,0.9962,42.52,0.0049,0.9736,0.9999,0.9311,0.965
backpack_black,bags,white,42,diffusers,none,0.0,no_shadow,square,diffusers-turbo,rembg,1.0,82.06,0.9869,35.75,0.013,0.9628,0.9957,0.8112,0.9338
backpack_black,bags,white,42,diffusers,none,0.0,no_shadow,story,diffusers-turbo,rembg,1.0,82.06,0.9817,33.22,0.0179,0.9535,0.9938,0.3946,0.9059
backpack_black,bags,white,42,diffusers,none,0.0,no_shadow,banner,diffusers-turbo,rembg,1.0,82.06,0.991,36.48,0.0108,0.9753,0.9978,0.2316,0.9066
backpack_black,bags,white,42,diffusers,none,0.0,no_rim,square,diffusers-turbo,rembg,1.0,82.06,0.9891,35.75,0.0178,0.949,0.9957,0.7799,0.9295
backpack_black,bags,white,42,diffusers,none,0.0,no_rim,story,diffusers-turbo,rembg,1.0,82.06,0.9853,33.22,0.0241,0.9414,0.9938,0.9876,0.9078
backpack_black,bags,white,42,diffusers,none,0.0,no_rim,banner,diffusers-turbo,rembg,1.0,82.06,0.992,36.48,0.0136,0.9599,0.9978,0.8321,0.9112
backpack_black,bags,white,42,diffusers,none,0.0,no_brand,square,diffusers-turbo,rembg,1.0,82.06,0.9816,33.57,0.0175,0.9518,0.9939,0.962,0.9219
backpack_black,bags,white,42,diffusers,none,0.0,no_brand,story,diffusers-turbo,rembg,1.0,82.06,0.9824,33.61,0.0171,0.954,0.9938,0.5112,0.9171
backpack_black,bags,white,42,diffusers,none,0.0,no_brand,banner,diffusers-turbo,rembg,1.0,82.06,0.9862,35.21,0.0141,0.9621,0.9952,0.7445,0.9156
backpack_black,bags,white,42,diffusers,none,0.0,no_coord,square,diffusers-turbo,rembg,1.0,82.06,0.9762,30.87,0.0256,0.9447,0.9912,0.0469,0.9262
backpack_black,bags,white,42,diffusers,none,0.0,no_coord,story,diffusers-turbo,rembg,1.0,82.06,0.9755,30.61,0.0258,0.9441,0.9912,0.2614,0.9053
backpack_black,bags,white,42,diffusers,none,0.0,no_coord,banner,diffusers-turbo,rembg,1.0,82.06,0.9834,33.07,0.0194,0.9577,0.9935,0.2921,0.9039
backpack_black,bags,white,42,diffusers,none,0.0,naive,square,diffusers-turbo,rembg,1.0,82.06,0.9812,30.4,0.0374,0.9363,0.9912,0.9239,0.9309
backpack_black,bags,white,42,diffusers,none,0.0,naive,story,diffusers-turbo,rembg,1.0,82.06,0.9815,30.59,0.0354,0.936,0.9912,0.9351,0.895
backpack_black,bags,white,42,diffusers,none,0.0,naive,banner,diffusers-turbo,rembg,1.0,82.06,0.9829,31.5,0.0321,0.9392,0.9912,0.9939,0.8828
can_heyday,beverage,plain,42,procedural,none,0.0,no_shadow,square,procedural,rembg,1.0,138.2,0.9992,42.96,0.0006,0.9994,0.9985,0.5748,0.9721
can_heyday,beverage,plain,42,procedural,none,0.0,no_shadow,story,procedural,rembg,1.0,138.2,0.9992,42.99,0.0006,0.9994,0.9985,0.8241,0.9639
can_heyday,beverage,plain,42,procedural,none,0.0,no_shadow,banner,procedural,rembg,1.0,138.2,0.9992,42.77,0.0006,0.9994,0.9985,0.0023,0.9694
can_heyday,beverage,plain,42,procedural,none,0.0,no_rim,square,procedural,rembg,1.0,138.2,0.9993,42.96,0.0005,1.0,0.9985,0.5292,0.9713
can_heyday,beverage,plain,42,procedural,none,0.0,no_rim,story,procedural,rembg,1.0,138.2,0.9993,42.99,0.0005,1.0,0.9985,0.3532,0.9634
can_heyday,beverage,plain,42,procedural,none,0.0,no_rim,banner,procedural,rembg,1.0,138.2,0.9992,42.77,0.0006,1.0,0.9985,0.0604,0.9666
can_heyday,beverage,plain,42,procedural,none,0.0,no_brand,square,procedural,rembg,1.0,138.2,0.9959,38.26,0.0066,0.9703,0.9995,0.5941,0.9448
can_heyday,beverage,plain,42,procedural,none,0.0,no_brand,story,procedural,rembg,1.0,138.2,0.9957,37.9,0.0071,0.9693,0.9971,0.3977,0.945
can_heyday,beverage,plain,42,procedural,none,0.0,no_brand,banner,procedural,rembg,1.0,138.2,0.9962,38.81,0.0061,0.9743,0.9997,0.0243,0.9455
can_heyday,beverage,plain,42,procedural,none,0.0,no_coord,square,procedural,rembg,1.0,138.2,0.9992,42.94,0.0006,0.9994,0.9985,0.9245,0.9727
can_heyday,beverage,plain,42,procedural,none,0.0,no_coord,story,procedural,rembg,1.0,138.2,0.9992,42.97,0.0006,0.9994,0.9985,0.6976,0.9629
can_heyday,beverage,plain,42,procedural,none,0.0,no_coord,banner,procedural,rembg,1.0,138.2,0.9992,42.76,0.0006,0.9994,0.9985,0.0678,0.9671
can_heyday,beverage,plain,42,procedural,none,0.0,naive,square,procedural,rembg,1.0,138.2,0.9963,38.26,0.0068,0.967,0.9995,0.8395,0.9421
can_heyday,beverage,plain,42,procedural,none,0.0,naive,story,procedural,rembg,1.0,138.2,0.9961,37.9,0.0073,0.966,0.9971,0.713,0.9415
can_heyday,beverage,plain,42,procedural,none,0.0,naive,banner,procedural,rembg,1.0,138.2,0.9965,38.81,0.0061,0.9718,0.9997,0.0683,0.9386
can_heyday,beverage,plain,42,diffusers,none,0.0,no_shadow,square,diffusers-turbo,rembg,1.0,138.2,0.9941,35.28,0.0106,0.9543,0.9966,0.1332,0.9207
can_heyday,beverage,plain,42,diffusers,none,0.0,no_shadow,story,diffusers-turbo,rembg,1.0,138.2,0.9931,34.01,0.0125,0.9479,0.9963,0.2845,0.9084
can_heyday,beverage,plain,42,diffusers,none,0.0,no_shadow,banner,diffusers-turbo,rembg,1.0,138.2,0.9947,36.16,0.0088,0.9604,0.9979,0.06,0.9269
can_heyday,beverage,plain,42,diffusers,none,0.0,no_rim,square,diffusers-turbo,rembg,1.0,138.2,0.9948,35.28,0.0105,0.9506,0.9966,0.6929,0.9232
can_heyday,beverage,plain,42,diffusers,none,0.0,no_rim,story,diffusers-turbo,rembg,1.0,138.2,0.994,34.01,0.0126,0.9434,0.9963,0.5471,0.9086
can_heyday,beverage,plain,42,diffusers,none,0.0,no_rim,banner,diffusers-turbo,rembg,1.0,138.2,0.9953,36.16,0.009,0.9578,0.9979,0.3451,0.9228
can_heyday,beverage,plain,42,diffusers,none,0.0,no_brand,square,diffusers-turbo,rembg,1.0,138.2,0.9932,34.27,0.0126,0.9482,0.997,0.4053,0.9317
can_heyday,beverage,plain,42,diffusers,none,0.0,no_brand,story,diffusers-turbo,rembg,1.0,138.2,0.9934,34.32,0.0122,0.949,0.997,0.3785,0.9172
can_heyday,beverage,plain,42,diffusers,none,0.0,no_brand,banner,diffusers-turbo,rembg,1.0,138.2,0.9941,35.33,0.0103,0.9557,0.9968,0.0629,0.932
can_heyday,beverage,plain,42,diffusers,none,0.0,no_coord,square,diffusers-turbo,rembg,1.0,138.2,0.9919,32.64,0.0159,0.9404,0.9967,0.1841,0.9397
can_heyday,beverage,plain,42,diffusers,none,0.0,no_coord,story,diffusers-turbo,rembg,1.0,138.2,0.9919,32.58,0.0162,0.9394,0.9967,0.2521,0.9282
can_heyday,beverage,plain,42,diffusers,none,0.0,no_coord,banner,diffusers-turbo,rembg,1.0,138.2,0.9927,33.47,0.014,0.9458,0.9966,0.0181,0.9436
can_heyday,beverage,plain,42,diffusers,none,0.0,naive,square,diffusers-turbo,rembg,1.0,138.2,0.9928,32.35,0.0175,0.9364,0.9967,0.3061,0.941
can_heyday,beverage,plain,42,diffusers,none,0.0,naive,story,diffusers-turbo,rembg,1.0,138.2,0.9929,32.56,0.0167,0.9358,0.9967,0.5488,0.9146
can_heyday,beverage,plain,42,diffusers,none,0.0,naive,banner,diffusers-turbo,rembg,1.0,138.2,0.9934,33.13,0.015,0.9408,0.9967,0.3041,0.934
tube_lets_talk,cosmetics,plain,42,procedural,none,0.0,no_shadow,square,procedural,rembg,1.0,23.22,0.9963,42.37,0.0049,0.9831,0.999,0.9483,0.8527
tube_lets_talk,cosmetics,plain,42,procedural,none,0.0,no_shadow,story,procedural,rembg,1.0,23.22,0.9955,41.23,0.0065,0.9735,0.9988,0.986,0.9084
tube_lets_talk,cosmetics,plain,42,procedural,none,0.0,no_shadow,banner,procedural,rembg,1.0,23.22,0.9967,43.17,0.0038,0.9883,0.9991,0.9883,0.858
tube_lets_talk,cosmetics,plain,42,procedural,none,0.0,no_rim,square,procedural,rembg,1.0,23.22,0.9965,42.37,0.0046,0.9847,0.999,0.914,0.8531
tube_lets_talk,cosmetics,plain,42,procedural,none,0.0,no_rim,story,procedural,rembg,1.0,23.22,0.9957,41.23,0.0062,0.9739,0.9988,0.9893,0.9084
tube_lets_talk,cosmetics,plain,42,procedural,none,0.0,no_rim,banner,procedural,rembg,1.0,23.22,0.9969,43.17,0.0034,0.9944,0.9991,0.991,0.8586
tube_lets_talk,cosmetics,plain,42,procedural,none,0.0,no_brand,square,procedural,rembg,1.0,23.22,0.9879,34.11,0.0235,0.9297,0.9981,0.5752,0.8817
tube_lets_talk,cosmetics,plain,42,procedural,none,0.0,no_brand,story,procedural,rembg,1.0,23.22,0.9877,33.89,0.0245,0.9282,0.9981,0.6641,0.8633
tube_lets_talk,cosmetics,plain,42,procedural,none,0.0,no_brand,banner,procedural,rembg,1.0,23.22,0.989,35.09,0.0203,0.9383,0.9981,0.564,0.8689
tube_lets_talk,cosmetics,plain,42,procedural,none,0.0,no_coord,square,procedural,rembg,1.0,23.22,0.9962,42.24,0.0048,0.9831,0.999,0.8359,0.8553
tube_lets_talk,cosmetics,plain,42,procedural,none,0.0,no_coord,story,procedural,rembg,1.0,23.22,0.9954,41.05,0.0066,0.9751,0.9988,0.9965,0.8975
tube_lets_talk,cosmetics,plain,42,procedural,none,0.0,no_coord,banner,procedural,rembg,1.0,23.22,0.996,41.86,0.0055,0.9807,0.9989,0.9968,0.9018
tube_lets_talk,cosmetics,plain,42,procedural,none,0.0,naive,square,procedural,rembg,1.0,23.22,0.9892,34.11,0.026,0.9296,0.9981,0.6563,0.8811
tube_lets_talk,cosmetics,plain,42,procedural,none,0.0,naive,story,procedural,rembg,1.0,23.22,0.989,33.89,0.027,0.9284,0.9981,0.9599,0.8632
tube_lets_talk,cosmetics,plain,42,procedural,none,0.0,naive,banner,procedural,rembg,1.0,23.22,0.9901,35.09,0.0222,0.9358,0.9981,0.936,0.8686
tube_lets_talk,cosmetics,plain,42,diffusers,none,0.0,no_shadow,square,diffusers-turbo,rembg,1.0,23.22,0.9838,30.5,0.0389,0.9141,0.9958,0.1316,0.8553
tube_lets_talk,cosmetics,plain,42,diffusers,none,0.0,no_shadow,story,diffusers-turbo,rembg,1.0,23.22,0.9833,30.08,0.0411,0.9142,0.9958,0.542,0.8252
tube_lets_talk,cosmetics,plain,42,diffusers,none,0.0,no_shadow,banner,diffusers-turbo,rembg,1.0,23.22,0.9852,31.43,0.0345,0.916,0.9964,0.1535,0.8
tube_lets_talk,cosmetics,plain,42,diffusers,none,0.0,no_rim,square,diffusers-turbo,rembg,1.0,23.22,0.9858,30.5,0.0449,0.9183,0.9958,0.9851,0.8591
tube_lets_talk,cosmetics,plain,42,diffusers,none,0.0,no_rim,story,diffusers-turbo,rembg,1.0,23.22,0.9853,30.08,0.0472,0.9181,0.9958,0.9708,0.8276
tube_lets_talk,cosmetics,plain,42,diffusers,none,0.0,no_rim,banner,diffusers-turbo,rembg,1.0,23.22,0.987,31.43,0.0395,0.9194,0.9964,0.9963,0.8006
tube_lets_talk,cosmetics,plain,42,diffusers,none,0.0,no_brand,square,diffusers-turbo,rembg,1.0,23.22,0.9834,30.26,0.0411,0.9154,0.996,0.4371,0.8489
tube_lets_talk,cosmetics,plain,42,diffusers,none,0.0,no_brand,story,diffusers-turbo,rembg,1.0,23.22,0.9837,30.42,0.0401,0.9136,0.9959,0.2835,0.8403
tube_lets_talk,cosmetics,plain,42,diffusers,none,0.0,no_brand,banner,diffusers-turbo,rembg,1.0,23.22,0.9856,31.75,0.0333,0.9178,0.9964,0.9898,0.8131
tube_lets_talk,cosmetics,plain,42,diffusers,none,0.0,no_coord,square,diffusers-turbo,rembg,1.0,23.22,0.9816,28.97,0.0466,0.917,0.9952,0.1077,0.8048
tube_lets_talk,cosmetics,plain,42,diffusers,none,0.0,no_coord,story,diffusers-turbo,rembg,1.0,23.22,0.9815,28.86,0.0468,0.9166,0.995,0.368,0.7709
tube_lets_talk,cosmetics,plain,42,diffusers,none,0.0,no_coord,banner,diffusers-turbo,rembg,1.0,23.22,0.983,29.9,0.0427,0.9152,0.9953,0.0072,0.7414
tube_lets_talk,cosmetics,plain,42,diffusers,none,0.0,naive,square,diffusers-turbo,rembg,1.0,23.22,0.9835,28.56,0.0568,0.925,0.9951,0.8643,0.7847
tube_lets_talk,cosmetics,plain,42,diffusers,none,0.0,naive,story,diffusers-turbo,rembg,1.0,23.22,0.9837,28.72,0.0556,0.9241,0.995,0.9977,0.755
tube_lets_talk,cosmetics,plain,42,diffusers,none,0.0,naive,banner,diffusers-turbo,rembg,1.0,23.22,0.9847,29.53,0.0517,0.9202,0.9951,0.9988,0.7219
smartphone_blank,electronics,plain,42,procedural,none,0.0,no_shadow,square,procedural,rembg,1.0,137.94,0.987,30.66,0.0077,0.9776,0.9999,0.1603,0.9171
smartphone_blank,electronics,plain,42,procedural,none,0.0,no_shadow,story,procedural,rembg,1.0,137.94,0.987,30.61,0.0078,0.9795,0.9999,0.2641,0.9057
smartphone_blank,electronics,plain,42,procedural,none,0.0,no_shadow,banner,procedural,rembg,1.0,137.94,0.9882,31.74,0.0059,0.9842,0.9999,0.0472,0.9197
smartphone_blank,electronics,plain,42,procedural,none,0.0,no_rim,square,procedural,rembg,1.0,137.94,0.9879,30.67,0.0083,0.9777,0.9999,0.9432,0.8962
smartphone_blank,electronics,plain,42,procedural,none,0.0,no_rim,story,procedural,rembg,1.0,137.94,0.9879,30.62,0.0083,0.9796,0.9999,0.9998,0.893
smartphone_blank,electronics,plain,42,procedural,none,0.0,no_rim,banner,procedural,rembg,1.0,137.94,0.989,31.75,0.0061,0.9846,0.9999,0.8729,0.9039
smartphone_blank,electronics,plain,42,procedural,none,0.0,no_brand,square,procedural,rembg,1.0,137.94,0.9932,37.3,0.0018,0.98,0.9999,0.9999,0.9185
smartphone_blank,electronics,plain,42,procedural,none,0.0,no_brand,story,procedural,rembg,1.0,137.94,0.9931,36.89,0.0019,0.9802,0.9999,0.9808,0.9567
smartphone_blank,electronics,plain,42,procedural,none,0.0,no_brand,banner,procedural,rembg,1.0,137.94,0.9936,38.08,0.003,0.9798,1.0,0.8737,0.9477
smartphone_blank,electronics,plain,42,procedural,none,0.0,no_coord,square,procedural,rembg,1.0,137.94,0.987,30.75,0.0073,0.9796,0.9999,0.4814,0.9029
smartphone_blank,electronics,plain,42,procedural,none,0.0,no_coord,story,procedural,rembg,1.0,137.94,0.9871,30.71,0.0074,0.9805,0.9999,0.1778,0.9031
smartphone_blank,electronics,plain,42,procedural,none,0.0,no_coord,banner,procedural,rembg,1.0,137.94,0.9883,31.84,0.0056,0.9833,0.9999,0.6795,0.902
smartphone_blank,electronics,plain,42,procedural,none,0.0,naive,square,procedural,rembg,1.0,137.94,0.9934,37.29,0.0018,0.9804,0.9999,0.8312,0.9246
smartphone_blank,electronics,plain,42,procedural,none,0.0,naive,story,procedural,rembg,1.0,137.94,0.9933,36.88,0.0019,0.9805,0.9999,0.914,0.9525
smartphone_blank,electronics,plain,42,procedural,none,0.0,naive,banner,procedural,rembg,1.0,137.94,0.9938,38.07,0.003,0.9802,1.0,0.8858,0.9481
smartphone_blank,electronics,plain,42,diffusers,none,0.0,no_shadow,square,diffusers-turbo,rembg,1.0,137.94,0.99,33.29,0.004,0.9828,0.9999,0.8389,0.876
smartphone_blank,electronics,plain,42,diffusers,none,0.0,no_shadow,story,diffusers-turbo,rembg,1.0,137.94,0.9895,32.85,0.0045,0.9842,0.9999,0.6322,0.8587
smartphone_blank,electronics,plain,42,diffusers,none,0.0,no_shadow,banner,diffusers-turbo,rembg,1.0,137.94,0.9917,34.73,0.0036,0.982,0.9999,0.1453,0.8614
smartphone_blank,electronics,plain,42,diffusers,none,0.0,no_rim,square,diffusers-turbo,rembg,1.0,137.94,0.9906,33.3,0.0043,0.9846,0.9999,0.9997,0.8761
smartphone_blank,electronics,plain,42,diffusers,none,0.0,no_rim,story,diffusers-turbo,rembg,1.0,137.94,0.9902,32.86,0.0047,0.9852,0.9999,0.6067,0.8675
smartphone_blank,electronics,plain,42,diffusers,none,0.0,no_rim,banner,diffusers-turbo,rembg,1.0,137.94,0.992,34.73,0.0037,0.9829,0.9999,0.5032,0.855
smartphone_blank,electronics,plain,42,diffusers,none,0.0,no_brand,square,diffusers-turbo,rembg,1.0,137.94,0.9897,33.16,0.0042,0.9835,0.9999,0.9058,0.8537
smartphone_blank,electronics,plain,42,diffusers,none,0.0,no_brand,story,diffusers-turbo,rembg,1.0,137.94,0.9898,33.12,0.0043,0.9839,0.9999,0.7397,0.8777
smartphone_blank,electronics,plain,42,diffusers,none,0.0,no_brand,banner,diffusers-turbo,rembg,1.0,137.94,0.9912,34.56,0.0031,0.9816,0.9999,0.9832,0.8554
smartphone_blank,electronics,plain,42,diffusers,none,0.0,no_coord,square,diffusers-turbo,rembg,1.0,137.94,0.988,31.51,0.0059,0.9806,0.9999,0.6252,0.8811
smartphone_blank,electronics,plain,42,diffusers,none,0.0,no_coord,story,diffusers-turbo,rembg,1.0,137.94,0.9878,31.37,0.0062,0.981,0.9999,0.3589,0.8854
smartphone_blank,electronics,plain,42,diffusers,none,0.0,no_coord,banner,diffusers-turbo,rembg,1.0,137.94,0.9893,32.67,0.0047,0.9837,0.9999,0.6779,0.8573
smartphone_blank,electronics,plain,42,diffusers,none,0.0,naive,square,diffusers-turbo,rembg,1.0,137.94,0.9884,31.13,0.0073,0.9796,0.9999,0.913,0.8783
smartphone_blank,electronics,plain,42,diffusers,none,0.0,naive,story,diffusers-turbo,rembg,1.0,137.94,0.9886,31.28,0.007,0.9802,0.9999,0.9966,0.8938
smartphone_blank,electronics,plain,42,diffusers,none,0.0,naive,banner,diffusers-turbo,rembg,1.0,137.94,0.9894,32.06,0.0058,0.9839,0.9999,0.9919,0.8934
mug_enamel,homeware,plain,42,procedural,none,0.0,no_shadow,square,procedural,rembg,1.0,71.41,0.9849,31.52,0.0408,0.8471,0.9995,0.4388,0.9633
mug_enamel,homeware,plain,42,procedural,none,0.0,no_shadow,story,procedural,rembg,1.0,71.41,0.9857,31.88,0.0386,0.85,0.9995,0.1034,0.9619
mug_enamel,homeware,plain,42,procedural,none,0.0,no_shadow,banner,procedural,rembg,1.0,71.41,0.9872,32.81,0.0333,0.8603,0.9995,0.6341,0.9678
mug_enamel,homeware,plain,42,procedural,none,0.0,no_rim,square,procedural,rembg,1.0,71.41,0.9863,31.62,0.048,0.8355,0.9995,0.976,0.9684
mug_enamel,homeware,plain,42,procedural,none,0.0,no_rim,story,procedural,rembg,1.0,71.41,0.987,31.99,0.0452,0.8376,0.9995,0.4201,0.9661
mug_enamel,homeware,plain,42,procedural,none,0.0,no_rim,banner,procedural,rembg,1.0,71.41,0.9885,32.93,0.0399,0.8476,0.9995,0.828,0.9623
mug_enamel,homeware,plain,42,procedural,none,0.0,no_brand,square,procedural,rembg,1.0,71.41,0.9962,39.23,0.0073,0.9473,0.9998,0.9906,0.9074
mug_enamel,homeware,plain,42,procedural,none,0.0,no_brand,story,procedural,rembg,1.0,71.41,0.9961,38.95,0.0077,0.9461,0.9998,0.534,0.8983
mug_enamel,homeware,plain,42,procedural,none,0.0,no_brand,banner,procedural,rembg,1.0,71.41,0.9968,39.83,0.0057,0.9584,0.9998,0.7434,0.9045
mug_enamel,homeware,plain,42,procedural,none,0.0,no_coord,square,procedural,rembg,1.0,71.41,0.9849,31.81,0.0391,0.8402,0.9995,0.7854,0.9793
mug_enamel,homeware,plain,42,procedural,none,0.0,no_coord,story,procedural,rembg,1.0,71.41,0.9861,32.29,0.0361,0.8489,0.9995,0.4477,0.9651
mug_enamel,homeware,plain,42,procedural,none,0.0,no_coord,banner,procedural,rembg,1.0,71.41,0.9876,33.13,0.0303,0.8597,0.9996,0.9828,0.9642
mug_enamel,homeware,plain,42,procedural,none,0.0,naive,square,procedural,rembg,1.0,71.41,0.9964,39.04,0.0081,0.9381,0.9998,0.938,0.9131
mug_enamel,homeware,plain,42,procedural,none,0.0,naive,story,procedural,rembg,1.0,71.41,0.9963,38.76,0.0085,0.9365,0.9998,0.8917,0.9034
mug_enamel,homeware,plain,42,procedural,none,0.0,naive,banner,procedural,rembg,1.0,71.41,0.997,39.63,0.0065,0.9458,0.9998,0.8877,0.9115
mug_enamel,homeware,plain,42,diffusers,none,0.0,no_shadow,square,diffusers-turbo,rembg,1.0,71.41,0.9902,34.0,0.0217,0.8842,0.9997,0.9516,0.9188
mug_enamel,homeware,plain,42,diffusers,none,0.0,no_shadow,story,diffusers-turbo,rembg,1.0,71.41,0.9901,34.07,0.023,0.8855,0.9996,0.9451,0.9254
mug_enamel,homeware,plain,42,diffusers,none,0.0,no_shadow,banner,diffusers-turbo,rembg,1.0,71.41,0.993,35.61,0.0134,0.9147,0.9998,0.9569,0.922
mug_enamel,homeware,plain,42,diffusers,none,0.0,no_rim,square,diffusers-turbo,rembg,1.0,71.41,0.9915,34.12,0.0262,0.8708,0.9997,0.9929,0.9209
mug_enamel,homeware,plain,42,diffusers,none,0.0,no_rim,story,diffusers-turbo,rembg,1.0,71.41,0.9911,34.2,0.0262,0.8702,0.9996,0.9164,0.9232
mug_enamel,homeware,plain,42,diffusers,none,0.0,no_rim,banner,diffusers-turbo,rembg,1.0,71.41,0.9937,35.77,0.0162,0.8972,0.9998,0.9786,0.9281
mug_enamel,homeware,plain,42,diffusers,none,0.0,no_brand,square,diffusers-turbo,rembg,1.0,71.41,0.9895,33.72,0.0242,0.8738,0.9996,0.9684,0.9221
mug_enamel,homeware,plain,42,diffusers,none,0.0,no_brand,story,diffusers-turbo,rembg,1.0,71.41,0.99,34.08,0.023,0.8829,0.9996,0.8565,0.9205
mug_enamel,homeware,plain,42,diffusers,none,0.0,no_brand,banner,diffusers-turbo,rembg,1.0,71.41,0.9913,34.72,0.019,0.894,0.9997,0.9664,0.9185
mug_enamel,homeware,plain,42,diffusers,none,0.0,no_coord,square,diffusers-turbo,rembg,1.0,71.41,0.9855,31.68,0.0344,0.8378,0.9995,0.9915,0.9404
mug_enamel,homeware,plain,42,diffusers,none,0.0,no_coord,story,diffusers-turbo,rembg,1.0,71.41,0.9852,31.61,0.0355,0.8397,0.9995,0.9035,0.9283
mug_enamel,homeware,plain,42,diffusers,none,0.0,no_coord,banner,diffusers-turbo,rembg,1.0,71.41,0.9884,33.15,0.0248,0.867,0.9997,0.9904,0.9415
mug_enamel,homeware,plain,42,diffusers,none,0.0,naive,square,diffusers-turbo,rembg,1.0,71.41,0.9862,31.08,0.0467,0.8252,0.9995,0.9965,0.9428
mug_enamel,homeware,plain,42,diffusers,none,0.0,naive,story,diffusers-turbo,rembg,1.0,71.41,0.9865,31.31,0.0444,0.8276,0.9995,0.9985,0.9336
mug_enamel,homeware,plain,42,diffusers,none,0.0,naive,banner,diffusers-turbo,rembg,1.0,71.41,0.9876,31.81,0.0402,0.8346,0.9995,0.9607,0.9422
camera_mirrorless,electronics,plain,42,procedural,none,0.0,no_shadow,square,procedural,rembg,1.0,119.32,0.9894,37.08,0.0244,0.9831,0.9995,0.9109,0.9085
camera_mirrorless,electronics,plain,42,procedural,none,0.0,no_shadow,story,procedural,rembg,1.0,119.32,0.99,37.26,0.0233,0.9842,0.9996,0.0745,0.9095
camera_mirrorless,electronics,plain,42,procedural,none,0.0,no_shadow,banner,procedural,rembg,1.0,119.32,0.9898,37.19,0.0238,0.9841,0.9996,0.0659,0.9075
camera_mirrorless,electronics,plain,42,procedural,none,0.0,no_rim,square,procedural,rembg,1.0,119.32,0.9915,37.08,0.0293,0.9836,0.9995,0.9798,0.9115
camera_mirrorless,electronics,plain,42,procedural,none,0.0,no_rim,story,procedural,rembg,1.0,119.32,0.9919,37.26,0.028,0.9846,0.9996,0.0689,0.9104
camera_mirrorless,electronics,plain,42,procedural,none,0.0,no_rim,banner,procedural,rembg,1.0,119.32,0.9918,37.19,0.0287,0.9845,0.9996,0.0649,0.906
camera_mirrorless,electronics,plain,42,procedural,none,0.0,no_brand,square,procedural,rembg,1.0,119.32,0.9788,35.79,0.0447,0.9776,0.9992,0.0055,0.9322
camera_mirrorless,electronics,plain,42,procedural,none,0.0,no_brand,story,procedural,rembg,1.0,119.32,0.978,35.53,0.0458,0.9774,0.9981,0.8393,0.9328
camera_mirrorless,electronics,plain,42,procedural,none,0.0,no_brand,banner,procedural,rembg,1.0,119.32,0.9851,36.34,0.0414,0.9811,0.9994,0.7586,0.9363
camera_mirrorless,electronics,plain,42,procedural,none,0.0,no_coord,square,procedural,rembg,1.0,119.32,0.9892,36.99,0.0241,0.9825,0.9995,0.9417,0.9102
camera_mirrorless,electronics,plain,42,procedural,none,0.0,no_coord,story,procedural,rembg,1.0,119.32,0.9898,37.24,0.0229,0.9838,0.9995,0.0309,0.9108
camera_mirrorless,electronics,plain,42,procedural,none,0.0,no_coord,banner,procedural,rembg,1.0,119.32,0.9896,37.16,0.0233,0.9834,0.9995,0.0255,0.9093
camera_mirrorless,electronics,plain,42,procedural,none,0.0,naive,square,procedural,rembg,1.0,119.32,0.9809,35.78,0.0553,0.9783,0.9992,0.0014,0.9326
camera_mirrorless,electronics,plain,42,procedural,none,0.0,naive,story,procedural,rembg,1.0,119.32,0.9802,35.52,0.0563,0.9782,0.9981,0.9955,0.9303
camera_mirrorless,electronics,plain,42,procedural,none,0.0,naive,banner,procedural,rembg,1.0,119.32,0.987,36.33,0.051,0.9819,0.9994,0.8266,0.9257
camera_mirrorless,electronics,plain,42,diffusers,none,0.0,no_shadow,square,diffusers-turbo,rembg,1.0,119.32,0.9748,32.48,0.0571,0.9722,0.9973,0.825,0.8886
camera_mirrorless,electronics,plain,42,diffusers,none,0.0,no_shadow,story,diffusers-turbo,rembg,1.0,119.32,0.9711,31.34,0.0661,0.9662,0.9967,0.6256,0.8703
camera_mirrorless,electronics,plain,42,diffusers,none,0.0,no_shadow,banner,diffusers-turbo,rembg,1.0,119.32,0.9787,33.52,0.0526,0.9725,0.9984,0.1959,0.8678
camera_mirrorless,electronics,plain,42,diffusers,none,0.0,no_rim,square,diffusers-turbo,rembg,1.0,119.32,0.9778,32.48,0.0752,0.9749,0.9973,0.795,0.8811
camera_mirrorless,electronics,plain,42,diffusers,none,0.0,no_rim,story,diffusers-turbo,rembg,1.0,119.32,0.9745,31.34,0.0858,0.9688,0.9967,0.9756,0.8715
camera_mirrorless,electronics,plain,42,diffusers,none,0.0,no_rim,banner,diffusers-turbo,rembg,1.0,119.32,0.981,33.53,0.0655,0.9741,0.9984,0.5798,0.867
camera_mirrorless,electronics,plain,42,diffusers,none,0.0,no_brand,square,diffusers-turbo,rembg,1.0,119.32,0.9703,30.96,0.0659,0.9674,0.9969,0.706,0.863
camera_mirrorless,electronics,plain,42,diffusers,none,0.0,no_brand,story,diffusers-turbo,rembg,1.0,119.32,0.971,31.3,0.0658,0.9664,0.9968,0.7872,0.8724
camera_mirrorless,electronics,plain,42,diffusers,none,0.0,no_brand,banner,diffusers-turbo,rembg,1.0,119.32,0.9723,31.81,0.062,0.9698,0.9967,0.9732,0.8615
camera_mirrorless,electronics,plain,42,diffusers,none,0.0,no_coord,square,diffusers-turbo,rembg,1.0,119.32,0.9673,29.32,0.0757,0.9677,0.9966,0.4913,0.8319
camera_mirrorless,electronics,plain,42,diffusers,none,0.0,no_coord,story,diffusers-turbo,rembg,1.0,119.32,0.9673,29.37,0.0761,0.9683,0.9964,0.2122,0.8176
camera_mirrorless,electronics,plain,42,diffusers,none,0.0,no_coord,banner,diffusers-turbo,rembg,1.0,119.32,0.9688,30.13,0.0739,0.9678,0.9967,0.2745,0.8094
camera_mirrorless,electronics,plain,42,diffusers,none,0.0,naive,square,diffusers-turbo,rembg,1.0,119.32,0.9705,28.92,0.1029,0.971,0.9966,0.3114,0.8113
camera_mirrorless,electronics,plain,42,diffusers,none,0.0,naive,story,diffusers-turbo,rembg,1.0,119.32,0.9708,29.16,0.1013,0.9714,0.9965,0.9846,0.789
camera_mirrorless,electronics,plain,42,diffusers,none,0.0,naive,banner,diffusers-turbo,rembg,1.0,119.32,0.9716,29.54,0.0995,0.9702,0.9966,0.9861,0.7679
perfume_fire,fragrance,scene,42,procedural,none,0.0,no_shadow,square,procedural,rembg,0.1448,10.61,0.9965,32.68,0.0117,0.9956,0.9993,0.0038,0.9384
perfume_fire,fragrance,scene,42,procedural,none,0.0,no_shadow,story,procedural,rembg,0.1448,10.61,0.997,33.69,0.0096,0.9954,0.9993,0.0131,0.9494
perfume_fire,fragrance,scene,42,procedural,none,0.0,no_shadow,banner,procedural,rembg,0.1448,10.61,0.9969,33.5,0.0101,0.9956,0.9993,0.0098,0.9598
perfume_fire,fragrance,scene,42,procedural,none,0.0,no_rim,square,procedural,rembg,0.1448,10.61,0.9967,32.68,0.012,1.0,0.9993,0.0,0.9399
perfume_fire,fragrance,scene,42,procedural,none,0.0,no_rim,story,procedural,rembg,0.1448,10.61,0.9972,33.69,0.0098,1.0,0.9993,0.0138,0.9491
perfume_fire,fragrance,scene,42,procedural,none,0.0,no_rim,banner,procedural,rembg,0.1448,10.61,0.9971,33.5,0.0102,1.0,0.9993,0.011,0.961
perfume_fire,fragrance,scene,42,procedural,none,0.0,no_brand,square,procedural,rembg,0.1448,10.61,0.9961,38.32,0.0075,0.9468,0.9995,0.2671,0.9561
perfume_fire,fragrance,scene,42,procedural,none,0.0,no_brand,story,procedural,rembg,0.1448,10.61,0.9958,37.89,0.0082,0.9432,0.9995,0.0821,0.9409
perfume_fire,fragrance,scene,42,procedural,none,0.0,no_brand,banner,procedural,rembg,0.1448,10.61,0.9965,38.73,0.0072,0.9535,0.9995,0.8403,0.9573
perfume_fire,fragrance,scene,42,procedural,none,0.0,no_coord,square,procedural,rembg,0.1448,10.61,0.9964,32.7,0.0113,0.9964,0.9993,0.0012,0.9423
perfume_fire,fragrance,scene,42,procedural,none,0.0,no_coord,story,procedural,rembg,0.1448,10.61,0.997,33.68,0.0097,0.9958,0.9994,0.0,0.9514
perfume_fire,fragrance,scene,42,procedural,none,0.0,no_coord,banner,procedural,rembg,0.1448,10.61,0.9969,33.51,0.0099,0.9961,0.9993,0.0104,0.9596
perfume_fire,fragrance,scene,42,procedural,none,0.0,naive,square,procedural,rembg,0.1448,10.61,0.9964,38.32,0.0086,0.919,0.9995,0.2462,0.9564
perfume_fire,fragrance,scene,42,procedural,none,0.0,naive,story,procedural,rembg,0.1448,10.61,0.9961,37.89,0.0094,0.9179,0.9995,0.182,0.9421
perfume_fire,fragrance,scene,42,procedural,none,0.0,naive,banner,procedural,rembg,0.1448,10.61,0.9968,38.73,0.0081,0.9282,0.9995,0.9695,0.9573
perfume_fire,fragrance,scene,42,diffusers,none,0.0,no_shadow,square,diffusers-turbo,rembg,0.1448,10.61,0.9911,32.97,0.0168,0.9007,0.997,0.2193,0.9283
perfume_fire,fragrance,scene,42,diffusers,none,0.0,no_shadow,story,diffusers-turbo,rembg,0.1448,10.61,0.9891,31.29,0.0209,0.8928,0.996,0.2056,0.9164
perfume_fire,fragrance,scene,42,diffusers,none,0.0,no_shadow,banner,diffusers-turbo,rembg,0.1448,10.61,0.9918,33.38,0.0161,0.91,0.9982,0.5166,0.9217
perfume_fire,fragrance,scene,42,diffusers,none,0.0,no_rim,square,diffusers-turbo,rembg,0.1448,10.61,0.9927,32.97,0.0188,0.8932,0.997,0.5511,0.9283
perfume_fire,fragrance,scene,42,diffusers,none,0.0,no_rim,story,diffusers-turbo,rembg,0.1448,10.61,0.9912,31.29,0.0238,0.8866,0.996,0.4609,0.9172
perfume_fire,fragrance,scene,42,diffusers,none,0.0,no_rim,banner,diffusers-turbo,rembg,0.1448,10.61,0.9931,33.38,0.0179,0.9014,0.9982,0.8751,0.9224
perfume_fire,fragrance,scene,42,diffusers,none,0.0,no_brand,square,diffusers-turbo,rembg,0.1448,10.61,0.9892,31.57,0.0212,0.885,0.9963,0.1354,0.9356
perfume_fire,fragrance,scene,42,diffusers,none,0.0,no_brand,story,diffusers-turbo,rembg,0.1448,10.61,0.9897,31.89,0.0204,0.8964,0.996,0.1594,0.9368
perfume_fire,fragrance,scene,42,diffusers,none,0.0,no_brand,banner,diffusers-turbo,rembg,0.1448,10.61,0.9906,32.44,0.0185,0.9008,0.9968,0.4254,0.926
perfume_fire,fragrance,scene,42,diffusers,none,0.0,no_coord,square,diffusers-turbo,rembg,0.1448,10.61,0.9867,29.24,0.0286,0.8718,0.9953,0.0182,0.8997
perfume_fire,fragrance,scene,42,diffusers,none,0.0,no_coord,story,diffusers-turbo,rembg,0.1448,10.61,0.9868,29.33,0.0277,0.8769,0.9953,0.1229,0.8859
perfume_fire,fragrance,scene,42,diffusers,none,0.0,no_coord,banner,diffusers-turbo,rembg,0.1448,10.61,0.9878,29.96,0.0263,0.8854,0.9954,0.2918,0.8867
perfume_fire,fragrance,scene,42,diffusers,none,0.0,naive,square,diffusers-turbo,rembg,0.1448,10.61,0.9893,28.88,0.035,0.8816,0.9951,0.9966,0.8969
perfume_fire,fragrance,scene,42,diffusers,none,0.0,naive,story,diffusers-turbo,rembg,0.1448,10.61,0.9896,29.28,0.033,0.8797,0.9953,0.829,0.8865
perfume_fire,fragrance,scene,42,diffusers,none,0.0,naive,banner,diffusers-turbo,rembg,0.1448,10.61,0.9899,29.56,0.0313,0.8784,0.9951,0.8668,0.8745
perfume_dark,fragrance,scene,42,procedural,none,0.0,no_shadow,square,procedural,rembg,1.0,21.25,0.9988,44.28,0.0021,1.0,0.9996,0.0022,0.9471
perfume_dark,fragrance,scene,42,procedural,none,0.0,no_shadow,story,procedural,rembg,1.0,21.25,0.9982,44.36,0.003,1.0,0.9995,0.0006,0.9607
perfume_dark,fragrance,scene,42,procedural,none,0.0,no_shadow,banner,procedural,rembg,1.0,21.25,0.9985,44.53,0.0025,1.0,0.9996,0.0005,0.9634
perfume_dark,fragrance,scene,42,procedural,none,0.0,no_rim,square,procedural,rembg,1.0,21.25,0.9988,44.28,0.002,1.0,0.9996,0.0837,0.9474
perfume_dark,fragrance,scene,42,procedural,none,0.0,no_rim,story,procedural,rembg,1.0,21.25,0.9982,44.36,0.003,1.0,0.9995,0.0001,0.9604
perfume_dark,fragrance,scene,42,procedural,none,0.0,no_rim,banner,procedural,rembg,1.0,21.25,0.9985,44.53,0.0025,1.0,0.9996,0.0012,0.9625
perfume_dark,fragrance,scene,42,procedural,none,0.0,no_brand,square,procedural,rembg,1.0,21.25,0.9869,31.68,0.0179,0.9994,0.9913,0.8736,0.9306
perfume_dark,fragrance,scene,42,procedural,none,0.0,no_brand,story,procedural,rembg,1.0,21.25,0.9867,31.47,0.0182,0.9991,0.9913,0.8174,0.9247
perfume_dark,fragrance,scene,42,procedural,none,0.0,no_brand,banner,procedural,rembg,1.0,21.25,0.9875,32.19,0.0168,0.9994,0.9918,0.9183,0.9252
perfume_dark,fragrance,scene,42,procedural,none,0.0,no_coord,square,procedural,rembg,1.0,21.25,0.9981,43.07,0.0034,1.0,0.9995,0.1042,0.9486
perfume_dark,fragrance,scene,42,procedural,none,0.0,no_coord,story,procedural,rembg,1.0,21.25,0.9974,42.98,0.0043,1.0,0.9993,0.1155,0.9596
perfume_dark,fragrance,scene,42,procedural,none,0.0,no_coord,banner,procedural,rembg,1.0,21.25,0.9978,43.41,0.0037,1.0,0.9994,0.1024,0.9568
perfume_dark,fragrance,scene,42,procedural,none,0.0,naive,square,procedural,rembg,1.0,21.25,0.9881,31.68,0.0198,0.9993,0.9913,0.8466,0.9263
perfume_dark,fragrance,scene,42,procedural,none,0.0,naive,story,procedural,rembg,1.0,21.25,0.9879,31.47,0.0202,0.9991,0.9913,0.805,0.9189
perfume_dark,fragrance,scene,42,procedural,none,0.0,naive,banner,procedural,rembg,1.0,21.25,0.9887,32.19,0.0187,0.9993,0.9918,0.9232,0.9234
perfume_dark,fragrance,scene,42,diffusers,none,0.0,no_shadow,square,diffusers-turbo,rembg,1.0,21.25,0.9842,29.03,0.025,0.9984,0.9849,0.8494,0.8791
perfume_dark,fragrance,scene,42,diffusers,none,0.0,no_shadow,story,diffusers-turbo,rembg,1.0,21.25,0.9824,27.6,0.0279,0.9981,0.9834,0.9064,0.8427
perfume_dark,fragrance,scene,42,diffusers,none,0.0,no_shadow,banner,diffusers-turbo,rembg,1.0,21.25,0.9848,29.39,0.0234,0.9985,0.9867,0.9997,0.8751
perfume_dark,fragrance,scene,42,diffusers,none,0.0,no_rim,square,diffusers-turbo,rembg,1.0,21.25,0.9858,29.03,0.0287,0.9982,0.9849,0.8183,0.8465
perfume_dark,fragrance,scene,42,diffusers,none,0.0,no_rim,story,diffusers-turbo,rembg,1.0,21.25,0.9841,27.6,0.0323,0.9978,0.9834,0.8962,0.8409
perfume_dark,fragrance,scene,42,diffusers,none,0.0,no_rim,banner,diffusers-turbo,rembg,1.0,21.25,0.9863,29.39,0.0265,0.9983,0.9867,0.9965,0.8751
perfume_dark,fragrance,scene,42,diffusers,none,0.0,no_brand,square,diffusers-turbo,rembg,1.0,21.25,0.9827,27.97,0.0283,0.9981,0.9837,0.8851,0.8596
perfume_dark,fragrance,scene,42,diffusers,none,0.0,no_brand,story,diffusers-turbo,rembg,1.0,21.25,0.9829,28.02,0.0273,0.9981,0.9835,0.7206,0.8479
perfume_dark,fragrance,scene,42,diffusers,none,0.0,no_brand,banner,diffusers-turbo,rembg,1.0,21.25,0.9837,28.57,0.0261,0.9983,0.9845,0.9956,0.8898
perfume_dark,fragrance,scene,42,diffusers,none,0.0,no_coord,square,diffusers-turbo,rembg,1.0,21.25,0.9808,26.48,0.032,0.9972,0.9809,0.9654,0.8848
perfume_dark,fragrance,scene,42,diffusers,none,0.0,no_coord,story,diffusers-turbo,rembg,1.0,21.25,0.9807,26.34,0.0318,0.9971,0.9803,0.9617,0.8861
perfume_dark,fragrance,scene,42,diffusers,none,0.0,no_coord,banner,diffusers-turbo,rembg,1.0,21.25,0.9817,27.03,0.0306,0.9974,0.9816,0.9789,0.8839
perfume_dark,fragrance,scene,42,diffusers,none,0.0,naive,square,diffusers-turbo,rembg,1.0,21.25,0.9822,26.12,0.0386,0.9966,0.9804,0.9807,0.8919
perfume_dark,fragrance,scene,42,diffusers,none,0.0,naive,story,diffusers-turbo,rembg,1.0,21.25,0.9824,26.24,0.0379,0.9969,0.9803,0.9716,0.8798
perfume_dark,fragrance,scene,42,diffusers,none,0.0,naive,banner,diffusers-turbo,rembg,1.0,21.25,0.9829,26.6,0.037,0.9971,0.981,0.9988,0.8809
earbuds_black,electronics,scene,42,procedural,none,0.0,no_shadow,square,procedural,rembg,1.0,60.02,0.9965,39.91,0.0078,0.9788,0.9998,0.2604,0.944
earbuds_black,electronics,scene,42,procedural,none,0.0,no_shadow,story,procedural,rembg,1.0,60.02,0.9968,40.92,0.0084,0.9841,0.9997,0.1025,0.9585
earbuds_black,electronics,scene,42,procedural,none,0.0,no_shadow,banner,procedural,rembg,1.0,60.02,0.9967,40.35,0.0077,0.9805,0.9999,0.1985,0.9396
earbuds_black,electronics,scene,42,procedural,none,0.0,no_rim,square,procedural,rembg,1.0,60.02,0.9967,39.91,0.0077,0.972,0.9998,0.669,0.9417
earbuds_black,electronics,scene,42,procedural,none,0.0,no_rim,story,procedural,rembg,1.0,60.02,0.997,40.92,0.0083,0.9818,0.9997,0.3271,0.9597
earbuds_black,electronics,scene,42,procedural,none,0.0,no_rim,banner,procedural,rembg,1.0,60.02,0.9969,40.35,0.0075,0.976,0.9999,0.2635,0.9401
earbuds_black,electronics,scene,42,procedural,none,0.0,no_brand,square,procedural,rembg,1.0,60.02,0.9818,31.85,0.0367,0.9838,0.9941,0.9977,0.9265
earbuds_black,electronics,scene,42,procedural,none,0.0,no_brand,story,procedural,rembg,1.0,60.02,0.9812,31.37,0.0378,0.9835,0.994,0.9881,0.934
earbuds_black,electronics,scene,42,procedural,none,0.0,no_brand,banner,procedural,rembg,1.0,60.02,0.9825,32.13,0.0357,0.9857,0.9941,0.5964,0.9415
earbuds_black,electronics,scene,42,procedural,none,0.0,no_coord,square,procedural,rembg,1.0,60.02,0.9964,40.43,0.0064,0.9785,0.9998,0.933,0.9313
earbuds_black,electronics,scene,42,procedural,none,0.0,no_coord,story,procedural,rembg,1.0,60.02,0.997,41.68,0.0064,0.985,0.9997,0.698,0.9618
earbuds_black,electronics,scene,42,procedural,none,0.0,no_coord,banner,procedural,rembg,1.0,60.02,0.9971,41.54,0.0058,0.9841,0.9999,0.6091,0.9408
earbuds_black,electronics,scene,42,procedural,none,0.0,naive,square,procedural,rembg,1.0,60.02,0.9826,31.85,0.0383,0.9815,0.9941,0.9988,0.9432
earbuds_black,electronics,scene,42,procedural,none,0.0,naive,story,procedural,rembg,1.0,60.02,0.9821,31.37,0.0395,0.9813,0.994,0.9998,0.9259
earbuds_black,electronics,scene,42,procedural,none,0.0,naive,banner,procedural,rembg,1.0,60.02,0.9832,32.13,0.0373,0.9831,0.9941,0.597,0.9308
earbuds_black,electronics,scene,42,diffusers,none,0.0,no_shadow,square,diffusers-turbo,rembg,1.0,60.02,0.9763,28.62,0.0496,0.9745,0.9745,0.9232,0.9048
earbuds_black,electronics,scene,42,diffusers,none,0.0,no_shadow,story,diffusers-turbo,rembg,1.0,60.02,0.9745,27.54,0.0536,0.9719,0.9651,0.8845,0.8731
earbuds_black,electronics,scene,42,diffusers,none,0.0,no_shadow,banner,diffusers-turbo,rembg,1.0,60.02,0.9771,28.75,0.0489,0.9764,0.9748,0.7543,0.8812
earbuds_black,electronics,scene,42,diffusers,none,0.0,no_rim,square,diffusers-turbo,rembg,1.0,60.02,0.9779,28.62,0.0535,0.9754,0.9745,0.9999,0.9051
earbuds_black,electronics,scene,42,diffusers,none,0.0,no_rim,story,diffusers-turbo,rembg,1.0,60.02,0.9762,27.54,0.0576,0.9737,0.9651,0.9515,0.8747
earbuds_black,electronics,scene,42,diffusers,none,0.0,no_rim,banner,diffusers-turbo,rembg,1.0,60.02,0.9784,28.75,0.0523,0.9761,0.9748,0.8173,0.8796
earbuds_black,electronics,scene,42,diffusers,none,0.0,no_brand,square,diffusers-turbo,rembg,1.0,60.02,0.9752,28.2,0.0524,0.9727,0.9649,0.9908,0.9113
earbuds_black,electronics,scene,42,diffusers,none,0.0,no_brand,story,diffusers-turbo,rembg,1.0,60.02,0.9753,27.97,0.0524,0.9731,0.9649,0.9946,0.9035
earbuds_black,electronics,scene,42,diffusers,none,0.0,no_brand,banner,diffusers-turbo,rembg,1.0,60.02,0.9764,28.59,0.0497,0.9752,0.973,0.8118,0.8928
earbuds_black,electronics,scene,42,diffusers,none,0.0,no_coord,square,diffusers-turbo,rembg,1.0,60.02,0.972,26.3,0.0588,0.97,0.9657,0.8861,0.8812
earbuds_black,electronics,scene,42,diffusers,none,0.0,no_coord,story,diffusers-turbo,rembg,1.0,60.02,0.972,26.22,0.0585,0.9695,0.9657,0.8429,0.8515
earbuds_black,electronics,scene,42,diffusers,none,0.0,no_coord,banner,diffusers-turbo,rembg,1.0,60.02,0.9731,26.77,0.0565,0.9712,0.9657,0.5968,0.8468
earbuds_black,electronics,scene,42,diffusers,none,0.0,naive,square,diffusers-turbo,rembg,1.0,60.02,0.9737,26.15,0.0651,0.9729,0.9658,0.7392,0.8859
earbuds_black,electronics,scene,42,diffusers,none,0.0,naive,story,diffusers-turbo,rembg,1.0,60.02,0.974,26.27,0.0641,0.9726,0.9657,0.9429,0.8486
earbuds_black,electronics,scene,42,diffusers,none,0.0,naive,banner,diffusers-turbo,rembg,1.0,60.02,0.9746,26.59,0.0628,0.9735,0.9656,0.8188,0.8283
flask_green,drinkware,scene,42,procedural,none,0.0,no_shadow,square,procedural,rembg,1.0,28.28,0.9964,43.59,0.0057,0.996,0.9989,0.929,0.9136
flask_green,drinkware,scene,42,procedural,none,0.0,no_shadow,story,procedural,rembg,1.0,28.28,0.9956,43.58,0.0068,0.9959,0.998,0.34,0.9239
flask_green,drinkware,scene,42,procedural,none,0.0,no_shadow,banner,procedural,rembg,1.0,28.28,0.9968,43.49,0.0051,0.9967,0.9992,0.3861,0.9171
flask_green,drinkware,scene,42,procedural,none,0.0,no_rim,square,procedural,rembg,1.0,28.28,0.9961,43.59,0.0055,0.9985,0.9989,0.987,0.9138
flask_green,drinkware,scene,42,procedural,none,0.0,no_rim,story,procedural,rembg,1.0,28.28,0.9952,43.58,0.0066,0.9981,0.998,0.1932,0.9236
flask_green,drinkware,scene,42,procedural,none,0.0,no_rim,banner,procedural,rembg,1.0,28.28,0.9964,43.49,0.0051,0.9988,0.9992,0.2,0.9166
flask_green,drinkware,scene,42,procedural,none,0.0,no_brand,square,procedural,rembg,1.0,28.28,0.9756,31.41,0.0434,0.9735,0.9877,0.2948,0.9147
flask_green,drinkware,scene,42,procedural,none,0.0,no_brand,story,procedural,rembg,1.0,28.28,0.9748,31.03,0.045,0.9733,0.9873,0.2997,0.9397
flask_green,drinkware,scene,42,procedural,none,0.0,no_brand,banner,procedural,rembg,1.0,28.28,0.9772,32.2,0.0382,0.9762,0.9878,0.0363,0.9434
flask_green,drinkware,scene,42,procedural,none,0.0,no_coord,square,procedural,rembg,1.0,28.28,0.9968,44.24,0.0049,0.9954,0.9994,0.9574,0.9151
flask_green,drinkware,scene,42,procedural,none,0.0,no_coord,story,procedural,rembg,1.0,28.28,0.9959,44.14,0.0062,0.9948,0.9983,0.8843,0.9221
flask_green,drinkware,scene,42,procedural,none,0.0,no_coord,banner,procedural,rembg,1.0,28.28,0.9965,44.25,0.0054,0.9956,0.9989,0.7868,0.9175
flask_green,drinkware,scene,42,procedural,none,0.0,naive,square,procedural,rembg,1.0,28.28,0.9769,31.41,0.0457,0.971,0.9877,0.077,0.9146
flask_green,drinkware,scene,42,procedural,none,0.0,naive,story,procedural,rembg,1.0,28.28,0.9762,31.03,0.0473,0.9709,0.9873,0.6843,0.9419
flask_green,drinkware,scene,42,procedural,none,0.0,naive,banner,procedural,rembg,1.0,28.28,0.9784,32.2,0.0399,0.9741,0.9878,0.0531,0.9417
flask_green,drinkware,scene,42,diffusers,none,0.0,no_shadow,square,diffusers-turbo,rembg,1.0,28.28,0.9697,28.51,0.0567,0.9663,0.9805,0.0437,0.9011
flask_green,drinkware,scene,42,diffusers,none,0.0,no_shadow,story,diffusers-turbo,rembg,1.0,28.28,0.967,27.37,0.0648,0.9634,0.9772,0.1336,0.9148
flask_green,drinkware,scene,42,diffusers,none,0.0,no_shadow,banner,diffusers-turbo,rembg,1.0,28.28,0.9721,29.56,0.0472,0.9704,0.9828,0.1012,0.9096
flask_green,drinkware,scene,42,diffusers,none,0.0,no_rim,square,diffusers-turbo,rembg,1.0,28.28,0.9714,28.51,0.0599,0.9666,0.9805,0.2671,0.9014
flask_green,drinkware,scene,42,diffusers,none,0.0,no_rim,story,diffusers-turbo,rembg,1.0,28.28,0.9689,27.37,0.0692,0.965,0.9772,0.329,0.9157
flask_green,drinkware,scene,42,diffusers,none,0.0,no_rim,banner,diffusers-turbo,rembg,1.0,28.28,0.9737,29.56,0.0492,0.9689,0.9828,0.1866,0.901
flask_green,drinkware,scene,42,diffusers,none,0.0,no_brand,square,diffusers-turbo,rembg,1.0,28.28,0.9678,27.76,0.0672,0.9621,0.9777,0.2211,0.8965
flask_green,drinkware,scene,42,diffusers,none,0.0,no_brand,story,diffusers-turbo,rembg,1.0,28.28,0.9676,27.63,0.064,0.9637,0.9774,0.1758,0.925
flask_green,drinkware,scene,42,diffusers,none,0.0,no_brand,banner,diffusers-turbo,rembg,1.0,28.28,0.9707,29.01,0.0526,0.9687,0.9809,0.0927,0.9066
flask_green,drinkware,scene,42,diffusers,none,0.0,no_coord,square,diffusers-turbo,rembg,1.0,28.28,0.9632,25.83,0.0802,0.961,0.9752,0.1055,0.8675
flask_green,drinkware,scene,42,diffusers,none,0.0,no_coord,story,diffusers-turbo,rembg,1.0,28.28,0.9631,25.77,0.0801,0.962,0.9752,0.2231,0.8488
flask_green,drinkware,scene,42,diffusers,none,0.0,no_coord,banner,diffusers-turbo,rembg,1.0,28.28,0.9652,26.63,0.0716,0.9627,0.9761,0.0153,0.8155
flask_green,drinkware,scene,42,diffusers,none,0.0,naive,square,diffusers-turbo,rembg,1.0,28.28,0.9653,25.8,0.088,0.965,0.9752,0.1424,0.8559
flask_green,drinkware,scene,42,diffusers,none,0.0,naive,story,diffusers-turbo,rembg,1.0,28.28,0.9656,25.93,0.0853,0.965,0.9754,0.5338,0.8288
flask_green,drinkware,scene,42,diffusers,none,0.0,naive,banner,diffusers-turbo,rembg,1.0,28.28,0.9674,26.72,0.0761,0.9653,0.9763,0.2069,0.8141
flask_northland,drinkware,scene,42,procedural,none,0.0,no_shadow,square,procedural,rembg,1.0,26.41,0.9979,45.69,0.0048,0.9518,1.0,0.6084,0.9614
flask_northland,drinkware,scene,42,procedural,none,0.0,no_shadow,story,procedural,rembg,1.0,26.41,0.9973,44.8,0.007,0.94,0.9999,0.2785,0.9534
flask_northland,drinkware,scene,42,procedural,none,0.0,no_shadow,banner,procedural,rembg,1.0,26.41,0.9987,47.32,0.0029,0.9704,1.0,0.8821,0.9571
flask_northland,drinkware,scene,42,procedural,none,0.0,no_rim,square,procedural,rembg,1.0,26.41,0.998,45.69,0.0082,0.9326,1.0,0.9999,0.967
flask_northland,drinkware,scene,42,procedural,none,0.0,no_rim,story,procedural,rembg,1.0,26.41,0.9974,44.8,0.0109,0.921,0.9999,0.9777,0.9521
flask_northland,drinkware,scene,42,procedural,none,0.0,no_rim,banner,procedural,rembg,1.0,26.41,0.9988,47.32,0.0043,0.9531,1.0,0.9684,0.9688
flask_northland,drinkware,scene,42,procedural,none,0.0,no_brand,square,procedural,rembg,1.0,26.41,0.9982,46.86,0.0052,0.9524,0.9999,0.5105,0.9772
flask_northland,drinkware,scene,42,procedural,none,0.0,no_brand,story,procedural,rembg,1.0,26.41,0.9979,46.21,0.0063,0.9462,0.9999,0.2251,0.9613
flask_northland,drinkware,scene,42,procedural,none,0.0,no_brand,banner,procedural,rembg,1.0,26.41,0.9988,48.26,0.0035,0.9645,1.0,0.001,0.9722
flask_northland,drinkware,scene,42,procedural,none,0.0,no_coord,square,procedural,rembg,1.0,26.41,0.9978,45.52,0.0048,0.9552,1.0,0.8059,0.9681
flask_northland,drinkware,scene,42,procedural,none,0.0,no_coord,story,procedural,rembg,1.0,26.41,0.9973,44.83,0.0072,0.9398,0.9999,0.5529,0.9518
flask_northland,drinkware,scene,42,procedural,none,0.0,no_coord,banner,procedural,rembg,1.0,26.41,0.9984,46.87,0.0038,0.9616,1.0,0.5538,0.9657
flask_northland,drinkware,scene,42,procedural,none,0.0,naive,square,procedural,rembg,1.0,26.41,0.9983,46.86,0.0072,0.9338,0.9999,0.4821,0.9692
flask_northland,drinkware,scene,42,procedural,none,0.0,naive,story,procedural,rembg,1.0,26.41,0.998,46.21,0.0085,0.9271,0.9999,0.8076,0.9653
flask_northland,drinkware,scene,42,procedural,none,0.0,naive,banner,procedural,rembg,1.0,26.41,0.9988,48.26,0.0046,0.9489,1.0,0.9665,0.9645
flask_northland,drinkware,scene,42,diffusers,none,0.0,no_shadow,square,diffusers-turbo,rembg,1.0,26.41,0.99,37.85,0.0197,0.8448,0.9999,0.0765,0.9225
flask_northland,drinkware,scene,42,diffusers,none,0.0,no_shadow,story,diffusers-turbo,rembg,1.0,26.41,0.9895,37.39,0.0208,0.8446,0.9999,0.6348,0.9057
flask_northland,drinkware,scene,42,diffusers,none,0.0,no_shadow,banner,diffusers-turbo,rembg,1.0,26.41,0.9953,41.61,0.0092,0.9193,0.9999,0.0401,0.9258
flask_northland,drinkware,scene,42,diffusers,none,0.0,no_rim,square,diffusers-turbo,rembg,1.0,26.41,0.9911,37.85,0.0262,0.8308,0.9999,0.9989,0.9267
flask_northland,drinkware,scene,42,diffusers,none,0.0,no_rim,story,diffusers-turbo,rembg,1.0,26.41,0.9905,37.39,0.0273,0.8278,0.9999,0.965,0.9072
flask_northland,drinkware,scene,42,diffusers,none,0.0,no_rim,banner,diffusers-turbo,rembg,1.0,26.41,0.9956,41.61,0.0124,0.9009,0.9999,0.9986,0.9315
flask_northland,drinkware,scene,42,diffusers,none,0.0,no_brand,square,diffusers-turbo,rembg,1.0,26.41,0.9891,37.5,0.0225,0.8218,0.9999,0.3304,0.9204
flask_northland,drinkware,scene,42,diffusers,none,0.0,no_brand,story,diffusers-turbo,rembg,1.0,26.41,0.9894,37.47,0.0231,0.8329,0.9998,0.094,0.9235
flask_northland,drinkware,scene,42,diffusers,none,0.0,no_brand,banner,diffusers-turbo,rembg,1.0,26.41,0.9936,40.19,0.014,0.8913,0.9999,0.0425,0.9107
flask_northland,drinkware,scene,42,diffusers,none,0.0,no_coord,square,diffusers-turbo,rembg,1.0,26.41,0.9829,34.89,0.0318,0.759,0.9998,0.0658,0.9178
flask_northland,drinkware,scene,42,diffusers,none,0.0,no_coord,story,diffusers-turbo,rembg,1.0,26.41,0.9821,34.51,0.0324,0.7543,0.9997,0.1391,0.9093
flask_northland,drinkware,scene,42,diffusers,none,0.0,no_coord,banner,diffusers-turbo,rembg,1.0,26.41,0.9884,36.93,0.0238,0.8259,0.9999,0.0009,0.9169
flask_northland,drinkware,scene,42,diffusers,none,0.0,naive,square,diffusers-turbo,rembg,1.0,26.41,0.9835,34.18,0.0483,0.7368,0.9998,0.8853,0.9154
flask_northland,drinkware,scene,42,diffusers,none,0.0,naive,story,diffusers-turbo,rembg,1.0,26.41,0.9842,34.39,0.0456,0.7449,0.9998,0.8636,0.9058
flask_northland,drinkware,scene,42,diffusers,none,0.0,naive,banner,diffusers-turbo,rembg,1.0,26.41,0.9871,35.74,0.039,0.7763,0.9998,0.9907,0.8946
candle_pink,homeware,scene,42,procedural,none,0.0,no_shadow,square,procedural,rembg,1.0,20.44,0.9875,37.69,0.0263,0.907,0.9996,0.9556,0.9513
candle_pink,homeware,scene,42,procedural,none,0.0,no_shadow,story,procedural,rembg,1.0,20.44,0.9866,37.25,0.0289,0.9007,0.9996,0.8907,0.9544
candle_pink,homeware,scene,42,procedural,none,0.0,no_shadow,banner,procedural,rembg,1.0,20.44,0.9921,40.72,0.0187,0.9205,0.9998,0.9353,0.9499
candle_pink,homeware,scene,42,procedural,none,0.0,no_rim,square,procedural,rembg,1.0,20.44,0.9893,37.7,0.0343,0.9065,0.9996,0.9354,0.9383
candle_pink,homeware,scene,42,procedural,none,0.0,no_rim,story,procedural,rembg,1.0,20.44,0.9883,37.25,0.0367,0.9004,0.9996,0.9486,0.955
candle_pink,homeware,scene,42,procedural,none,0.0,no_rim,banner,procedural,rembg,1.0,20.44,0.993,40.73,0.0223,0.9107,0.9998,0.9648,0.96
candle_pink,homeware,scene,42,procedural,none,0.0,no_brand,square,procedural,rembg,1.0,20.44,0.9906,40.09,0.0186,0.9152,0.9996,0.5056,0.9124
candle_pink,homeware,scene,42,procedural,none,0.0,no_brand,story,procedural,rembg,1.0,20.44,0.9901,39.7,0.0197,0.9123,0.9996,0.5447,0.8759
candle_pink,homeware,scene,42,procedural,none,0.0,no_brand,banner,procedural,rembg,1.0,20.44,0.9921,41.33,0.0157,0.9185,0.9998,0.9839,0.894
candle_pink,homeware,scene,42,procedural,none,0.0,no_coord,square,procedural,rembg,1.0,20.44,0.9879,37.81,0.0258,0.9162,0.9995,0.8232,0.9338
candle_pink,homeware,scene,42,procedural,none,0.0,no_coord,story,procedural,rembg,1.0,20.44,0.987,37.36,0.0288,0.9105,0.9996,0.5998,0.9512
candle_pink,homeware,scene,42,procedural,none,0.0,no_coord,banner,procedural,rembg,1.0,20.44,0.9884,38.36,0.0245,0.9093,0.9996,0.8477,0.9566
candle_pink,homeware,scene,42,procedural,none,0.0,naive,square,procedural,rembg,1.0,20.44,0.9916,40.09,0.022,0.9069,0.9996,0.4264,0.8961
candle_pink,homeware,scene,42,procedural,none,0.0,naive,story,procedural,rembg,1.0,20.44,0.9911,39.69,0.0235,0.9036,0.9996,0.4137,0.8729
candle_pink,homeware,scene,42,procedural,none,0.0,naive,banner,procedural,rembg,1.0,20.44,0.9927,41.32,0.0183,0.91,0.9998,0.9926,0.8723
candle_pink,homeware,scene,42,diffusers,none,0.0,no_shadow,square,diffusers-turbo,rembg,1.0,20.44,0.982,34.84,0.0389,0.8988,0.9995,0.8673,0.9223
candle_pink,homeware,scene,42,diffusers,none,0.0,no_shadow,story,diffusers-turbo,rembg,1.0,20.44,0.9822,34.58,0.0405,0.9142,0.9994,0.0001,0.9432
candle_pink,homeware,scene,42,diffusers,none,0.0,no_shadow,banner,diffusers-turbo,rembg,1.0,20.44,0.9869,37.25,0.0304,0.9001,0.9996,0.8671,0.9493
candle_pink,homeware,scene,42,diffusers,none,0.0,no_rim,square,diffusers-turbo,rembg,1.0,20.44,0.9845,34.84,0.0496,0.9065,0.9995,0.7129,0.9186
candle_pink,homeware,scene,42,diffusers,none,0.0,no_rim,story,diffusers-turbo,rembg,1.0,20.44,0.9844,34.59,0.0504,0.9188,0.9994,0.0086,0.9435
candle_pink,homeware,scene,42,diffusers,none,0.0,no_rim,banner,diffusers-turbo,rembg,1.0,20.44,0.9883,37.25,0.0369,0.8956,0.9996,0.9613,0.9578
candle_pink,homeware,scene,42,diffusers,none,0.0,no_brand,square,diffusers-turbo,rembg,1.0,20.44,0.9821,34.83,0.0372,0.9006,0.9995,0.7264,0.9299
candle_pink,homeware,scene,42,diffusers,none,0.0,no_brand,story,diffusers-turbo,rembg,1.0,20.44,0.9825,34.97,0.0377,0.9051,0.9995,0.3164,0.931
candle_pink,homeware,scene,42,diffusers,none,0.0,no_brand,banner,diffusers-turbo,rembg,1.0,20.44,0.9849,36.44,0.0321,0.8918,0.9996,0.8761,0.9339
candle_pink,homeware,scene,42,diffusers,none,0.0,no_coord,square,diffusers-turbo,rembg,1.0,20.44,0.9776,32.83,0.0479,0.902,0.9994,0.5729,0.9205
candle_pink,homeware,scene,42,diffusers,none,0.0,no_coord,story,diffusers-turbo,rembg,1.0,20.44,0.9779,32.66,0.0488,0.9112,0.999,0.3537,0.9586
candle_pink,homeware,scene,42,diffusers,none,0.0,no_coord,banner,diffusers-turbo,rembg,1.0,20.44,0.9822,34.41,0.0415,0.9046,0.9993,0.8722,0.9496
candle_pink,homeware,scene,42,diffusers,none,0.0,naive,square,diffusers-turbo,rembg,1.0,20.44,0.9802,32.35,0.0648,0.9117,0.9989,0.9838,0.9226
candle_pink,homeware,scene,42,diffusers,none,0.0,naive,story,diffusers-turbo,rembg,1.0,20.44,0.9807,32.55,0.0639,0.9171,0.9989,0.7088,0.9596
candle_pink,homeware,scene,42,diffusers,none,0.0,naive,banner,diffusers-turbo,rembg,1.0,20.44,0.9817,33.33,0.059,0.9092,0.9994,0.934,0.9444
pouch_kraft,packaging,plain,42,procedural,none,0.0,no_shadow,square,procedural,rembg,0.6989,16.39,0.999,46.88,0.0021,0.9869,1.0,0.9971,0.9479
pouch_kraft,packaging,plain,42,procedural,none,0.0,no_shadow,story,procedural,rembg,0.6989,16.39,0.999,47.66,0.0027,0.9786,1.0,0.9999,0.9372
pouch_kraft,packaging,plain,42,procedural,none,0.0,no_shadow,banner,procedural,rembg,0.6989,16.39,0.998,42.24,0.0039,0.9981,0.9999,0.9951,0.9334
pouch_kraft,packaging,plain,42,procedural,none,0.0,no_rim,square,procedural,rembg,0.6989,16.39,0.999,46.88,0.0024,0.9783,1.0,0.9915,0.9492
pouch_kraft,packaging,plain,42,procedural,none,0.0,no_rim,story,procedural,rembg,0.6989,16.39,0.999,47.69,0.0032,0.9675,1.0,1.0,0.938
pouch_kraft,packaging,plain,42,procedural,none,0.0,no_rim,banner,procedural,rembg,0.6989,16.39,0.998,42.23,0.0038,0.9986,0.9999,0.9945,0.9328
pouch_kraft,packaging,plain,42,procedural,none,0.0,no_brand,square,procedural,rembg,0.6989,16.39,0.9978,43.98,0.0056,0.9592,1.0,0.8428,0.9641
pouch_kraft,packaging,plain,42,procedural,none,0.0,no_brand,story,procedural,rembg,0.6989,16.39,0.9975,43.45,0.0063,0.9547,1.0,0.9176,0.917
pouch_kraft,packaging,plain,42,procedural,none,0.0,no_brand,banner,procedural,rembg,0.6989,16.39,0.9982,45.09,0.0047,0.9673,1.0,0.9683,0.9351
pouch_kraft,packaging,plain,42,procedural,none,0.0,no_coord,square,procedural,rembg,0.6989,16.39,0.9985,43.63,0.0041,0.9843,0.9999,0.9282,0.9515
pouch_kraft,packaging,plain,42,procedural,none,0.0,no_coord,story,procedural,rembg,0.6989,16.39,0.9987,45.69,0.0035,0.9738,1.0,0.9053,0.9376
pouch_kraft,packaging,plain,42,procedural,none,0.0,no_coord,banner,procedural,rembg,0.6989,16.39,0.9988,45.27,0.0033,0.9824,1.0,0.9509,0.9394
pouch_kraft,packaging,plain,42,procedural,none,0.0,naive,square,procedural,rembg,0.6989,16.39,0.9978,43.95,0.006,0.9481,1.0,0.7295,0.9511
pouch_kraft,packaging,plain,42,procedural,none,0.0,naive,story,procedural,rembg,0.6989,16.39,0.9975,43.41,0.0067,0.9425,1.0,0.7062,0.9227
pouch_kraft,packaging,plain,42,procedural,none,0.0,naive,banner,procedural,rembg,0.6989,16.39,0.9981,45.05,0.0049,0.9601,1.0,0.9756,0.923
pouch_kraft,packaging,plain,42,diffusers,none,0.0,no_shadow,square,diffusers-turbo,rembg,0.6989,16.39,0.9943,38.41,0.0174,0.908,0.9999,0.9881,0.9528
pouch_kraft,packaging,plain,42,diffusers,none,0.0,no_shadow,story,diffusers-turbo,rembg,0.6989,16.39,0.9939,37.77,0.0191,0.9062,0.9999,0.7943,0.9463
pouch_kraft,packaging,plain,42,diffusers,none,0.0,no_shadow,banner,diffusers-turbo,rembg,0.6989,16.39,0.9956,39.1,0.0162,0.9276,1.0,0.9388,0.9716
pouch_kraft,packaging,plain,42,diffusers,none,0.0,no_rim,square,diffusers-turbo,rembg,0.6989,16.39,0.9944,38.43,0.0231,0.8812,0.9999,0.9497,0.9507
pouch_kraft,packaging,plain,42,diffusers,none,0.0,no_rim,story,diffusers-turbo,rembg,0.6989,16.39,0.9939,37.8,0.0242,0.8811,0.9999,0.1299,0.9439
pouch_kraft,packaging,plain,42,diffusers,none,0.0,no_rim,banner,diffusers-turbo,rembg,0.6989,16.39,0.9956,39.12,0.0181,0.9121,1.0,0.9404,0.9606
pouch_kraft,packaging,plain,42,diffusers,none,0.0,no_brand,square,diffusers-turbo,rembg,0.6989,16.39,0.9936,37.75,0.0188,0.8956,0.9999,0.9598,0.9519
pouch_kraft,packaging,plain,42,diffusers,none,0.0,no_brand,story,diffusers-turbo,rembg,0.6989,16.39,0.9937,37.71,0.0205,0.9009,0.9999,0.8526,0.9525
pouch_kraft,packaging,plain,42,diffusers,none,0.0,no_brand,banner,diffusers-turbo,rembg,0.6989,16.39,0.9957,39.96,0.0142,0.9244,1.0,0.9952,0.9382
pouch_kraft,packaging,plain,42,diffusers,none,0.0,no_coord,square,diffusers-turbo,rembg,0.6989,16.39,0.9891,34.95,0.0299,0.8573,0.9999,0.9572,0.9563
pouch_kraft,packaging,plain,42,diffusers,none,0.0,no_coord,story,diffusers-turbo,rembg,0.6989,16.39,0.9897,35.06,0.0293,0.8663,0.9999,0.982,0.9509
pouch_kraft,packaging,plain,42,diffusers,none,0.0,no_coord,banner,diffusers-turbo,rembg,0.6989,16.39,0.992,36.46,0.0244,0.8854,0.9999,0.9993,0.9398
pouch_kraft,packaging,plain,42,diffusers,none,0.0,naive,square,diffusers-turbo,rembg,0.6989,16.39,0.9889,34.52,0.0429,0.8315,0.9999,0.9941,0.9527
pouch_kraft,packaging,plain,42,diffusers,none,0.0,naive,story,diffusers-turbo,rembg,0.6989,16.39,0.9895,34.74,0.0409,0.8369,0.9999,0.9077,0.9579
pouch_kraft,packaging,plain,42,diffusers,none,0.0,naive,banner,diffusers-turbo,rembg,0.6989,16.39,0.9913,35.88,0.0359,0.8496,0.9999,0.9989,0.945
